4026531840;0;4294967295;0;0;0;2147489424;0;1299;4026531880;0;2147489428;0;f0000028000000008000169400;8d6dfa0572ea3a87b351af7d8bb0af5cfabdb3a851f574e0b3a8b7b472820063
0;0;0;0;0;0;2147489428;0;4182765807;4026531844;2147489432;2147487272;0;f00000048000169880000e2800;35f3126242b102a8651feaf451b545038c66d076523831286a113cfacd8bb9d9
4026531848;3766484992;4294967295;0;0;0;2147487272;0;4177592595;4026531848;3766484880;2147487276;0;f0000008e07fff9080000e2c00;ec28a9cabb07a598e12ba696200e107461f7c192a313e62a0a8b5b7b9c9110db
4026531848;3766484880;2;4026531844;2147489432;1;2147487276;0;101787171;3766484988;2147489432;2147487280;0;e07ffffc8000169880000e3000;d15fe28535f2debbfa1217d5569ce76d66cbc31c29909657941327681252e39c
4026531848;3766484880;2;4026531872;0;4294967295;2147487280;0;109126691;3766484984;0;2147487284;0;e07ffff80000000080000e3400;1104027e05caffe906cc5e82bfebe2999047b7a3d9036e3e231b811ea3ad4d1a
4026531848;3766484880;2;0;0;0;2147487284;0;117507091;4026531872;3766484992;2147487288;0;f0000020e080000080000e3800;7900127c38d5f92c1fad161d173e37daa1fb31097f0fcfe1fcf7656e3d550570
4026531872;3766484992;5;4026531880;0;0;2147487288;0;4171509283;3766484892;0;2147487292;0;e07fff9c0000000080000e3c00;1bce1a9bfa5c959f9a2b88a0d33f3f1997f3dad37e810c8e63a810f119789727
0;0;0;0;0;0;2147487292;0;2147485623;4026531900;2147483648;2147487296;0;f000003c8000000080000e4000;98bc7adb037082519a16957c0fd710e16a4f78ca90badb5ba92b9c249b79bb97
4026531872;3766484992;5;4026531900;2147483648;7;2147487296;0;4277413411;3766484972;2147483648;2147487300;0;e07fffec8000000080000e4400;3153d4f29370d5612d6207c988fc397dd3c91451b00a76f55954621176197fae
4026531872;3766484992;5;0;0;0;2147487300;0;4198762387;4026531900;3766484900;2147487304;0;f000003ce07fffa480000e4800;ed3f5b4538b7e979d67cd95a7654dc242785a67574c61f693e6a6a5435730002
4026531840;0;4294967295;0;0;0;2147487304;0;73401875;4026531888;70;2147487308;0;f00000300000004680000e4c00;95b57fc0f4e8f6637989726ccad65d25344d301a72cdc7d792580a5957733e07
4026531840;0;4294967295;0;0;0;2147487308;0;1427;4026531884;0;2147487312;0;f000002c0000000080000e5000;02a2798deebb603c4e19f2dda63f9f7b35bf9518034ae74344e0f2845f1e95d6
4026531900;3766484900;9;0;0;0;2147487312;0;492819;4026531880;3766484900;2147487316;0;f0000028e07fffa480000e5400;d488222d82901deb94ab7ff432e3ee70aacb7278762c292152ce50758e270de5
0;0;0;0;0;0;2147487316;0;2735730927;4026531844;2147487320;2147483780;0;f000000480000e588000008400;f8218b7d417be129fd86da910afc012e53fe69c1f19e22202edecb388552521b
4026531848;3766484880;2;0;0;0;2147483780;0;4244701459;4026531848;3766484832;2147483784;0;f0000008e07fff608000008800;55d8ac21a9bb0e115c1a31f476c8b627f2a95d2facf51c127ee17a187dab8def
4026531848;3766484832;14;4026531844;2147487320;13;2147483784;0;34678307;3766484876;2147487320;2147483788;0;e07fff8c80000e588000008c00;aac869d8177ff1bf5965d8f7f62a777eaac2cff9342e3a3401daa0cce6784c2a
4026531848;3766484832;14;4026531872;3766484992;5;2147483788;0;42017827;3766484872;3766484992;2147483792;0;e07fff88e08000008000009000;e8d0cada895af61c22c5a74d3a13ac33c33d108532facc0482a9d8e831daec25
4026531848;3766484832;14;0;0;0;2147483792;0;50398227;4026531872;3766484880;2147483796;0;f0000020e07fff908000009400;7c1e6df1560c1e4b0030453b455a39a12bb53b03d92335e53a54d9d572694e10
4026531872;3766484880;17;4026531880;3766484900;12;2147483796;0;4238618147;3766484844;3766484900;2147483800;0;e07fff6ce07fffa48000009800;11b4016edb7082e279c22168521872ee874cf808b7c0d3daa789fb236f61f87a
4026531872;3766484880;17;4026531884;0;11;2147483800;0;4239666211;3766484840;0;2147483804;0;e07fff68000000008000009c00;c4933b2bd2ba75c82bebfc536320ccd906d46a6e0a10e8d8fb0b66c36f45327c
4026531872;3766484880;17;4026531888;70;10;2147483804;0;4240714275;3766484836;70;2147483808;0;e07fff6400000046800000a000;c7ebd24f3ce33c499dcad15c6d0fa5884b46513755325d6e98d2f32da5534683
4026531872;3766484880;17;3766484844;3766484900;18;2147483808;0;4257490819;4026531900;3766484900;2147483812;0;f000003ce07fffa4800000a400;15627e23a68a2ef1595ccc1a4648ee73aa4797631f9c76a33f21b5a19ad0b3ae
4026531872;3766484880;17;4026531900;3766484900;21;2147483812;0;4277412899;3766484856;3766484900;2147483816;0;e07fff78e07fffa4800000a800;f209fd8977402dd9f252ca2788c832bd11ca4c6534aeb2c8f1c70325b944060e
4026531872;3766484880;17;4026531840;0;4294967295;2147483816;0;4261684771;3766484860;0;2147483820;0;e07fff7c00000000800000ac00;3a52d59fe0340a38b8508f79a84a8e1c97122eb089ca6a252d0e3657e5ba2304
0;0;0;0;0;0;2147483820;0;41943151;0;0;2147483860;0;0000000000000000800000d400;a00a332bca24b1da945ece93563a19bb0553b3943b787687322a7090a4a0eaa8
4026531872;3766484880;17;3766484860;0;23;2147483860;0;4274267907;4026531896;0;2147483864;0;f000003800000000800000d800;926395a06b74f8f3fc010e5176bd1cc439dd82330d7d86c7de85e1cc781de7ee
4026531872;3766484880;17;3766484836;70;20;2147483864;0;4249102211;4026531900;70;2147483868;0;f000003c00000046800000dc00;53974211071551260a8aea05d5cbb6c30418e49408f4277e0bcd137ef1d3a5f5
4026531896;0;25;4026531900;70;26;2147483868;0;4244073187;0;0;2147483824;0;0000000000000000800000b000;efbb1e8698ba7d0a750daf7224df1b6d756b84ff35e305a7f7e6022cb6e04b4b
4026531872;3766484880;17;3766484856;3766484900;22;2147483824;0;4270073603;4026531896;3766484900;2147483828;0;f0000038e07fffa4800000b400;3551730d8468472e135c89860ade2d833e8e45949a3669bcdc7ff61c5d27dc83
4026531872;3766484880;17;3766484860;0;23;2147483828;0;4274268035;4026531900;0;2147483832;0;f000003c00000000800000b800;8071a1506aeee043dafd4ba0b8bbd4d05212c25ca1df8155a1e33beab0da4814
4026531896;3766484900;28;4026531900;0;29;2147483832;0;16189363;4026531900;3766484900;2147483836;0;f000003ce07fffa4800000bc00;4e9fba3ab5d45741bb41bd88f00046213422139f0cc9adef951f8e5ad0b9a5a2
4026531872;3766484880;17;3766484840;0;19;2147483836;0;4253296387;4026531896;0;2147483840;0;f000003800000000800000c000;065fdb09abce5d43491234eadd99f986cc754b2a04cb5574e7b28f2713691118
4026531896;0;31;0;0;0;2147483840;0;267876115;4026531896;0;2147483844;0;f000003800000000800000c400;4d555fdabb68d232ced85f40825829d2a30fe1f75945092994c70c2a4b70a524
4026531900;3766484900;30;3766484900;0;4294967295;2147483844;0;15171619;4026531968;0;2147483844;1;f000008000000000800000c401;be502f1dce25eb5e5fb07b6279865b0f3cc159848b033db3b18bf15a88011699
4026531900;3766484900;30;4026531896;0;32;2147483844;1;15171619;4026531972;0;2147483844;2;f000008400000000800000c402;6566cd8b8fd175cb41db428e268c339e95d685fb91fb1797e19e1e46a881e8fb
4026531968;0;33;4026531972;0;34;2147483844;2;15171619;4026531968;0;2147483844;3;f000008000000000800000c403;771c71fef6bd0fb76366bc90c03ddb3b226d8de8247a1c632ac755d4fa747288
4026531900;3766484900;30;4026531968;0;35;2147483844;3;15171619;3766484900;0;2147483848;0;e07fffa400000000800000c800;cf416204a4634678654399dd7f4f9ecc6cc380ab875fafefd87506d98e29a8b5
4026531872;3766484880;17;3766484860;0;23;2147483848;0;4274268035;4026531900;0;2147483852;0;f000003c00000000800000cc00;1f8856eebd8cac688f9df5af11126869e06490ba4470739e4f73d3c7c1a075fc
4026531900;0;37;0;0;0;2147483852;0;1542035;4026531900;1;2147483856;0;f000003c00000001800000d000;aa0c7e38fe97c19b23c5892f8de6d40455e8baeb477e8fcfe87617ed8be79b5d
4026531872;3766484880;17;4026531900;1;38;2147483856;0;4277413411;3766484860;1;2147483860;0;e07fff7c00000001800000d400;d0f2c2fc7f6f6a32413baf7a715126e445f8a817f80c5c336126f19b1615c350
4026531872;3766484880;17;3766484860;1;39;2147483860;0;4274267907;4026531896;1;2147483864;0;f000003800000001800000d800;196ed1fbc7e31482b03f92269e35cb04ed8ec080032508f793322a24f6914834
4026531872;3766484880;17;3766484836;70;20;2147483864;0;4249102211;4026531900;70;2147483868;0;f000003c00000046800000dc00;ed194da7a8d64767e41f84d0d211e864d6f387ea5c70a6ea93ac188297425a4c
4026531896;1;40;4026531900;70;41;2147483868;0;4244073187;0;0;2147483824;0;0000000000000000800000b000;7ee12c435fbbab602bedaccc7140ef6d5237b7ef05241480c1c968823f7f79e6
4026531872;3766484880;17;3766484856;3766484900;22;2147483824;0;4270073603;4026531896;3766484900;2147483828;0;f0000038e07fffa4800000b400;b01cb264d6e09f4df80cf7b44c1031f7481dbce14bb2d35105a1db2b6b96adce
4026531872;3766484880;17;3766484860;1;39;2147483828;0;4274268035;4026531900;1;2147483832;0;f000003c00000001800000b800;d5bf9c31195e2c517fc38ef7945598afd87b4319fe7fbcb500510d5132250581
4026531896;3766484900;43;4026531900;1;44;2147483832;0;16189363;4026531900;3766484901;2147483836;0;f000003ce07fffa5800000bc00;95fef64aa2b1d619823865b0497cea2505b9046718d917fe7294c16c4848c9b0
4026531872;3766484880;17;3766484840;0;19;2147483836;0;4253296387;4026531896;0;2147483840;0;f000003800000000800000c000;ed8eeb2e55df8285cf41b89c300294972e97a2e5fedae2b88b982a101141a58e
4026531896;0;46;0;0;0;2147483840;0;267876115;4026531896;0;2147483844;0;f000003800000000800000c400;039717adedec251779ff84b7061196fc92de00713a194f48da83bea2d54fcd97
4026531900;3766484901;45;3766484900;0;36;2147483844;0;15171619;4026531968;0;2147483844;1;f000008000000000800000c401;4ade710c0fc0be3eb1049ab0805bac4c948242baf77eb314c0fead72fec8b4e4
4026531900;3766484901;45;4026531896;0;47;2147483844;1;15171619;4026531972;0;2147483844;2;f000008400000000800000c402;bc30da13ea808dc6ec74b4f9f06badba2ac7a5ff67db0d94ce749ab1f08a04cb
4026531968;0;48;4026531972;0;49;2147483844;2;15171619;4026531968;0;2147483844;3;f000008000000000800000c403;08ed980009ddb315fd1bac042dcd52f11853566cd65a25f568dc293cfa12950c
4026531900;3766484901;45;4026531968;0;50;2147483844;3;15171619;3766484900;0;2147483848;0;e07fffa400000000800000c800;c12bd666060bd32962e0cc3f96c2a3471f2b7c4e4a6e240fbdd33452b04cb879
4026531872;3766484880;17;3766484860;1;39;2147483848;0;4274268035;4026531900;1;2147483852;0;f000003c00000001800000cc00;cbe7872b3aed6e87b57a2d9bb1939d0b04420709bd9185cff583953849ffc63a
4026531900;1;52;0;0;0;2147483852;0;1542035;4026531900;2;2147483856;0;f000003c00000002800000d000;b1d33ab64c63fb9007f08c0d4e83792d231e4bb3d6c22a4c858cf32e01cffb57
4026531872;3766484880;17;4026531900;2;53;2147483856;0;4277413411;3766484860;2;2147483860;0;e07fff7c00000002800000d400;80a92e845e7e9e258da8c9759184673db9756931a1d99a3d7bfefbcb7125f90b
4026531872;3766484880;17;3766484860;2;54;2147483860;0;4274267907;4026531896;2;2147483864;0;f000003800000002800000d800;deb157c5959b677e57a48ad146e8784245c769c63f2b30487da0b12c7af51cac
4026531872;3766484880;17;3766484836;70;20;2147483864;0;4249102211;4026531900;70;2147483868;0;f000003c00000046800000dc00;8eafcd6a6afc1609f952ce7b2cb7b28bee564522151811ee7661de8e83d97196
4026531896;2;55;4026531900;70;56;2147483868;0;4244073187;0;0;2147483824;0;0000000000000000800000b000;f7d26eca13e8638500ce2b0bcb89c2efabe3c12f20ae48f10a6e58fe6056cbac
4026531872;3766484880;17;3766484856;3766484900;22;2147483824;0;4270073603;4026531896;3766484900;2147483828;0;f0000038e07fffa4800000b400;f7338bb57e22b8804457f6884b18ebd5bdca47d4e47a5b3ffdbae9dae9488643
4026531872;3766484880;17;3766484860;2;54;2147483828;0;4274268035;4026531900;2;2147483832;0;f000003c00000002800000b800;3f40fd27bc83ba7a057b71d1a38e6d1923ea388c4bc9a232b366cb0d54a25bc4
4026531896;3766484900;58;4026531900;2;59;2147483832;0;16189363;4026531900;3766484902;2147483836;0;f000003ce07fffa6800000bc00;02748752915fa2c35f14c2f5ba8713795826fff4176e6f41e873676d1d9dbc82
4026531872;3766484880;17;3766484840;0;19;2147483836;0;4253296387;4026531896;0;2147483840;0;f000003800000000800000c000;a5c634b1886f859d0449fd1d20a7d9265b11b69c6c5b53ea9758a2f473a8f78c
4026531896;0;61;0;0;0;2147483840;0;267876115;4026531896;0;2147483844;0;f000003800000000800000c400;2f03800df9458069911a4bb434974460de66f2f536e58a931477a1256229f382
4026531900;3766484902;60;3766484900;0;51;2147483844;0;15171619;4026531968;0;2147483844;1;f000008000000000800000c401;0b7f34a1b49fd8ad5769a49f5790e460aa391988b9d6ec60b1b8247905920ac2
4026531900;3766484902;60;4026531896;0;62;2147483844;1;15171619;4026531972;0;2147483844;2;f000008400000000800000c402;d7bd9e277ca732ed7f385882eecb44e941df9cd154266e84157fa12014c58994
4026531968;0;63;4026531972;0;64;2147483844;2;15171619;4026531968;0;2147483844;3;f000008000000000800000c403;00c1970a49cf09076a98bab7709f58f47988cc457c86ffc89acd5a9b2781f403
4026531900;3766484902;60;4026531968;0;65;2147483844;3;15171619;3766484900;0;2147483848;0;e07fffa400000000800000c800;949de882d7e98a5fc6865990587cfc6d5277dbdf49c8c2292244340dfdfbf5b4
4026531872;3766484880;17;3766484860;2;54;2147483848;0;4274268035;4026531900;2;2147483852;0;f000003c00000002800000cc00;e04698deeb0a905e5c87f67df3afc7bff8d20161fed0f741b701acc17167a0df
4026531900;2;67;0;0;0;2147483852;0;1542035;4026531900;3;2147483856;0;f000003c00000003800000d000;6ac1daf90968d3c37971f67a791516cca2459b2c4a2ae1d21edefbf1573f6b15
4026531872;3766484880;17;4026531900;3;68;2147483856;0;4277413411;3766484860;3;2147483860;0;e07fff7c00000003800000d400;3eaafb65f7b0eb0e3dff4a951d840b33fee8843a65e168b3fa66e33d0eb7dd79
4026531872;3766484880;17;3766484860;3;69;2147483860;0;4274267907;4026531896;3;2147483864;0;f000003800000003800000d800;0ba8e1a0a846b473f57b88ff4cd86bf0a6bc1d86340c435b64e7dff550f5fa64
4026531872;3766484880;17;3766484836;70;20;2147483864;0;4249102211;4026531900;70;2147483868;0;f000003c00000046800000dc00;aba1764e0ee883915c797dd14479bd67c1cacd838746cdd7dc34df47ed208942
4026531896;3;70;4026531900;70;71;2147483868;0;4244073187;0;0;2147483824;0;0000000000000000800000b000;32b5da2af38fbf05797e4adb29e1b1a11532e822defb4e23060bb64aa84f8feb
4026531872;3766484880;17;3766484856;3766484900;22;2147483824;0;4270073603;4026531896;3766484900;2147483828;0;f0000038e07fffa4800000b400;f7db715616af9852d1602abcf4c987d74caeb6e66a547a4eea9ca54d79ca1e32
4026531872;3766484880;17;3766484860;3;69;2147483828;0;4274268035;4026531900;3;2147483832;0;f000003c00000003800000b800;bb71291d8c0d25ac4cebf327da8248042ee7b15d4a6f2ecd2cc49e6d3394c55c
4026531896;3766484900;73;4026531900;3;74;2147483832;0;16189363;4026531900;3766484903;2147483836;0;f000003ce07fffa7800000bc00;72f68d911082131b7f6ab8e78bcf2ec9bb62e4a55620511a2542f0e67cfc3d3d
4026531872;3766484880;17;3766484840;0;19;2147483836;0;4253296387;4026531896;0;2147483840;0;f000003800000000800000c000;440738a3eb56bff16a003fe506a1b99ee713ccffbe851f5b01ee072c02395b14
4026531896;0;76;0;0;0;2147483840;0;267876115;4026531896;0;2147483844;0;f000003800000000800000c400;a36b434d50edd5feb0915bf5e3cbfa97e56fff4d27c6c60df175df344623fa5c
4026531900;3766484903;75;3766484900;0;66;2147483844;0;15171619;4026531968;0;2147483844;1;f000008000000000800000c401;b17663ccfc2f2ffa507454b6be372a7b8c235d218934519e49aab8d59996a958
4026531900;3766484903;75;4026531896;0;77;2147483844;1;15171619;4026531972;0;2147483844;2;f000008400000000800000c402;9da7efcf09d1ccf83e8717f4467845460a25c4cfc8a35d7bef824a9d72941e43
4026531968;0;78;4026531972;0;79;2147483844;2;15171619;4026531968;0;2147483844;3;f000008000000000800000c403;603196725b56f27fc599198e41a5c9db6aff273207d595f38f241714479f732a
4026531900;3766484903;75;4026531968;0;80;2147483844;3;15171619;3766484900;0;2147483848;0;e07fffa400000000800000c800;b482fbb062004c7dbaf9735c687d6931a6703995c16b9085910fc87bd09e0993
4026531872;3766484880;17;3766484860;3;69;2147483848;0;4274268035;4026531900;3;2147483852;0;f000003c00000003800000cc00;86e1c8e3050686388b0481ee38733c700776c276e69de9683c8c3e879c1df6f0
4026531900;3;82;0;0;0;2147483852;0;1542035;4026531900;4;2147483856;0;f000003c00000004800000d000;befd40fa68d57718f17c334a84760ed9e76afde8548d91867b19d70ce2b9dad6
4026531872;3766484880;17;4026531900;4;83;2147483856;0;4277413411;3766484860;4;2147483860;0;e07fff7c00000004800000d400;5aa20578df67026b7b3616f1901a7d0eedc6b8e0290907107d714d22838dc542
4026531872;3766484880;17;3766484860;4;84;2147483860;0;4274267907;4026531896;4;2147483864;0;f000003800000004800000d800;1f4f1694ee22f673be85aba37bc1e27cf7c7219513012f61ce971441b333742a
4026531872;3766484880;17;3766484836;70;20;2147483864;0;4249102211;4026531900;70;2147483868;0;f000003c00000046800000dc00;ae7e741eb53568e15c05d1aa831f2a6c237fe6bd09f81b928df23302aceee23d
4026531896;4;85;4026531900;70;86;2147483868;0;4244073187;0;0;2147483824;0;0000000000000000800000b000;d9c476ab97ff99c731f1e87ef63d9601bc273f770ed10bc03c100c59d1e2e7aa
4026531872;3766484880;17;3766484856;3766484900;22;2147483824;0;4270073603;4026531896;3766484900;2147483828;0;f0000038e07fffa4800000b400;e54332359442995fe80caa3bbf8f6f3b9cfcf76680f0628d47fbaaf250809adc
4026531872;3766484880;17;3766484860;4;84;2147483828;0;4274268035;4026531900;4;2147483832;0;f000003c00000004800000b800;84180a29693b3edf240dd8bf689dea32a0e6fa4555c07513fe8a4d9b76b3fbcd
4026531896;3766484900;88;4026531900;4;89;2147483832;0;16189363;4026531900;3766484904;2147483836;0;f000003ce07fffa8800000bc00;ce6c6c6413c26fdfcd71fba109c2faf8fe1a0860bcfaddf3e0f5efcb4c16f461
4026531872;3766484880;17;3766484840;0;19;2147483836;0;4253296387;4026531896;0;2147483840;0;f000003800000000800000c000;359f69965b6e901abb114d98d0898bd700aa3e5eefd63f5726d6c38a2d43e7df
4026531896;0;91;0;0;0;2147483840;0;267876115;4026531896;0;2147483844;0;f000003800000000800000c400;2ef38b5ef32a2decd72dd62f523fe4bb46544f6e611624b5a5fed0564e6e3c5e
4026531900;3766484904;90;3766484904;0;4294967295;2147483844;0;15171619;4026531968;0;2147483844;1;f000008000000000800000c401;44da3fe13ac5e7a954986cc9bd1b5cb4911f7d8fe46ad942db562716acd120b9
4026531900;3766484904;90;4026531896;0;92;2147483844;1;15171619;4026531972;0;2147483844;2;f000008400000000800000c402;676b172513516a928618497acc1684149e6beb3bf0b617366d345bdcd3872cc6
4026531968;0;93;4026531972;0;94;2147483844;2;15171619;4026531968;0;2147483844;3;f000008000000000800000c403;bdb68e5f24bafe56a395373e754f743089fb4c8a35dc34613ef8358b8da18184
4026531900;3766484904;90;4026531968;0;95;2147483844;3;15171619;3766484904;0;2147483848;0;e07fffa800000000800000c800;9b75a20b443dba4f1bd3c5b37a3c444cb44562270849e8e3b7499a6bb5ecfe51
4026531872;3766484880;17;3766484860;4;84;2147483848;0;4274268035;4026531900;4;2147483852;0;f000003c00000004800000cc00;8eea849b31b8f809706b9418940f78a7e91bff30c4a6ff871b43e3822f0d3ff7
4026531900;4;97;0;0;0;2147483852;0;1542035;4026531900;5;2147483856;0;f000003c00000005800000d000;8e27bca1407f09cd35bf5358388dec90425ac5d9ab71b08e907e65ab90cecd51
4026531872;3766484880;17;4026531900;5;98;2147483856;0;4277413411;3766484860;5;2147483860;0;e07fff7c00000005800000d400;e584afa34fc38d22ebdf00fde85937e85b62dde45fdd3604a3cdaf81a4f4307e
4026531872;3766484880;17;3766484860;5;99;2147483860;0;4274267907;4026531896;5;2147483864;0;f000003800000005800000d800;00a40d5f51e66aa023004b204a16a2ffc9cfdbc9e67aa60f387d6ba1896bf3f0
4026531872;3766484880;17;3766484836;70;20;2147483864;0;4249102211;4026531900;70;2147483868;0;f000003c00000046800000dc00;a392a9445cf2a2ac079926fbee748c93b14d892f79ec4ea5f3a75e1710f2743d
4026531896;5;100;4026531900;70;101;2147483868;0;4244073187;0;0;2147483824;0;0000000000000000800000b000;2935c92e2bc891a2bfa79a1ee133d847ff1a8d6ff4d565c5fd60414f1fc060ae
4026531872;3766484880;17;3766484856;3766484900;22;2147483824;0;4270073603;4026531896;3766484900;2147483828;0;f0000038e07fffa4800000b400;599aa1e92cc1abeeeae41c115d618c6e417651638e99f012bc5868f969aa6aa7
4026531872;3766484880;17;3766484860;5;99;2147483828;0;4274268035;4026531900;5;2147483832;0;f000003c00000005800000b800;f9bcb048a194ec6bbc155bd0940d5290acbbd5215cc3c6fd3d2cb7257c1aada7
4026531896;3766484900;103;4026531900;5;104;2147483832;0;16189363;4026531900;3766484905;2147483836;0;f000003ce07fffa9800000bc00;c4dd4377e9f89925a0df9a1e529605614f04d3ef4000c105b6f700732a84a072
4026531872;3766484880;17;3766484840;0;19;2147483836;0;4253296387;4026531896;0;2147483840;0;f000003800000000800000c000;59d2067224fad04e8ee1b6b4822634dfdea6b7311c5644bb9289120611fcb500
4026531896;0;106;0;0;0;2147483840;0;267876115;4026531896;0;2147483844;0;f000003800000000800000c400;ab536296bbe31383de20315e6ce529c81e84386919905e1c30a923410625b809
4026531900;3766484905;105;3766484904;0;96;2147483844;0;15171619;4026531968;0;2147483844;1;f000008000000000800000c401;c5184da952c3a970ad4b7754921c670871f262d0e3781181fe0ab60fa924b33e
4026531900;3766484905;105;4026531896;0;107;2147483844;1;15171619;4026531972;0;2147483844;2;f000008400000000800000c402;cb1d15306f5df8b509544597474aef256de287ae7a25874ad985904d9a242ca0
4026531968;0;108;4026531972;0;109;2147483844;2;15171619;4026531968;0;2147483844;3;f000008000000000800000c403;dc35b42812922c899f50d24ce090ff8b04e0e1bc533f59b3ddf8f54a25676e36
4026531900;3766484905;105;4026531968;0;110;2147483844;3;15171619;3766484904;0;2147483848;0;e07fffa800000000800000c800;5a783bfe1d4ee7e566f86574218c14f3b090cf03166bf2cc4ae4d938e91e1659
4026531872;3766484880;17;3766484860;5;99;2147483848;0;4274268035;4026531900;5;2147483852;0;f000003c00000005800000cc00;ac39f2ce21c0cf299f2f1675f9db3c6eb4c3da3f734d6f257107556d2a3cbcdc
4026531900;5;112;0;0;0;2147483852;0;1542035;4026531900;6;2147483856;0;f000003c00000006800000d000;6ade355c46ad6a457c1a46b62871b9ceb0d88743183d42ffe7155d920d6034be
4026531872;3766484880;17;4026531900;6;113;2147483856;0;4277413411;3766484860;6;2147483860;0;e07fff7c00000006800000d400;7c15665e739bfb1fb03d486aaef96e135864e319a72160771989fefbdf294915
4026531872;3766484880;17;3766484860;6;114;2147483860;0;4274267907;4026531896;6;2147483864;0;f000003800000006800000d800;04c2004ad7c182acbfa7877298110518965dfa5df66ad46cf50d7ee1ab00796d
4026531872;3766484880;17;3766484836;70;20;2147483864;0;4249102211;4026531900;70;2147483868;0;f000003c00000046800000dc00;13a014e55d537c1347559de8ebf3f0d4431f5d9c698b53a715b15d450c4ff6ef
4026531896;6;115;4026531900;70;116;2147483868;0;4244073187;0;0;2147483824;0;0000000000000000800000b000;e93f37cb6eece307b114ad223f5302dc34fda300d0a5dfeb89dc234abef1c138
4026531872;3766484880;17;3766484856;3766484900;22;2147483824;0;4270073603;4026531896;3766484900;2147483828;0;f0000038e07fffa4800000b400;de39f45fbb01b3f3e4795e328d4b3756aefdc5003852be6cd6f0ca048b1de7e7
4026531872;3766484880;17;3766484860;6;114;2147483828;0;4274268035;4026531900;6;2147483832;0;f000003c00000006800000b800;53e15a43129c9d3013d0b09208203a5bd64998a4b83291c877a51d789c3a3f4d
4026531896;3766484900;118;4026531900;6;119;2147483832;0;16189363;4026531900;3766484906;2147483836;0;f000003ce07fffaa800000bc00;872289f50ae2c560afe3de339e8a002be2a725da9bfe73b94e29d32a56ae9dae
4026531872;3766484880;17;3766484840;0;19;2147483836;0;4253296387;4026531896;0;2147483840;0;f000003800000000800000c000;3a28085081ddaa3a3108ccb7a9369a270c78a660c87be180d679c0d64d128209
4026531896;0;121;0;0;0;2147483840;0;267876115;4026531896;0;2147483844;0;f000003800000000800000c400;5f00fe9e2bc8c11cce19d0da8194c4d1f3f4a9e239b918e3b3ed4dbf52dfded4
4026531900;3766484906;120;3766484904;0;111;2147483844;0;15171619;4026531968;0;2147483844;1;f000008000000000800000c401;be85fb6a7c9431f73980710e5acf2b7b63c73a38c981426e5f7f4682e66d39ac
4026531900;3766484906;120;4026531896;0;122;2147483844;1;15171619;4026531972;0;2147483844;2;f000008400000000800000c402;441174a8b061563aba7edd4d3aee92478a491f9bd4875866aeae716d3e62853d
4026531968;0;123;4026531972;0;124;2147483844;2;15171619;4026531968;0;2147483844;3;f000008000000000800000c403;009b2e5a05daa4790ff5268552985b78fa9a2a63fc173119150ab07640091e55
4026531900;3766484906;120;4026531968;0;125;2147483844;3;15171619;3766484904;0;2147483848;0;e07fffa800000000800000c800;470c7cb03de4a769e632a7e040f9f73e5f2c5c86febef59954de7d7925202d89
4026531872;3766484880;17;3766484860;6;114;2147483848;0;4274268035;4026531900;6;2147483852;0;f000003c00000006800000cc00;3d9b051261c635b05e93b865016d983b5ca606bf0c708a721262804fe97ebce4
4026531900;6;127;0;0;0;2147483852;0;1542035;4026531900;7;2147483856;0;f000003c00000007800000d000;bb071f0e4ee6c80028a027569f74380964b87f71a8ba3e0f5653a3bb86e87eeb
4026531872;3766484880;17;4026531900;7;128;2147483856;0;4277413411;3766484860;7;2147483860;0;e07fff7c00000007800000d400;1ab3282be62edf5a2452b4813ff61b08e2adc0f1f8e613ec206f205117523754
4026531872;3766484880;17;3766484860;7;129;2147483860;0;4274267907;4026531896;7;2147483864;0;f000003800000007800000d800;018e4db846efa1f80e8280051bfb81d6e2b61bf84c722654e14a816af95ffeab
4026531872;3766484880;17;3766484836;70;20;2147483864;0;4249102211;4026531900;70;2147483868;0;f000003c00000046800000dc00;fafdf4e4a53d61a300d689f24a7004dfc8e2639e058e558244f5de2c7ef7f0ed
4026531896;7;130;4026531900;70;131;2147483868;0;4244073187;0;0;2147483824;0;0000000000000000800000b000;0a7c8a22cf4b93829bf056f50068b449890933bc9c73dce69affa20aa135f12f
4026531872;3766484880;17;3766484856;3766484900;22;2147483824;0;4270073603;4026531896;3766484900;2147483828;0;f0000038e07fffa4800000b400;5995a57d84336c4f127e25b80a60a4d8ef87f150e92893ec2e41ddd5e607a076
4026531872;3766484880;17;3766484860;7;129;2147483828;0;4274268035;4026531900;7;2147483832;0;f000003c00000007800000b800;823db94f03666222beb5c2d0dfc9be672abbc1b5e2cadd86ada3f9568777fa13
4026531896;3766484900;133;4026531900;7;134;2147483832;0;16189363;4026531900;3766484907;2147483836;0;f000003ce07fffab800000bc00;82e6f68a6e62f2cde4dfd1277202a8a4bd34208df8039d1e30332ce11ed1a363
4026531872;3766484880;17;3766484840;0;19;2147483836;0;4253296387;4026531896;0;2147483840;0;f000003800000000800000c000;36ffa1786aa74adc3bce5b3267991703b96d49a0fa6b0c4384bf10ce3b4c44e5
4026531896;0;136;0;0;0;2147483840;0;267876115;4026531896;0;2147483844;0;f000003800000000800000c400;e0f11a773d741931b4591c4855aa4499d350535335243ca01ba6b0c94f2230b6
4026531900;3766484907;135;3766484904;0;126;2147483844;0;15171619;4026531968;0;2147483844;1;f000008000000000800000c401;d190430831168e46e1539733b31f04f79cad8d05984b702f62a773e5f30899b2
4026531900;3766484907;135;4026531896;0;137;2147483844;1;15171619;4026531972;0;2147483844;2;f000008400000000800000c402;f4f86e618e20c07ad83d27cc804a753cb7dd1def370a258a87dfeedf6c2eafd7
4026531968;0;138;4026531972;0;139;2147483844;2;15171619;4026531968;0;2147483844;3;f000008000000000800000c403;574a0e8d9c034da6e129da5c870f05e273d7bb64ab425d58d52ee59371e38b12
4026531900;3766484907;135;4026531968;0;140;2147483844;3;15171619;3766484904;0;2147483848;0;e07fffa800000000800000c800;07a1de40c8c6135c531cb73d3373366240a742ecf69d07f1271b726ea65fd686
4026531872;3766484880;17;3766484860;7;129;2147483848;0;4274268035;4026531900;7;2147483852;0;f000003c00000007800000cc00;e62396b823c14b51c510ee5959fd02ce5cf834de9bba5f4983609e1ca9cca417
4026531900;7;142;0;0;0;2147483852;0;1542035;4026531900;8;2147483856;0;f000003c00000008800000d000;64bcfc8943555d4c44166448279996bd405346803f856acabf33e5796e67ffa4
4026531872;3766484880;17;4026531900;8;143;2147483856;0;4277413411;3766484860;8;2147483860;0;e07fff7c00000008800000d400;59f7b68bd3b8706a38e6e912748ad0309e8c439538f0fb6e22097676a5464bbd
4026531872;3766484880;17;3766484860;8;144;2147483860;0;4274267907;4026531896;8;2147483864;0;f000003800000008800000d800;32283dca854eb993317c8c07817b56dc1fcb9750d851452968248de3fd988109
4026531872;3766484880;17;3766484836;70;20;2147483864;0;4249102211;4026531900;70;2147483868;0;f000003c00000046800000dc00;61b63ff0ac87e3b34ee28b81bb41292ca304a9057da089f4368b2f470b182004
4026531896;8;145;4026531900;70;146;2147483868;0;4244073187;0;0;2147483824;0;0000000000000000800000b000;6e260ea727192d62d9ae66a8b53985d48002bb14348a12309804cd2853cf3632
4026531872;3766484880;17;3766484856;3766484900;22;2147483824;0;4270073603;4026531896;3766484900;2147483828;0;f0000038e07fffa4800000b400;9e85e01af446ee2cb3595d0055f59af1ccf8a185f149feae8e6343795195e98e
4026531872;3766484880;17;3766484860;8;144;2147483828;0;4274268035;4026531900;8;2147483832;0;f000003c00000008800000b800;e3b583eb9d768635c0d059ab68684b644f395210de5816acbf62fdb6f2375914
4026531896;3766484900;148;4026531900;8;149;2147483832;0;16189363;4026531900;3766484908;2147483836;0;f000003ce07fffac800000bc00;1103dffac45dc62421913c4f837bdb5c7f4da68895c4799688829c82b0461af5
4026531872;3766484880;17;3766484840;0;19;2147483836;0;4253296387;4026531896;0;2147483840;0;f000003800000000800000c000;84e4d6ebd32a4e22cd19d3fc8eed1bbe2c4f1a327b4000049e45f0bf5ac6a741
4026531896;0;151;0;0;0;2147483840;0;267876115;4026531896;0;2147483844;0;f000003800000000800000c400;c61931176036aac12e70dd4edd0b18080c90d4cc74ed95c9cc521a11a1f36249
4026531900;3766484908;150;3766484908;0;4294967295;2147483844;0;15171619;4026531968;0;2147483844;1;f000008000000000800000c401;0c167e445cdb801fc1433370fd47006184a8e371ebe31e3105c790e53dbc334e
4026531900;3766484908;150;4026531896;0;152;2147483844;1;15171619;4026531972;0;2147483844;2;f000008400000000800000c402;b7cb5ca07bfc10cc9794b257559e8d9738d528855e69c140fcdaa27ff7fe3bdd
4026531968;0;153;4026531972;0;154;2147483844;2;15171619;4026531968;0;2147483844;3;f000008000000000800000c403;4bb88e8f3c4a06f37587b01610a961d7b8c087300a085a6844732b16a6887c9e
4026531900;3766484908;150;4026531968;0;155;2147483844;3;15171619;3766484908;0;2147483848;0;e07fffac00000000800000c800;3c03fadae34f395e946853c2f1db1fa3bf085370463df024eed90127273e9ea0
4026531872;3766484880;17;3766484860;8;144;2147483848;0;4274268035;4026531900;8;2147483852;0;f000003c00000008800000cc00;b5b79d84876c6bf4bdd864576906f44430c23a78441a3dafb0d9e2aecdcfbdea
4026531900;8;157;0;0;0;2147483852;0;1542035;4026531900;9;2147483856;0;f000003c00000009800000d000;cc97f6d3dcf4b1a4b202093dbfd676514f8fb67678f32a3aca3f5450c61a91fd
4026531872;3766484880;17;4026531900;9;158;2147483856;0;4277413411;3766484860;9;2147483860;0;e07fff7c00000009800000d400;fd0d82a99c26c1d8e4cd75a8548b6bf00b9e34b0dadd03a445fb45b972166832
4026531872;3766484880;17;3766484860;9;159;2147483860;0;4274267907;4026531896;9;2147483864;0;f000003800000009800000d800;f764f0ed447f1338121e8cf9f4d3e524ec0b57e25eabd8e0a802709c4af20a06
4026531872;3766484880;17;3766484836;70;20;2147483864;0;4249102211;4026531900;70;2147483868;0;f000003c00000046800000dc00;bce775c9db477457e8c0966789609f38b1b17967e32fa7daa2541bd5f9458126
4026531896;9;160;4026531900;70;161;2147483868;0;4244073187;0;0;2147483824;0;0000000000000000800000b000;c8a70c70d0f1a8b527db634ed326f70fac2e0ab433451f5e980cc969f47f4448
4026531872;3766484880;17;3766484856;3766484900;22;2147483824;0;4270073603;4026531896;3766484900;2147483828;0;f0000038e07fffa4800000b400;84628c71ae37e4c62adf91a732e7bf577afc8f55f8c53ddd6841b31146e7ea65
4026531872;3766484880;17;3766484860;9;159;2147483828;0;4274268035;4026531900;9;2147483832;0;f000003c00000009800000b800;95bcacf23d7fb7b2fce76faaf55fdf68fe1e6106c3b4e6eece963e0fb26d9596
4026531896;3766484900;163;4026531900;9;164;2147483832;0;16189363;4026531900;3766484909;2147483836;0;f000003ce07fffad800000bc00;7fd554f167d6dc26b0a10417a12087cfe7758c80ae484c24fe6a8d38ac4141c8
4026531872;3766484880;17;3766484840;0;19;2147483836;0;4253296387;4026531896;0;2147483840;0;f000003800000000800000c000;988fa5a9f4190894228a153345ba66fe227a2c09a9b00a4e834e2650a000af75
4026531896;0;166;0;0;0;2147483840;0;267876115;4026531896;0;2147483844;0;f000003800000000800000c400;d5d650e94eaa0203ec5d1357d2496141754185e168cdccc53024d731ca99a346
4026531900;3766484909;165;3766484908;0;156;2147483844;0;15171619;4026531968;0;2147483844;1;f000008000000000800000c401;72bce58c6a9039c57ae4ec53bd2fbd8d6c2a4aaae3b4664b373a1f642112dfeb
4026531900;3766484909;165;4026531896;0;167;2147483844;1;15171619;4026531972;0;2147483844;2;f000008400000000800000c402;3b18403fa42fdcc013e45cd67e773b922df205cf6160ad30cbb95b02c13f8be8
4026531968;0;168;4026531972;0;169;2147483844;2;15171619;4026531968;0;2147483844;3;f000008000000000800000c403;2182098b02e147c84a4a1483a39c84e470ffd36c3f31547b47a5f4939695fc96
4026531900;3766484909;165;4026531968;0;170;2147483844;3;15171619;3766484908;0;2147483848;0;e07fffac00000000800000c800;4bf1a4608ce71964449024060f93f796a31c05805db5cfdc7c23403e01698e81
4026531872;3766484880;17;3766484860;9;159;2147483848;0;4274268035;4026531900;9;2147483852;0;f000003c00000009800000cc00;5636a2a495073f703c9908b6d07c9cda9ec004075887d62636e4f8f23a62f754
4026531900;9;172;0;0;0;2147483852;0;1542035;4026531900;10;2147483856;0;f000003c0000000a800000d000;18591b44b59fb29d1690b93df1b094141d71b8dae4e66611867feec850496b4f
4026531872;3766484880;17;4026531900;10;173;2147483856;0;4277413411;3766484860;10;2147483860;0;e07fff7c0000000a800000d400;579560d024907f52eec3fa9902ba0f708cc22ede8ab78059269f2ee4eaf44f3f
4026531872;3766484880;17;3766484860;10;174;2147483860;0;4274267907;4026531896;10;2147483864;0;f00000380000000a800000d800;6de565e266c0ef6869449ba18825c7a8d796f8d0139722c7a55abe8ea3b26ef8
4026531872;3766484880;17;3766484836;70;20;2147483864;0;4249102211;4026531900;70;2147483868;0;f000003c00000046800000dc00;1e593b4a13955c1c2cf68fc89d6f38ff22f46990233dc606bf63a93c18f68656
4026531896;10;175;4026531900;70;176;2147483868;0;4244073187;0;0;2147483824;0;0000000000000000800000b000;bdef3d9e0c8d32b71d8967a0298dd981d420c69e83a7c4b2f9f0a95720b1935b
4026531872;3766484880;17;3766484856;3766484900;22;2147483824;0;4270073603;4026531896;3766484900;2147483828;0;f0000038e07fffa4800000b400;b0019851dc0188b4436f63b69e344b48dcc7537051f340dd18fc155406496d34
4026531872;3766484880;17;3766484860;10;174;2147483828;0;4274268035;4026531900;10;2147483832;0;f000003c0000000a800000b800;0c93e2943dc669b26c048b3834b275132163c23a6a0c02db8890826926503f73
4026531896;3766484900;178;4026531900;10;179;2147483832;0;16189363;4026531900;3766484910;2147483836;0;f000003ce07fffae800000bc00;54a7bb007704053ec5dea4a94a8cc629e74c0887eb1b332269e39eed0a673406
4026531872;3766484880;17;3766484840;0;19;2147483836;0;4253296387;4026531896;0;2147483840;0;f000003800000000800000c000;72b70c5dbceb1860602966015d4b9e2e69ac878824bcab29a67753aab1a5c72d
4026531896;0;181;0;0;0;2147483840;0;267876115;4026531896;0;2147483844;0;f000003800000000800000c400;cd2ef832d4f30e6f7848701f11edf5d7ad55a23235ad8e441e10a39c25fea9c0
4026531900;3766484910;180;3766484908;0;171;2147483844;0;15171619;4026531968;0;2147483844;1;f000008000000000800000c401;3784cafb24d292daeff07b670386615989f66a81907c0f3206e9a17a2a8aba61
4026531900;3766484910;180;4026531896;0;182;2147483844;1;15171619;4026531972;0;2147483844;2;f000008400000000800000c402;7fa3c10be86867576586e6f1370eebd491a806a839bad74ef784e35dff539c8f
4026531968;0;183;4026531972;0;184;2147483844;2;15171619;4026531968;0;2147483844;3;f000008000000000800000c403;78d1ac1c1f7e07d46fba4f69615c330f7f215fa052fb74edc2b65d239976cd41
4026531900;3766484910;180;4026531968;0;185;2147483844;3;15171619;3766484908;0;2147483848;0;e07fffac00000000800000c800;eb4a94e6cc9f973e30dfb1dd78008c544c617c15661b33b858a9a054c54a5881
4026531872;3766484880;17;3766484860;10;174;2147483848;0;4274268035;4026531900;10;2147483852;0;f000003c0000000a800000cc00;c9eb23076fda26e558b036616b7f034882e9876d27a153db739690a86278c7ea
4026531900;10;187;0;0;0;2147483852;0;1542035;4026531900;11;2147483856;0;f000003c0000000b800000d000;4f898e06ad4fcd95698ae18e05a2d94befe429648803882b9b0dda4da6c1edd6
4026531872;3766484880;17;4026531900;11;188;2147483856;0;4277413411;3766484860;11;2147483860;0;e07fff7c0000000b800000d400;952efb8897c8331680512573667325af2ed9db990ad923a9fb5dd62392b03960
4026531872;3766484880;17;3766484860;11;189;2147483860;0;4274267907;4026531896;11;2147483864;0;f00000380000000b800000d800;6c83296f45088553680ec5c4646f37e411fbe459cffa638f7c77b485bc88886d
4026531872;3766484880;17;3766484836;70;20;2147483864;0;4249102211;4026531900;70;2147483868;0;f000003c00000046800000dc00;5cfb9a767ab76b1734482f4b9f8e767c076fb61358f250f25ccc7af09b14bcbb
4026531896;11;190;4026531900;70;191;2147483868;0;4244073187;0;0;2147483824;0;0000000000000000800000b000;df3b6d500c945bcbbc5d29f912f57af302b86618b30e47e11cb13034b51f07f0
4026531872;3766484880;17;3766484856;3766484900;22;2147483824;0;4270073603;4026531896;3766484900;2147483828;0;f0000038e07fffa4800000b400;f1fdb3e795f21b41072cb7bd21f8fcffc402e2bc180bed3919d8821ae2f9a39c
4026531872;3766484880;17;3766484860;11;189;2147483828;0;4274268035;4026531900;11;2147483832;0;f000003c0000000b800000b800;a3c208372869caaa420a1618890c8cda5d1b93140cc887fcba0190d426e8a416
4026531896;3766484900;193;4026531900;11;194;2147483832;0;16189363;4026531900;3766484911;2147483836;0;f000003ce07fffaf800000bc00;52ddd642f7d7415968ec11364f4b17693ca645a17e736c680f1ef73a85cb199e
4026531872;3766484880;17;3766484840;0;19;2147483836;0;4253296387;4026531896;0;2147483840;0;f000003800000000800000c000;b8fcaca3f63b99b81d73e624086a56938b6b2b05ec83f3735ab3ec5f11cb6850
4026531896;0;196;0;0;0;2147483840;0;267876115;4026531896;0;2147483844;0;f000003800000000800000c400;41a7740ef211909f6c85620da747863c6e7f73f4c620b70f94ef8bef800f36cd
4026531900;3766484911;195;3766484908;0;186;2147483844;0;15171619;4026531968;0;2147483844;1;f000008000000000800000c401;7db186b9d71a7c44caac02d85d4177c50bbe16c322c4ba4f07fb5b942e231170
4026531900;3766484911;195;4026531896;0;197;2147483844;1;15171619;4026531972;0;2147483844;2;f000008400000000800000c402;84c481560201e4bf3475a13820014fffa75c7474e6487c873db829476a38e5ae
4026531968;0;198;4026531972;0;199;2147483844;2;15171619;4026531968;0;2147483844;3;f000008000000000800000c403;2318914a5031e6abab2ada60b390d995dbc7f91a03e8189acd8abc229690f150
4026531900;3766484911;195;4026531968;0;200;2147483844;3;15171619;3766484908;0;2147483848;0;e07fffac00000000800000c800;79b53e48a4b9a23b15365c507ee7d77928978d664c2235c9ad1491d6edca8d1f
4026531872;3766484880;17;3766484860;11;189;2147483848;0;4274268035;4026531900;11;2147483852;0;f000003c0000000b800000cc00;4370f963fde0a780f823618bbbd7e2fa0b6c902d07972b41488412bd4f79e5bc
4026531900;11;202;0;0;0;2147483852;0;1542035;4026531900;12;2147483856;0;f000003c0000000c800000d000;a34dbd60e7b707d8ef4171b937e8744903ee03bea73fff1ebc7ba6e81abda747
4026531872;3766484880;17;4026531900;12;203;2147483856;0;4277413411;3766484860;12;2147483860;0;e07fff7c0000000c800000d400;7f40c6c28993f2d1d11f1833993a9317f0d9305a2807996c30e3a003c652c146
4026531872;3766484880;17;3766484860;12;204;2147483860;0;4274267907;4026531896;12;2147483864;0;f00000380000000c800000d800;1ed4208973c8547db58587a8b5062863d2afeac109fc369b6fa7da47cf5a2670
4026531872;3766484880;17;3766484836;70;20;2147483864;0;4249102211;4026531900;70;2147483868;0;f000003c00000046800000dc00;f2c86a183aab775e40a9a21a2b9a48fe4dceb112292d692590423644bb0ef03d
4026531896;12;205;4026531900;70;206;2147483868;0;4244073187;0;0;2147483824;0;0000000000000000800000b000;be5ced0e5e6988833c7a70ad103dcc695f47cc86f479327d9bce333076f887d0
4026531872;3766484880;17;3766484856;3766484900;22;2147483824;0;4270073603;4026531896;3766484900;2147483828;0;f0000038e07fffa4800000b400;3c88c7c9d8caf65c8e9ca98327a4de7da98a87e1e6a54d41003a791779d38136
4026531872;3766484880;17;3766484860;12;204;2147483828;0;4274268035;4026531900;12;2147483832;0;f000003c0000000c800000b800;faeb7fda965ab66f85c1e352bfa47595200f889c455983c83722ab502cf32281
4026531896;3766484900;208;4026531900;12;209;2147483832;0;16189363;4026531900;3766484912;2147483836;0;f000003ce07fffb0800000bc00;d7efe616893e8691772894d0c67053195ef27c3c8fa80baeee59d099ce144a73
4026531872;3766484880;17;3766484840;0;19;2147483836;0;4253296387;4026531896;0;2147483840;0;f000003800000000800000c000;05fb748f504ae175a43d83c1da9646e318f7f631409663bd2349e9081511f9e6
4026531896;0;211;0;0;0;2147483840;0;267876115;4026531896;0;2147483844;0;f000003800000000800000c400;1e4fabf3fa5adae1c9861f7fcfd5b61d37d11705d96b6d5565b8c7f8ca8b6cf2
4026531900;3766484912;210;3766484912;0;4294967295;2147483844;0;15171619;4026531968;0;2147483844;1;f000008000000000800000c401;f1e731281d9faeceb78eca7ac94a3642ca626abad8169525a47d640988bd298d
4026531900;3766484912;210;4026531896;0;212;2147483844;1;15171619;4026531972;0;2147483844;2;f000008400000000800000c402;ab110c84c881dcb96ec7aa39428d0d08b009fe991b7cf794405dadec07863447
4026531968;0;213;4026531972;0;214;2147483844;2;15171619;4026531968;0;2147483844;3;f000008000000000800000c403;b5e126a8506a5bd403a169f1179ff96890d54b636b4a10359b1ea952c624da11
4026531900;3766484912;210;4026531968;0;215;2147483844;3;15171619;3766484912;0;2147483848;0;e07fffb000000000800000c800;12405d8caf47205b09a0d032bb94edc461fa73b3a87cf2d561c2ad600fa12576
4026531872;3766484880;17;3766484860;12;204;2147483848;0;4274268035;4026531900;12;2147483852;0;f000003c0000000c800000cc00;7885d7747508c8b0310f2ce494623098a4bb09fadaab61095ae486d61a5c4e5c
4026531900;12;217;0;0;0;2147483852;0;1542035;4026531900;13;2147483856;0;f000003c0000000d800000d000;b8522ff6d56f26daa7787657eeaea1eb47c2bc4015f1aee65022172b8fe96aa5
4026531872;3766484880;17;4026531900;13;218;2147483856;0;4277413411;3766484860;13;2147483860;0;e07fff7c0000000d800000d400;236365a0f3c52e132e9eae57c951bf55a90f629945545ad0f1b72350127bf93b
4026531872;3766484880;17;3766484860;13;219;2147483860;0;4274267907;4026531896;13;2147483864;0;f00000380000000d800000d800;a6433a038e49a33c01b85d7233e36705f513cc17b6a7423928262ce4e18de3bc
4026531872;3766484880;17;3766484836;70;20;2147483864;0;4249102211;4026531900;70;2147483868;0;f000003c00000046800000dc00;ecb0e0a55ca00c10cf276f253600a609c4aebab3c3fe224b0241517ce4679e4c
4026531896;13;220;4026531900;70;221;2147483868;0;4244073187;0;0;2147483824;0;0000000000000000800000b000;1e36f036ebfa6201382a094a305d87b67efbbef2cb40f583591c2ffd2863f7d2
4026531872;3766484880;17;3766484856;3766484900;22;2147483824;0;4270073603;4026531896;3766484900;2147483828;0;f0000038e07fffa4800000b400;a04e3cc6f6e8aa8781d1e7d6045e937b482593a445dc432f8eaeef1c4b1747b0
4026531872;3766484880;17;3766484860;13;219;2147483828;0;4274268035;4026531900;13;2147483832;0;f000003c0000000d800000b800;ca814c03c38a6a613dc44a806f421275789052c5f28c87c4f0e3bfca5bae472a
4026531896;3766484900;223;4026531900;13;224;2147483832;0;16189363;4026531900;3766484913;2147483836;0;f000003ce07fffb1800000bc00;9f9781554271728d73f98e189b4bb212e83cc1a05270069cb950ea658da1a70a
4026531872;3766484880;17;3766484840;0;19;2147483836;0;4253296387;4026531896;0;2147483840;0;f000003800000000800000c000;c962474811c0b1b961f501028e693d0053c0f048ebe84a1ca220398217b6cf13
4026531896;0;226;0;0;0;2147483840;0;267876115;4026531896;0;2147483844;0;f000003800000000800000c400;2fb3b54b90dd96da4744a361e310984636d3398451c95ccb05e38bacd9c12982
4026531900;3766484913;225;3766484912;0;216;2147483844;0;15171619;4026531968;0;2147483844;1;f000008000000000800000c401;a8b582a68b63b551e75e97dc18048967a4c2814147260c97977ba724ea004ccd
4026531900;3766484913;225;4026531896;0;227;2147483844;1;15171619;4026531972;0;2147483844;2;f000008400000000800000c402;3ce85c983f43dabd3a37ef31a3c3a166e9666a1d7dc1df65d4d09e3e07588865
4026531968;0;228;4026531972;0;229;2147483844;2;15171619;4026531968;0;2147483844;3;f000008000000000800000c403;a949168e1d2de9c555b85e2db3777d3420c300603bfc13fc569955dcd805c92d
4026531900;3766484913;225;4026531968;0;230;2147483844;3;15171619;3766484912;0;2147483848;0;e07fffb000000000800000c800;66bfd612915135ab6bd5993207a77f6f674ea760cd6fb7a73c9cf14e9de6d584
4026531872;3766484880;17;3766484860;13;219;2147483848;0;4274268035;4026531900;13;2147483852;0;f000003c0000000d800000cc00;4fe2ae7ff7e91a37687de4c928f0d8759c42efe0e57f6505aef0fa917d008944
4026531900;13;232;0;0;0;2147483852;0;1542035;4026531900;14;2147483856;0;f000003c0000000e800000d000;cfa6b5f7fe4c4e28758d96ce3cde23856635bb13301bee5bb8270834c3ce31e9
4026531872;3766484880;17;4026531900;14;233;2147483856;0;4277413411;3766484860;14;2147483860;0;e07fff7c0000000e800000d400;ec769088976840ddcd4f7ae6874bf38c5ad9cf29d487dc08bd7bda59386a9a3c
4026531872;3766484880;17;3766484860;14;234;2147483860;0;4274267907;4026531896;14;2147483864;0;f00000380000000e800000d800;6fc149644c6aa28d5de5dae89aad841e3c76a5b7b393b619773c6a75e79eae0b
4026531872;3766484880;17;3766484836;70;20;2147483864;0;4249102211;4026531900;70;2147483868;0;f000003c00000046800000dc00;080867e0455910831da3417dab12a60615dd70a8fba347a2767b940b2a05fd2d
4026531896;14;235;4026531900;70;236;2147483868;0;4244073187;0;0;2147483824;0;0000000000000000800000b000;bc9392b063c8346892572c8a183fa808284255f4c863c91dbdb3ddce72b09bdd
4026531872;3766484880;17;3766484856;3766484900;22;2147483824;0;4270073603;4026531896;3766484900;2147483828;0;f0000038e07fffa4800000b400;6212d23dc0b0cf02cee9fc3255b753221c60e3bb453a01e5e7bed7fe216e2c00
4026531872;3766484880;17;3766484860;14;234;2147483828;0;4274268035;4026531900;14;2147483832;0;f000003c0000000e800000b800;b626db9b5072c9b81605ceab2fe7fddf882cb16f20e456fb38cae622f400170e
4026531896;3766484900;238;4026531900;14;239;2147483832;0;16189363;4026531900;3766484914;2147483836;0;f000003ce07fffb2800000bc00;08bebed9eed7bee15e9640e96356a2eda10f0091109977d428bdc0458e03760d
4026531872;3766484880;17;3766484840;0;19;2147483836;0;4253296387;4026531896;0;2147483840;0;f000003800000000800000c000;63c98413facc6746c26a265b3809e6a74ef574276e3589fbb66e30672e8141f2
4026531896;0;241;0;0;0;2147483840;0;267876115;4026531896;0;2147483844;0;f000003800000000800000c400;fead9d948f7612fabd2e22923bb30a45dac154733c01c052f7342807104e63d8
4026531900;3766484914;240;3766484912;0;231;2147483844;0;15171619;4026531968;0;2147483844;1;f000008000000000800000c401;2cc9eb7477a998fef78afdf83eb79428c549a1eb97869d150d81b7fa0df7ec13
4026531900;3766484914;240;4026531896;0;242;2147483844;1;15171619;4026531972;0;2147483844;2;f000008400000000800000c402;4b17ba1ceb02934ece3b01aee3d302583ad1b85df9690d47f6992dc4fcd05c9e
4026531968;0;243;4026531972;0;244;2147483844;2;15171619;4026531968;0;2147483844;3;f000008000000000800000c403;0f35decbbf50f506d20e166e8b62913c5e8fdc8ceca45ff13b45592f1a89bd0a
4026531900;3766484914;240;4026531968;0;245;2147483844;3;15171619;3766484912;0;2147483848;0;e07fffb000000000800000c800;101b0bf32c34f7a4ff5cc0a5a40018ec281ddd8ca601c18d50945300c33a0da4
4026531872;3766484880;17;3766484860;14;234;2147483848;0;4274268035;4026531900;14;2147483852;0;f000003c0000000e800000cc00;0942f089d8ec2e3a687a30b4e56158f1f9ac06679e832981038876852c851bc9
4026531900;14;247;0;0;0;2147483852;0;1542035;4026531900;15;2147483856;0;f000003c0000000f800000d000;651ab9e72a72ccd264ddb4996c56668072b9e85f5e787da5fc981a2cda595a0f
4026531872;3766484880;17;4026531900;15;248;2147483856;0;4277413411;3766484860;15;2147483860;0;e07fff7c0000000f800000d400;06c46f0cacd826153863257a607d5eaf260f076356ff032cac40d0294aacea99
4026531872;3766484880;17;3766484860;15;249;2147483860;0;4274267907;4026531896;15;2147483864;0;f00000380000000f800000d800;8affae6854de8a5bae3740f33f335425f29587c77f2ca5c5541aebc2681d433b
4026531872;3766484880;17;3766484836;70;20;2147483864;0;4249102211;4026531900;70;2147483868;0;f000003c00000046800000dc00;3b8078ec95031e0562102dd240ce0d3dc4acdfb6d993b0811fc21a38269d8dd6
4026531896;15;250;4026531900;70;251;2147483868;0;4244073187;0;0;2147483824;0;0000000000000000800000b000;63628190a07ced657dbee581ccfb2e3b4f777e0aedd4b9f5ca1a9bc695884eb3
4026531872;3766484880;17;3766484856;3766484900;22;2147483824;0;4270073603;4026531896;3766484900;2147483828;0;f0000038e07fffa4800000b400;508ef5619b8bac00133d2a11d52396e7ca1810ebe6be61e117f74812e135e4fe
4026531872;3766484880;17;3766484860;15;249;2147483828;0;4274268035;4026531900;15;2147483832;0;f000003c0000000f800000b800;a945ba40909f0e80e30a10a20a0bda0a9428765fbdf679f846a75c9b07e2af8d
4026531896;3766484900;253;4026531900;15;254;2147483832;0;16189363;4026531900;3766484915;2147483836;0;f000003ce07fffb3800000bc00;901ed633e22a3c58b52b6c9a049b31fe541ef754c3857caad003f32d993808fb
4026531872;3766484880;17;3766484840;0;19;2147483836;0;4253296387;4026531896;0;2147483840;0;f000003800000000800000c000;870d1e83ed727c1d16da7064769bd58e01d59559c8c018699261cd9df752014c
4026531896;0;256;0;0;0;2147483840;0;267876115;4026531896;0;2147483844;0;f000003800000000800000c400;5cc8024f129a3aa0477900d2032569c13089d742f2a5d6d2ef983369792740c3
4026531900;3766484915;255;3766484912;0;246;2147483844;0;15171619;4026531968;0;2147483844;1;f000008000000000800000c401;afa7daefe9ab17de7af5349f2e63ae737cf59a07a703025d9af0581b2f333318
4026531900;3766484915;255;4026531896;0;257;2147483844;1;15171619;4026531972;0;2147483844;2;f000008400000000800000c402;809e194dd7c1e15e5cfd8d892f5c11f3f89dfc022191e0f0d425508fb94ef059
4026531968;0;258;4026531972;0;259;2147483844;2;15171619;4026531968;0;2147483844;3;f000008000000000800000c403;504a333c7813a751f630235df51935ca1ac3c2d97a89a70b6c37f1c70452bd1c
4026531900;3766484915;255;4026531968;0;260;2147483844;3;15171619;3766484912;0;2147483848;0;e07fffb000000000800000c800;e626cc568a02724e7813c2ec8c4f3ca542cba5e830bb358780617a074ef3d4de
4026531872;3766484880;17;3766484860;15;249;2147483848;0;4274268035;4026531900;15;2147483852;0;f000003c0000000f800000cc00;d9b2e77d31a15bd072ad800798706762f9a458f3127c4c2f2bf13161185fac7d
4026531900;15;262;0;0;0;2147483852;0;1542035;4026531900;16;2147483856;0;f000003c00000010800000d000;5dbd4ae7c313fc49906f12bbd7d2e8038ceb1e7571677fad3ea1467459b705b4
4026531872;3766484880;17;4026531900;16;263;2147483856;0;4277413411;3766484860;16;2147483860;0;e07fff7c00000010800000d400;98fe91b6aa1f80685af8e460df5c26c254604f18ca53e9361387e56518be5658
4026531872;3766484880;17;3766484860;16;264;2147483860;0;4274267907;4026531896;16;2147483864;0;f000003800000010800000d800;15be6ae8b9fda9deb90843ade7761acd7b76c5f948b6f3a86e080a6c2e44b8b0
4026531872;3766484880;17;3766484836;70;20;2147483864;0;4249102211;4026531900;70;2147483868;0;f000003c00000046800000dc00;e865564a430a1c1efe6f30fc12d43a91b31de3133677715b2f45e88adb6695ef
4026531896;16;265;4026531900;70;266;2147483868;0;4244073187;0;0;2147483824;0;0000000000000000800000b000;c4b9cddf60596b43f1941bb6ba657283f756134e2044881b2f9258fa75b6ea2d
4026531872;3766484880;17;3766484856;3766484900;22;2147483824;0;4270073603;4026531896;3766484900;2147483828;0;f0000038e07fffa4800000b400;75c58e471baaaeb607c6dd9016bc62474546b7f87b676b4282f0f7a2340c4734
4026531872;3766484880;17;3766484860;16;264;2147483828;0;4274268035;4026531900;16;2147483832;0;f000003c00000010800000b800;7933470e4d506a3a9f3c684f52ee0fd5e1c1b4ee257b2f12f3d12cfb9de38825
4026531896;3766484900;268;4026531900;16;269;2147483832;0;16189363;4026531900;3766484916;2147483836;0;f000003ce07fffb4800000bc00;3f2eac52be69ae6173e634118647ceb52e5adade6eed7fd0314197a1fb669b47
4026531872;3766484880;17;3766484840;0;19;2147483836;0;4253296387;4026531896;0;2147483840;0;f000003800000000800000c000;ef0d0e64c005908dd6398a39aa1c12d8342fb8b5458fea4986d033ef1003c573
4026531896;0;271;0;0;0;2147483840;0;267876115;4026531896;0;2147483844;0;f000003800000000800000c400;80cebd629a9291cdd0470ecf7b18875351ccbad0a6f6f6edc2295bc4f824fc33
4026531900;3766484916;270;3766484916;0;4294967295;2147483844;0;15171619;4026531968;0;2147483844;1;f000008000000000800000c401;2579c3399e664e8f46c1178e6d91458fc37aeef55ed7f10d4a279f1de3d14cdb
4026531900;3766484916;270;4026531896;0;272;2147483844;1;15171619;4026531972;0;2147483844;2;f000008400000000800000c402;55b9507bce2014ab22734700625c7b8acaab43d6a98934f112274999d0023e98
4026531968;0;273;4026531972;0;274;2147483844;2;15171619;4026531968;0;2147483844;3;f000008000000000800000c403;456626a17fe1946f0c16ac8cc0beab24b63d64e5e498232a469f12e152586e97
4026531900;3766484916;270;4026531968;0;275;2147483844;3;15171619;3766484916;0;2147483848;0;e07fffb400000000800000c800;09547a928b1b35aca373e3fbcdfd272f550125b4cac2aaef361dec2a77e70ad7
4026531872;3766484880;17;3766484860;16;264;2147483848;0;4274268035;4026531900;16;2147483852;0;f000003c00000010800000cc00;0865420a05c1d2dcf7c891349da61d649067d165fec7fc6c835870cf13f53fd8
4026531900;16;277;0;0;0;2147483852;0;1542035;4026531900;17;2147483856;0;f000003c00000011800000d000;a96fc0cad6945b20c6891e2037f16e3612cd07f1db9047a10284773997622878
4026531872;3766484880;17;4026531900;17;278;2147483856;0;4277413411;3766484860;17;2147483860;0;e07fff7c00000011800000d400;a730f70b3ebf7af4d10965205461f02e5c7325fd92310589f532373e5701b50b
4026531872;3766484880;17;3766484860;17;279;2147483860;0;4274267907;4026531896;17;2147483864;0;f000003800000011800000d800;784849e00229c2cff3326e27c9a307874735c10673c1c3ddd50e640643313b39
4026531872;3766484880;17;3766484836;70;20;2147483864;0;4249102211;4026531900;70;2147483868;0;f000003c00000046800000dc00;d105e94f71375aa38143008aa73bd5b178e591d23522b8ca435981554a9408ec
4026531896;17;280;4026531900;70;281;2147483868;0;4244073187;0;0;2147483824;0;0000000000000000800000b000;d9d0485a1dc485f01a60e7b284bae3e6570a8c63bb90c2f57a7e2f10aa9c016b
4026531872;3766484880;17;3766484856;3766484900;22;2147483824;0;4270073603;4026531896;3766484900;2147483828;0;f0000038e07fffa4800000b400;846a97bdb3f00fa4c6bf3df6219904074852cd8000c6a425d1a3e56c0670f2d5
4026531872;3766484880;17;3766484860;17;279;2147483828;0;4274268035;4026531900;17;2147483832;0;f000003c00000011800000b800;d6f40ceb26d9e849115f8a8d97552aeacd59fd91baa31db9f3b9d24465f663a9
4026531896;3766484900;283;4026531900;17;284;2147483832;0;16189363;4026531900;3766484917;2147483836;0;f000003ce07fffb5800000bc00;d935480bc60d9808308a4f7d36faf55cd4ea616be7b622f88bba3f4d6a56069f
4026531872;3766484880;17;3766484840;0;19;2147483836;0;4253296387;4026531896;0;2147483840;0;f000003800000000800000c000;db45e19a0cf295744c1f450e2486a19b5cf14c9d219e630b36d114cbbb2b5802
4026531896;0;286;0;0;0;2147483840;0;267876115;4026531896;0;2147483844;0;f000003800000000800000c400;1b68645f0c6d0e8c96bf2a8fed24dab13d6d11a585e25fafbdd662514d1e0a85
4026531900;3766484917;285;3766484916;0;276;2147483844;0;15171619;4026531968;0;2147483844;1;f000008000000000800000c401;d325fae470d180d2a3e1a6b496addfc0f691448c847bc689ab996b9ca1691c52
4026531900;3766484917;285;4026531896;0;287;2147483844;1;15171619;4026531972;0;2147483844;2;f000008400000000800000c402;5c04438f38ce0ed91895e591a47e46b31af23354bff31e7b4cea534fcd6b1c03
4026531968;0;288;4026531972;0;289;2147483844;2;15171619;4026531968;0;2147483844;3;f000008000000000800000c403;760fc2d687c4fa35b14f477a85bb5cf6e71fbaf50623fdffc943da37f8ce2625
4026531900;3766484917;285;4026531968;0;290;2147483844;3;15171619;3766484916;0;2147483848;0;e07fffb400000000800000c800;8f29b62879a384370521086ce5c5200564405bb522e34198e8368f8296ac4fee
4026531872;3766484880;17;3766484860;17;279;2147483848;0;4274268035;4026531900;17;2147483852;0;f000003c00000011800000cc00;cee7f29c66cfdca612274f5b1b5abe4d28aebfd7a273286f1694bf490d290f36
4026531900;17;292;0;0;0;2147483852;0;1542035;4026531900;18;2147483856;0;f000003c00000012800000d000;bdc51b0df90824bc4dd2510b1f5bb84f84ebb5cc6e42d3182f328b8a63bd1551
4026531872;3766484880;17;4026531900;18;293;2147483856;0;4277413411;3766484860;18;2147483860;0;e07fff7c00000012800000d400;152461f6616c145fba87e579d3bff97d17b01837cb604b37182b1527a01a53c5
4026531872;3766484880;17;3766484860;18;294;2147483860;0;4274267907;4026531896;18;2147483864;0;f000003800000012800000d800;6d7f74f770bf2ed765415564a1ce448b00950d8136ac5c4e5202e88866c57e3f
4026531872;3766484880;17;3766484836;70;20;2147483864;0;4249102211;4026531900;70;2147483868;0;f000003c00000046800000dc00;09e3317ae0001502026aa47dda0a4cf5028b07b5d34592e42811338c36ddc797
4026531896;18;295;4026531900;70;296;2147483868;0;4244073187;0;0;2147483824;0;0000000000000000800000b000;b7591cc0d871a7f5e89cbbd63bf1b94f6de168f4451f1336863d14b38380389e
4026531872;3766484880;17;3766484856;3766484900;22;2147483824;0;4270073603;4026531896;3766484900;2147483828;0;f0000038e07fffa4800000b400;e84b4d90a9d88756ff3d0e706fa216b9c12d8a89c8a8067b36f5cff7a01a811f
4026531872;3766484880;17;3766484860;18;294;2147483828;0;4274268035;4026531900;18;2147483832;0;f000003c00000012800000b800;fff0c52e2219dbcf5c3ea3e796dde07c2f224ef46dd8f7b59000aad9e56a43fd
4026531896;3766484900;298;4026531900;18;299;2147483832;0;16189363;4026531900;3766484918;2147483836;0;f000003ce07fffb6800000bc00;f12dc126b410876b70d21ce9c40cad70ba12b30c0823d51fa41c357b5185754d
4026531872;3766484880;17;3766484840;0;19;2147483836;0;4253296387;4026531896;0;2147483840;0;f000003800000000800000c000;a07088ba3fbf2600221404f663eeef9c2a46cc09132915ebc1a83ce0766e2baf
4026531896;0;301;0;0;0;2147483840;0;267876115;4026531896;0;2147483844;0;f000003800000000800000c400;baa0bd8df20a7b2278bb296f525adc6d787c9c814538ad0f0acf9da431dce16b
4026531900;3766484918;300;3766484916;0;291;2147483844;0;15171619;4026531968;0;2147483844;1;f000008000000000800000c401;bfed8dc25c8b8e88d7ec2b24034a6264cd5a62adcf4dc9da2613357eb883126b
4026531900;3766484918;300;4026531896;0;302;2147483844;1;15171619;4026531972;0;2147483844;2;f000008400000000800000c402;e39a1736c7835a3aa6fd220263f8f5abaed2df79d2728a21a528c909e6672e70
4026531968;0;303;4026531972;0;304;2147483844;2;15171619;4026531968;0;2147483844;3;f000008000000000800000c403;e002ebe1427344a9391094a79bf86f606bd9ea9fff2863952420a9d0de20f441
4026531900;3766484918;300;4026531968;0;305;2147483844;3;15171619;3766484916;0;2147483848;0;e07fffb400000000800000c800;b93ea4c923be91036844f954e9ae1a23240970941bec70cb2c17a92b8e63fb61
4026531872;3766484880;17;3766484860;18;294;2147483848;0;4274268035;4026531900;18;2147483852;0;f000003c00000012800000cc00;2573c575ba5fac3564b647903438b5ba59d11c28b4b53a60d2099b79bca04e9b
4026531900;18;307;0;0;0;2147483852;0;1542035;4026531900;19;2147483856;0;f000003c00000013800000d000;614c5c096ed10a3190b63c056eb094de8e448408fcf2bee67f52e951dae38802
4026531872;3766484880;17;4026531900;19;308;2147483856;0;4277413411;3766484860;19;2147483860;0;e07fff7c00000013800000d400;f8518a7438b90665be70e8aad375ad880bb7db2c41121e20b23bf5bc7b22c3ed
4026531872;3766484880;17;3766484860;19;309;2147483860;0;4274267907;4026531896;19;2147483864;0;f000003800000013800000d800;369a58219e361752ecb232186a0c6bcf5ec3b94f3cdbe3c0934546fc7eeef61f
4026531872;3766484880;17;3766484836;70;20;2147483864;0;4249102211;4026531900;70;2147483868;0;f000003c00000046800000dc00;83424aa812efb73c3f34c5a84afbb12c4b81821543ef9ba786d4da9f2eb916d4
4026531896;19;310;4026531900;70;311;2147483868;0;4244073187;0;0;2147483824;0;0000000000000000800000b000;d075a9d244867d554799ecd95779af9332a9c5326ed383229b95a2186db02b1d
4026531872;3766484880;17;3766484856;3766484900;22;2147483824;0;4270073603;4026531896;3766484900;2147483828;0;f0000038e07fffa4800000b400;baee57a27ac4e280b168e606e3b890aaf7e97da9867462bdaa582ba2a83480be
4026531872;3766484880;17;3766484860;19;309;2147483828;0;4274268035;4026531900;19;2147483832;0;f000003c00000013800000b800;9b1c7cae546f9f283162450d1550a319ae280284ecebaed8b0bcd6185c35aae8
4026531896;3766484900;313;4026531900;19;314;2147483832;0;16189363;4026531900;3766484919;2147483836;0;f000003ce07fffb7800000bc00;f922ab73d3e63225c93cc44ce4a320c4c24e5f36898616944e08bde1dc9f2c16
4026531872;3766484880;17;3766484840;0;19;2147483836;0;4253296387;4026531896;0;2147483840;0;f000003800000000800000c000;7682cb6b46f7b1415b37ea3fc271c2c146424df36e1f230340b6e9f6adf07aaa
4026531896;0;316;0;0;0;2147483840;0;267876115;4026531896;0;2147483844;0;f000003800000000800000c400;fd1ee45c2afc88b98faf6ee681def2e694e0fa3a8d82dbcc0dcb4b4c90b0a94a
4026531900;3766484919;315;3766484916;0;306;2147483844;0;15171619;4026531968;0;2147483844;1;f000008000000000800000c401;bf4581f3879fd3043d749b28d39914a37529a29641ea47ee5d18689fd7d7006f
4026531900;3766484919;315;4026531896;0;317;2147483844;1;15171619;4026531972;0;2147483844;2;f000008400000000800000c402;c2596876c51da5e5e9283c61a4d538e6018de9bf1464dcc4afcc264d0301c453
4026531968;0;318;4026531972;0;319;2147483844;2;15171619;4026531968;0;2147483844;3;f000008000000000800000c403;d7e6ee633d875f6e47eec90642da6cdc7736942071b2ef96f9f6552d07ab3f9d
4026531900;3766484919;315;4026531968;0;320;2147483844;3;15171619;3766484916;0;2147483848;0;e07fffb400000000800000c800;fc79a00126b29aa561014f39438ec5a75057e4928aee0877e847a21b94fd737b
4026531872;3766484880;17;3766484860;19;309;2147483848;0;4274268035;4026531900;19;2147483852;0;f000003c00000013800000cc00;a28e9dd1db6c74fa0aef898a7a80c22bf82d756ba23ba72619d24827a2919ab8
4026531900;19;322;0;0;0;2147483852;0;1542035;4026531900;20;2147483856;0;f000003c00000014800000d000;f4db9a2ff46c39f36d1fb4fe7ba377cef23ee0898a69321da4d80d736c7afa19
4026531872;3766484880;17;4026531900;20;323;2147483856;0;4277413411;3766484860;20;2147483860;0;e07fff7c00000014800000d400;bd7e631d315c5da5f42b1bb143b8033a6898fc59535d57740cae7888fbae65f3
4026531872;3766484880;17;3766484860;20;324;2147483860;0;4274267907;4026531896;20;2147483864;0;f000003800000014800000d800;bd514be292c3bed8948aa5fba15ca25bb744c649e0999f34e24274c32a82618a
4026531872;3766484880;17;3766484836;70;20;2147483864;0;4249102211;4026531900;70;2147483868;0;f000003c00000046800000dc00;405ff073912122cea795f710010e380356f3529fa1e913addc3b47be3cc6ed78
4026531896;20;325;4026531900;70;326;2147483868;0;4244073187;0;0;2147483824;0;0000000000000000800000b000;c8b702d2fa35a4bd975b8e4c1e6215871c4523ee0c2962bc275ecefdaabe3403
4026531872;3766484880;17;3766484856;3766484900;22;2147483824;0;4270073603;4026531896;3766484900;2147483828;0;f0000038e07fffa4800000b400;44a4ca4ec1b6afcc88b9126f7b6d97793ea636695a54bb24f3c5c1838e45a773
4026531872;3766484880;17;3766484860;20;324;2147483828;0;4274268035;4026531900;20;2147483832;0;f000003c00000014800000b800;2ce9b5b099877ae7515fff7e7591875b911eae9d705b3c1368953892ddfeafbb
4026531896;3766484900;328;4026531900;20;329;2147483832;0;16189363;4026531900;3766484920;2147483836;0;f000003ce07fffb8800000bc00;97b970964f9d833a12b11cb490e24e26020f4482bb99d20908bd35681e3d7046
4026531872;3766484880;17;3766484840;0;19;2147483836;0;4253296387;4026531896;0;2147483840;0;f000003800000000800000c000;96100f0124b15218a9843ad21b0c449651122210c6ed60e7b473e7425b4c25c0
4026531896;0;331;0;0;0;2147483840;0;267876115;4026531896;0;2147483844;0;f000003800000000800000c400;d9bf68df207a301fe0b3450e87a4dd66d8b2173e26fd64435fdcdeae5bdf4a26
4026531900;3766484920;330;3766484920;0;4294967295;2147483844;0;15171619;4026531968;0;2147483844;1;f000008000000000800000c401;1e8284413f353d2dc1d7ee589c5e3dc36ff491d651497c17b65b4f2519aa01de
4026531900;3766484920;330;4026531896;0;332;2147483844;1;15171619;4026531972;0;2147483844;2;f000008400000000800000c402;5cf1a46a013d7212945329ecc6713e6dd84ee68fb24521babe9f3ed20796f37c
4026531968;0;333;4026531972;0;334;2147483844;2;15171619;4026531968;0;2147483844;3;f000008000000000800000c403;efbbd1e540460e0d46323ef8fa72b5c06c02f55923dbb0c13658fc62affaff90
4026531900;3766484920;330;4026531968;0;335;2147483844;3;15171619;3766484920;0;2147483848;0;e07fffb800000000800000c800;2f2f80e76050065800d3cac695bda24f8b1a9718230baed3686ac645a45497c8
4026531872;3766484880;17;3766484860;20;324;2147483848;0;4274268035;4026531900;20;2147483852;0;f000003c00000014800000cc00;6f24072ab641bfcd3dffdc546aa1c5e24be567f843c14b8c82356fcd4aee8380
4026531900;20;337;0;0;0;2147483852;0;1542035;4026531900;21;2147483856;0;f000003c00000015800000d000;da7765042756a76576d8ce9efc35e3632958036968966834d3449e4f3cdda2f2
4026531872;3766484880;17;4026531900;21;338;2147483856;0;4277413411;3766484860;21;2147483860;0;e07fff7c00000015800000d400;63f00d86977f4d05dae34707805813dc62b964a5ad0c9a041978c2cbf4ddedab
4026531872;3766484880;17;3766484860;21;339;2147483860;0;4274267907;4026531896;21;2147483864;0;f000003800000015800000d800;77c1cd48b2ef20f9e743ab314efb1dfb2ee4be1184b5613087543e1f038355f6
4026531872;3766484880;17;3766484836;70;20;2147483864;0;4249102211;4026531900;70;2147483868;0;f000003c00000046800000dc00;35ab19a2f5535ad615e6ea0a36a209d5a1b098473f0820162c208f47616d24dc
4026531896;21;340;4026531900;70;341;2147483868;0;4244073187;0;0;2147483824;0;0000000000000000800000b000;082139e983b2e643f8f62326a935c8153e8b5e0675528789c6bc31f1b0c7a156
4026531872;3766484880;17;3766484856;3766484900;22;2147483824;0;4270073603;4026531896;3766484900;2147483828;0;f0000038e07fffa4800000b400;9349bd3f7a8c03e1b3194fbac2fdeb5883caf6c7b62f8a8ef7603d84abce1776
4026531872;3766484880;17;3766484860;21;339;2147483828;0;4274268035;4026531900;21;2147483832;0;f000003c00000015800000b800;79791d197152888c0143d7476f73d960e2f464821f91dd1aed9cd977f34021af
4026531896;3766484900;343;4026531900;21;344;2147483832;0;16189363;4026531900;3766484921;2147483836;0;f000003ce07fffb9800000bc00;a3e070588e8401c7e53d81151fa23de33285c79f7953d42dfd6d9228814b68aa
4026531872;3766484880;17;3766484840;0;19;2147483836;0;4253296387;4026531896;0;2147483840;0;f000003800000000800000c000;3a4dd6e2a8c5cffe9fef7a7c15a4eba6201d9e150ff1269e00b06221ec2fe5ab
4026531896;0;346;0;0;0;2147483840;0;267876115;4026531896;0;2147483844;0;f000003800000000800000c400;4e6369a046003c01daad18f7995cd1a725a4d095578dfe0d0023202e265912d5
4026531900;3766484921;345;3766484920;0;336;2147483844;0;15171619;4026531968;0;2147483844;1;f000008000000000800000c401;4fcbadde14135050caab584a8ab3dfb9eaf6c1a1878577679456640f45847902
4026531900;3766484921;345;4026531896;0;347;2147483844;1;15171619;4026531972;0;2147483844;2;f000008400000000800000c402;f46674dca7d8715b65295baddd026e3d086ddbd48a0deadd16ad8753a1f92009
4026531968;0;348;4026531972;0;349;2147483844;2;15171619;4026531968;0;2147483844;3;f000008000000000800000c403;493e645fa9eb9c31930a41d524f02b31c7f81468ef1735aef0294c47c2e5de4a
4026531900;3766484921;345;4026531968;0;350;2147483844;3;15171619;3766484920;0;2147483848;0;e07fffb800000000800000c800;e4fcfd5c0aaf0a495af11505aea8741e7738b1bd94cae726a4b8ff7c8ce9da1f
4026531872;3766484880;17;3766484860;21;339;2147483848;0;4274268035;4026531900;21;2147483852;0;f000003c00000015800000cc00;abe10627f7a2dd5ea5c8ae5a7761762923ec8bdb3c5ab392a8d6dc236abdfc04
4026531900;21;352;0;0;0;2147483852;0;1542035;4026531900;22;2147483856;0;f000003c00000016800000d000;4172b0e17b5bcc96181f6191714b3e459f52fee46e6ea268194747047b0e5a67
4026531872;3766484880;17;4026531900;22;353;2147483856;0;4277413411;3766484860;22;2147483860;0;e07fff7c00000016800000d400;57860d5051a075ede7c0c5872edee27f618c727885bbfb894a103949b60bf9b8
4026531872;3766484880;17;3766484860;22;354;2147483860;0;4274267907;4026531896;22;2147483864;0;f000003800000016800000d800;fe01a6eb3f841ee5acd72b7d7bc8b861ad9f06b5a0db777337eb0552ed2396a1
4026531872;3766484880;17;3766484836;70;20;2147483864;0;4249102211;4026531900;70;2147483868;0;f000003c00000046800000dc00;4f6285180c3bc1e54bcce9710b715e0b5850bc7d7df0a70a934f0fb23c9d94ec
4026531896;22;355;4026531900;70;356;2147483868;0;4244073187;0;0;2147483824;0;0000000000000000800000b000;2940b22b5c3db844d65a764467d46326dc88634dba26dc218e2af828353da12c
4026531872;3766484880;17;3766484856;3766484900;22;2147483824;0;4270073603;4026531896;3766484900;2147483828;0;f0000038e07fffa4800000b400;eb9cd6d01deb0db2d746b63ad06a563e455c53edf8965ff80c844c915de3fda6
4026531872;3766484880;17;3766484860;22;354;2147483828;0;4274268035;4026531900;22;2147483832;0;f000003c00000016800000b800;95c100fec30fb8d3a3751238b9f3bd15bf01c27162b6575e568c3e324f8c3f3b
4026531896;3766484900;358;4026531900;22;359;2147483832;0;16189363;4026531900;3766484922;2147483836;0;f000003ce07fffba800000bc00;b4cf2c92ad3ac3062a4680f072a4a872d771ad32dfc76ab7297442b3ec819419
4026531872;3766484880;17;3766484840;0;19;2147483836;0;4253296387;4026531896;0;2147483840;0;f000003800000000800000c000;c04d960ced279a98b0b8989da6d7f39e5d01e7fa1f129f787409adc7820f3ca3
4026531896;0;361;0;0;0;2147483840;0;267876115;4026531896;0;2147483844;0;f000003800000000800000c400;92981f550f5d2692904e3429d7831ce7a1dcc388612e2ce92808bf207c9c96d8
4026531900;3766484922;360;3766484920;0;351;2147483844;0;15171619;4026531968;0;2147483844;1;f000008000000000800000c401;31896d65e7ff074d39d9025f52a82443883ffa7ed2ae7b3d6c54f178b47b9bc4
4026531900;3766484922;360;4026531896;0;362;2147483844;1;15171619;4026531972;0;2147483844;2;f000008400000000800000c402;8bb5b5c7987126953d85dd2709b98cf3a0b2860ea90e428df5287c08764fb59c
4026531968;0;363;4026531972;0;364;2147483844;2;15171619;4026531968;0;2147483844;3;f000008000000000800000c403;ab53a55812062b2eb445b198e144a31795db8acbac11843eefbbe3f675886df0
4026531900;3766484922;360;4026531968;0;365;2147483844;3;15171619;3766484920;0;2147483848;0;e07fffb800000000800000c800;864c02fe67eed1f3a1192c8e4f6eaaa377edc74aed7849e9dd92945a66b7d8ca
4026531872;3766484880;17;3766484860;22;354;2147483848;0;4274268035;4026531900;22;2147483852;0;f000003c00000016800000cc00;73b1b01b6eadb987bd1a8d50777705834691f43bb308e4c44fe540bad13439d9
4026531900;22;367;0;0;0;2147483852;0;1542035;4026531900;23;2147483856;0;f000003c00000017800000d000;d52377a55ebe3bda9ba5bcccfe26a89d3ea7aee18c7abe0ebfcd45ae20cecd38
4026531872;3766484880;17;4026531900;23;368;2147483856;0;4277413411;3766484860;23;2147483860;0;e07fff7c00000017800000d400;1a63fd9a51dd838d2540def8ec6582d3ceb6f8156ed4876316a41c1a0405a701
4026531872;3766484880;17;3766484860;23;369;2147483860;0;4274267907;4026531896;23;2147483864;0;f000003800000017800000d800;8ee6af8f4b76648f253d4c29410a23a30b6483ce912d5da2a68e47fa36fe4876
4026531872;3766484880;17;3766484836;70;20;2147483864;0;4249102211;4026531900;70;2147483868;0;f000003c00000046800000dc00;2c5a1e6a22dee02358f4defd32890e0a47c5230063e53211cd671867483a2398
4026531896;23;370;4026531900;70;371;2147483868;0;4244073187;0;0;2147483824;0;0000000000000000800000b000;3224889471fe1792473d5a7b72994588db3f6b00a5bbe798bd4e1a952e4bd96e
4026531872;3766484880;17;3766484856;3766484900;22;2147483824;0;4270073603;4026531896;3766484900;2147483828;0;f0000038e07fffa4800000b400;8422f43978f3c6c980c0206ee6b9a159c62a12656e22eb983315913465e99915
4026531872;3766484880;17;3766484860;23;369;2147483828;0;4274268035;4026531900;23;2147483832;0;f000003c00000017800000b800;ffa8711165407402b6897bb8d8e982195c21c3fcc1c559783e15926ce6b16af6
4026531896;3766484900;373;4026531900;23;374;2147483832;0;16189363;4026531900;3766484923;2147483836;0;f000003ce07fffbb800000bc00;2e78b3d6dc03013fc4122dd94461f0e589e1401ef6b1d970152167d0bdfe3da9
4026531872;3766484880;17;3766484840;0;19;2147483836;0;4253296387;4026531896;0;2147483840;0;f000003800000000800000c000;5f25deb44515cfd1daeeb71ff13af958189b133a4cfc1332168d4874f1313fb9
4026531896;0;376;0;0;0;2147483840;0;267876115;4026531896;0;2147483844;0;f000003800000000800000c400;de46ee5a73fbd87806c186908e16f6c47e834304817773c14aab410a888a7803
4026531900;3766484923;375;3766484920;0;366;2147483844;0;15171619;4026531968;0;2147483844;1;f000008000000000800000c401;b9daf4a68a8d338bd193e324ef1c9d84cbb21e1a5ad6e4f18f3e43caa2b92a95
4026531900;3766484923;375;4026531896;0;377;2147483844;1;15171619;4026531972;0;2147483844;2;f000008400000000800000c402;47a562a305603004412e270a2b5dfa69ede6594a6ae3ee5dc26270ded22c27eb
4026531968;0;378;4026531972;0;379;2147483844;2;15171619;4026531968;0;2147483844;3;f000008000000000800000c403;4f1a140633a47b263f7e40b3c0471f3a148a56b6e79150d8dedec1d77fb70124
4026531900;3766484923;375;4026531968;0;380;2147483844;3;15171619;3766484920;0;2147483848;0;e07fffb800000000800000c800;26b09ac1b192ad430387315e33479878491fd2e28bc3aef93cb6a429a0d40c0b
4026531872;3766484880;17;3766484860;23;369;2147483848;0;4274268035;4026531900;23;2147483852;0;f000003c00000017800000cc00;698f22b95414510154101e5f48fec91bed80f00b8aeea22413ae6f68b2ae2ffe
4026531900;23;382;0;0;0;2147483852;0;1542035;4026531900;24;2147483856;0;f000003c00000018800000d000;98386de59ad5332a3cec1afa5eab274f66cd810111659ca8f71fb0c0caab3c27
4026531872;3766484880;17;4026531900;24;383;2147483856;0;4277413411;3766484860;24;2147483860;0;e07fff7c00000018800000d400;7413335766b1ac24ef4a69592616afecdb4a9f222b0e5c290971835c258f1d3f
4026531872;3766484880;17;3766484860;24;384;2147483860;0;4274267907;4026531896;24;2147483864;0;f000003800000018800000d800;18f9a446b4b46069676506c35a5bf8827a005235a9486b1e0f9c7b104c044733
4026531872;3766484880;17;3766484836;70;20;2147483864;0;4249102211;4026531900;70;2147483868;0;f000003c00000046800000dc00;0f54cbcdf16a0290d4dcd7fb8a70c4a4264da179066836b7cf2a79443c6147ac
4026531896;24;385;4026531900;70;386;2147483868;0;4244073187;0;0;2147483824;0;0000000000000000800000b000;a327e8412f896a800d9560cabff00b851296ea9e5ebb8360e0322c57b24030f8
4026531872;3766484880;17;3766484856;3766484900;22;2147483824;0;4270073603;4026531896;3766484900;2147483828;0;f0000038e07fffa4800000b400;bc69af9cbcc17e2b2e9eb690defe93e562e0e1012de443f7fc5fa8c9491b9e9a
4026531872;3766484880;17;3766484860;24;384;2147483828;0;4274268035;4026531900;24;2147483832;0;f000003c00000018800000b800;b6bba9aa502a8d852f4ba519993f2471681658ddff4212cad64287075d547614
4026531896;3766484900;388;4026531900;24;389;2147483832;0;16189363;4026531900;3766484924;2147483836;0;f000003ce07fffbc800000bc00;c5d3dd316bc1fd2c20293b80e9d3e36257c8d8bdac4a94aa21222ac9bc6c113c
4026531872;3766484880;17;3766484840;0;19;2147483836;0;4253296387;4026531896;0;2147483840;0;f000003800000000800000c000;eafb71cc57a8c03fd1c0ef05b90e4fb5ab724e74835d4ab47b260ce365a081cc
4026531896;0;391;0;0;0;2147483840;0;267876115;4026531896;0;2147483844;0;f000003800000000800000c400;d101f5d0138c22ad849fae13255084d1db6e888bae2332b3f62ad6e0a4d703a7
4026531900;3766484924;390;3766484924;0;4294967295;2147483844;0;15171619;4026531968;0;2147483844;1;f000008000000000800000c401;fbb3a4467a344ffffccc024cbc8edcbe573a9f5ebd2205dd31e32154c4ae69b4
4026531900;3766484924;390;4026531896;0;392;2147483844;1;15171619;4026531972;0;2147483844;2;f000008400000000800000c402;14c2534dec95f4448bcc366c87ab54caf52d815736b5c9d4bc169f513bf92e2e
4026531968;0;393;4026531972;0;394;2147483844;2;15171619;4026531968;0;2147483844;3;f000008000000000800000c403;0858d0a45fd50d50f245701d9cd5adb66bbffb8a1145ac9b1d4a4d3cbf5a7242
4026531900;3766484924;390;4026531968;0;395;2147483844;3;15171619;3766484924;0;2147483848;0;e07fffbc00000000800000c800;efce5b67349323aaaae2a54c0a30da1874a4b9465a620715d2a84b8fff636161
4026531872;3766484880;17;3766484860;24;384;2147483848;0;4274268035;4026531900;24;2147483852;0;f000003c00000018800000cc00;7ce11526dfce78c077b299625230c053e3d9a6c93bf599dee72aa9c9a8598b70
4026531900;24;397;0;0;0;2147483852;0;1542035;4026531900;25;2147483856;0;f000003c00000019800000d000;f24f99037edf830ae1f0fa768ce94cbb3d3bc952e9db2456e03b3c6bde475a3b
4026531872;3766484880;17;4026531900;25;398;2147483856;0;4277413411;3766484860;25;2147483860;0;e07fff7c00000019800000d400;8dfc30933f721beb1359f719dd2623928f01282a22db99478f2d7001c6228f34
4026531872;3766484880;17;3766484860;25;399;2147483860;0;4274267907;4026531896;25;2147483864;0;f000003800000019800000d800;ea8b731b15f907458ea985c5012f9717000d3e70959dfcc064de8e6d4a93bc81
4026531872;3766484880;17;3766484836;70;20;2147483864;0;4249102211;4026531900;70;2147483868;0;f000003c00000046800000dc00;d1f083b7c2c2605501b271df28cbfc4ede3c4486e60fdd47341082a2924c9d2b
4026531896;25;400;4026531900;70;401;2147483868;0;4244073187;0;0;2147483824;0;0000000000000000800000b000;b25b71f83712076dcf6664ba57708fa3f8d1f96ae92791edeb987fba55de3ecb
4026531872;3766484880;17;3766484856;3766484900;22;2147483824;0;4270073603;4026531896;3766484900;2147483828;0;f0000038e07fffa4800000b400;65dc59854f9701c672805d5ff7f540dfa4e968f23642c0e1c5b9b42890e30695
4026531872;3766484880;17;3766484860;25;399;2147483828;0;4274268035;4026531900;25;2147483832;0;f000003c00000019800000b800;76ace962b4130b3763c66336dc8c1ab8552175269337b41e341d694804cdbc34
4026531896;3766484900;403;4026531900;25;404;2147483832;0;16189363;4026531900;3766484925;2147483836;0;f000003ce07fffbd800000bc00;c2a7f33f31679fe51f2e770b6fb1e2de809e6a0cafeab1329de77c4cf16b15fa
4026531872;3766484880;17;3766484840;0;19;2147483836;0;4253296387;4026531896;0;2147483840;0;f000003800000000800000c000;b3b4ea178714639a8ab0a0f21e864786c8f023088dd122e137d7c2d4db7e3625
4026531896;0;406;0;0;0;2147483840;0;267876115;4026531896;0;2147483844;0;f000003800000000800000c400;4b8bb915244aaedfeb4090c6b3e487a29bdb36c8fdbac6876f410379f6a0e05c
4026531900;3766484925;405;3766484924;0;396;2147483844;0;15171619;4026531968;0;2147483844;1;f000008000000000800000c401;28b96a49bc1d62ec594b043ea473d44e346fdb4fcad3e59dd655e1b45581a3e1
4026531900;3766484925;405;4026531896;0;407;2147483844;1;15171619;4026531972;0;2147483844;2;f000008400000000800000c402;377407ff0d0047af29875bf1bc9e81dba89d4fcc4c05de9305fdc171cb5da093
4026531968;0;408;4026531972;0;409;2147483844;2;15171619;4026531968;0;2147483844;3;f000008000000000800000c403;5d285fb0f04ccc5c73ef4de0097e7d95bee747d0ffc6093f2ed6e171db77ef18
4026531900;3766484925;405;4026531968;0;410;2147483844;3;15171619;3766484924;0;2147483848;0;e07fffbc00000000800000c800;cbda173d0b341f18b8319cfa861538d442922750a11c9ddc80077d795eabb103
4026531872;3766484880;17;3766484860;25;399;2147483848;0;4274268035;4026531900;25;2147483852;0;f000003c00000019800000cc00;f5104e8a0f57ae4246dc9be541606fcc6d1e8ad5c55e215003d60d4d0652cac7
4026531900;25;412;0;0;0;2147483852;0;1542035;4026531900;26;2147483856;0;f000003c0000001a800000d000;cc99081448de902a2ddbdbe8ce4867513e267b53d9fb21eb3fa08b535e18fb5a
4026531872;3766484880;17;4026531900;26;413;2147483856;0;4277413411;3766484860;26;2147483860;0;e07fff7c0000001a800000d400;1d387bcf11806f1541d88b3e047450d49d636153f8f25904aed9c091abce4435
4026531872;3766484880;17;3766484860;26;414;2147483860;0;4274267907;4026531896;26;2147483864;0;f00000380000001a800000d800;0b4ae73b3cbc5882f8f1e8314a2be27c19569931d48002817cee7d75f7a5a3fb
4026531872;3766484880;17;3766484836;70;20;2147483864;0;4249102211;4026531900;70;2147483868;0;f000003c00000046800000dc00;123664320baac51921b814c7152a770beb4247f7a22a265cec746a494d2099ef
4026531896;26;415;4026531900;70;416;2147483868;0;4244073187;0;0;2147483824;0;0000000000000000800000b000;4ddbcfc1e1e62badd024e61a6ad832fe11f2dc89d3fe029b6140dc98a00bc7e3
4026531872;3766484880;17;3766484856;3766484900;22;2147483824;0;4270073603;4026531896;3766484900;2147483828;0;f0000038e07fffa4800000b400;0af8612aadc5142acbda365a93e87339843766452e75f8dfe934a4b1b47c1600
4026531872;3766484880;17;3766484860;26;414;2147483828;0;4274268035;4026531900;26;2147483832;0;f000003c0000001a800000b800;a3dfd2922b23e6180d57886d3a1eb14d53088ae16bcf1ff79d18102e9c88575f
4026531896;3766484900;418;4026531900;26;419;2147483832;0;16189363;4026531900;3766484926;2147483836;0;f000003ce07fffbe800000bc00;8d8e9bd05b74b281d2b43cf048e2c15fec2f3a5e0ed7441e289273a2cc1e3221
4026531872;3766484880;17;3766484840;0;19;2147483836;0;4253296387;4026531896;0;2147483840;0;f000003800000000800000c000;0f17fb43e15dfa48770faeb5618f6b5550b34c8d624918c0d027a6d28fb26057
4026531896;0;421;0;0;0;2147483840;0;267876115;4026531896;0;2147483844;0;f000003800000000800000c400;b1bf1157943441bf67d3ff1346821dc85865db72d623b8711599a5284d2fdf52
4026531900;3766484926;420;3766484924;0;411;2147483844;0;15171619;4026531968;0;2147483844;1;f000008000000000800000c401;0d6ceeaf7322cdb698d844b0ba35490e57070cc3fb4ddf72c025f7aaa117d393
4026531900;3766484926;420;4026531896;0;422;2147483844;1;15171619;4026531972;0;2147483844;2;f000008400000000800000c402;648a3857933775ce76d641a800c947f0828d388e8bed817d4ec69dff2959a8bb
4026531968;0;423;4026531972;0;424;2147483844;2;15171619;4026531968;0;2147483844;3;f000008000000000800000c403;91fc09c0cf33a456ff63c1af5df82eaabaebcf1d4ec55ac9ad66eac90564eb43
4026531900;3766484926;420;4026531968;0;425;2147483844;3;15171619;3766484924;0;2147483848;0;e07fffbc00000000800000c800;d62c2668a0884b11112fba55a39f9db3a6143293accb142a234a2a815fbaac14
4026531872;3766484880;17;3766484860;26;414;2147483848;0;4274268035;4026531900;26;2147483852;0;f000003c0000001a800000cc00;754916939133a50547040d5cee55b58243f40dba3015f1f3efa12650b7770869
4026531900;26;427;0;0;0;2147483852;0;1542035;4026531900;27;2147483856;0;f000003c0000001b800000d000;74e967b9fe2b7b7b9e691930d5f5c5253aa6b1301bce6c06e779bba41117c999
4026531872;3766484880;17;4026531900;27;428;2147483856;0;4277413411;3766484860;27;2147483860;0;e07fff7c0000001b800000d400;b318bd550648ce7ab165ad39d7b381600d6a42b4412c095fa0010ce45986e3e4
4026531872;3766484880;17;3766484860;27;429;2147483860;0;4274267907;4026531896;27;2147483864;0;f00000380000001b800000d800;434e78b4a4d3f4eea8772c173a9427a1f739c0e2e20136ebe3f6557133173e81
4026531872;3766484880;17;3766484836;70;20;2147483864;0;4249102211;4026531900;70;2147483868;0;f000003c00000046800000dc00;b00733544286cbe321513967e6040093ef1d564fbc2f19997816c2e44088d00b
4026531896;27;430;4026531900;70;431;2147483868;0;4244073187;0;0;2147483824;0;0000000000000000800000b000;61eafc5f1b7cf34e0f6955a06d1975d9578effd400eeff7e58d2151a097a6d22
4026531872;3766484880;17;3766484856;3766484900;22;2147483824;0;4270073603;4026531896;3766484900;2147483828;0;f0000038e07fffa4800000b400;b2f6c31018ebf16e568e16b1267342a82b233f860e8ec63cdf82e3d1b1098588
4026531872;3766484880;17;3766484860;27;429;2147483828;0;4274268035;4026531900;27;2147483832;0;f000003c0000001b800000b800;0b5ab17cc525f21c5ffc546fcb6c8515b5c5d2d0c2a1ae52813996df0e77ff19
4026531896;3766484900;433;4026531900;27;434;2147483832;0;16189363;4026531900;3766484927;2147483836;0;f000003ce07fffbf800000bc00;de9c7a910842a5bdbdfbe4fb30e582b6654c28203f1e216201bbaffd4336b339
4026531872;3766484880;17;3766484840;0;19;2147483836;0;4253296387;4026531896;0;2147483840;0;f000003800000000800000c000;70c970e688f217508143f9461d3d058174425b9ae2ce90aa9f239389aab1fcd6
4026531896;0;436;0;0;0;2147483840;0;267876115;4026531896;0;2147483844;0;f000003800000000800000c400;96abbec175e83b0a2b9ec55c9e57f572864017db98f46c34f5774e2099564eef
4026531900;3766484927;435;3766484924;0;426;2147483844;0;15171619;4026531968;0;2147483844;1;f000008000000000800000c401;d60d15daf18cc5b5dc5e25b743ea0fa681b2015b28410adbb138f91c8744f3ae
4026531900;3766484927;435;4026531896;0;437;2147483844;1;15171619;4026531972;0;2147483844;2;f000008400000000800000c402;3cdec0718f76fc071578d6fadd2cba4282ab58ddf755e54e2074c47241e96cca
4026531968;0;438;4026531972;0;439;2147483844;2;15171619;4026531968;0;2147483844;3;f000008000000000800000c403;103ad99cd15a3a9105aebdd2e3e5e04181f20f9016c5e30c2384dffb36b18dd4
4026531900;3766484927;435;4026531968;0;440;2147483844;3;15171619;3766484924;0;2147483848;0;e07fffbc00000000800000c800;5a1db8a33a3c7fb23639a28e38264492aefa87b22ba772bb813e1f75b23bfa8f
4026531872;3766484880;17;3766484860;27;429;2147483848;0;4274268035;4026531900;27;2147483852;0;f000003c0000001b800000cc00;cd5330444ba80ca1178704c3706bb9eaca4dba4ea9bf429f197931b9f4111c91
4026531900;27;442;0;0;0;2147483852;0;1542035;4026531900;28;2147483856;0;f000003c0000001c800000d000;277ec9ccb17a7c6661dcadd5599ac8f47a094b54873fea52a0561c7c0dcd3a86
4026531872;3766484880;17;4026531900;28;443;2147483856;0;4277413411;3766484860;28;2147483860;0;e07fff7c0000001c800000d400;3440cc92935d79a93a04699ebca795d86e6c76a3f0b039281b3a4de08726f02b
4026531872;3766484880;17;3766484860;28;444;2147483860;0;4274267907;4026531896;28;2147483864;0;f00000380000001c800000d800;312072aa93db23de80d958fff3bbeae34afc87aa49944aec6956802add3a873f
4026531872;3766484880;17;3766484836;70;20;2147483864;0;4249102211;4026531900;70;2147483868;0;f000003c00000046800000dc00;974445ada10550f116628f9d311a056db1cae330753548b4dbd82694686ac0ae
4026531896;28;445;4026531900;70;446;2147483868;0;4244073187;0;0;2147483824;0;0000000000000000800000b000;a9b6e60fb1df0475d7baed77d14bc5f448216df5c2e626faad7731e2ccc12291
4026531872;3766484880;17;3766484856;3766484900;22;2147483824;0;4270073603;4026531896;3766484900;2147483828;0;f0000038e07fffa4800000b400;a7d257563bdb37ceba82913a9837be485d6739f1840776bce1fce1c89e2225ce
4026531872;3766484880;17;3766484860;28;444;2147483828;0;4274268035;4026531900;28;2147483832;0;f000003c0000001c800000b800;f32a773d07ea25902d51857b8d73ad67ea40e33ed44673fd7f637fbdaf6abf47
4026531896;3766484900;448;4026531900;28;449;2147483832;0;16189363;4026531900;3766484928;2147483836;0;f000003ce07fffc0800000bc00;b6c281d81d5a62a9c6fe18a2b122cdca03add95b7a9f2545bb20294fd86e7822
4026531872;3766484880;17;3766484840;0;19;2147483836;0;4253296387;4026531896;0;2147483840;0;f000003800000000800000c000;c8611cdd80717b5e43d12f6ce6d3e4b004b56750aa6061712c81245ba0a939de
4026531896;0;451;0;0;0;2147483840;0;267876115;4026531896;0;2147483844;0;f000003800000000800000c400;e076f7149df2c335c4324b7e1b0ea41dfedae910a3fbd7d669bb27c817e4d661
4026531900;3766484928;450;3766484928;0;4294967295;2147483844;0;15171619;4026531968;0;2147483844;1;f000008000000000800000c401;2cce1ba91e2e9907f43c363a987de4a05d445af231add6b835afa54d1f66ab46
4026531900;3766484928;450;4026531896;0;452;2147483844;1;15171619;4026531972;0;2147483844;2;f000008400000000800000c402;0daf0da080bed5fb7d16e1d5de66b3e5becbfa92a0edaf2fe6888f1de8ea6ddb
4026531968;0;453;4026531972;0;454;2147483844;2;15171619;4026531968;0;2147483844;3;f000008000000000800000c403;ed2160081ba59d0851e4605ee56bbc53001e747b4146b829dafae8b55e8bc3e3
4026531900;3766484928;450;4026531968;0;455;2147483844;3;15171619;3766484928;0;2147483848;0;e07fffc000000000800000c800;0513e34d90c7e6209325db22ab6412764ecd6865b065203f5a67af1d68cd1ab3
4026531872;3766484880;17;3766484860;28;444;2147483848;0;4274268035;4026531900;28;2147483852;0;f000003c0000001c800000cc00;2b987e6330cedb7ad57fb481706bb7cbb9f79814ce695920ea11cfba036878cf
4026531900;28;457;0;0;0;2147483852;0;1542035;4026531900;29;2147483856;0;f000003c0000001d800000d000;ddecaf6831375d8b22cd60a29084b7713337f605c6a35998a0efb674c75bca5e
4026531872;3766484880;17;4026531900;29;458;2147483856;0;4277413411;3766484860;29;2147483860;0;e07fff7c0000001d800000d400;0211126ce25f0b45a991df16ed19d174f1bfc4711de62ca319cc2713984e47e4
4026531872;3766484880;17;3766484860;29;459;2147483860;0;4274267907;4026531896;29;2147483864;0;f00000380000001d800000d800;0cc31726509df03b1131cd40c138fb6c4d218b83ad2a4a9e52e953e78d4cec60
4026531872;3766484880;17;3766484836;70;20;2147483864;0;4249102211;4026531900;70;2147483868;0;f000003c00000046800000dc00;95bd0d53e0a7fce30a8614ce027adc04dc131a0f396fcb31ac6cce51fef5be2e
4026531896;29;460;4026531900;70;461;2147483868;0;4244073187;0;0;2147483824;0;0000000000000000800000b000;c6350466b9e4cab797350c8d165c0f956529b01055b238441db7465117e190d1
4026531872;3766484880;17;3766484856;3766484900;22;2147483824;0;4270073603;4026531896;3766484900;2147483828;0;f0000038e07fffa4800000b400;c215e055aeddd6762c2bff948c3516e8cfd95e790bc81c3f70b287566208cf97
4026531872;3766484880;17;3766484860;29;459;2147483828;0;4274268035;4026531900;29;2147483832;0;f000003c0000001d800000b800;4de2e97a8f4ad50d07222079dbb0f95192a4bf016c916b8e2e2d8d8849408772
4026531896;3766484900;463;4026531900;29;464;2147483832;0;16189363;4026531900;3766484929;2147483836;0;f000003ce07fffc1800000bc00;97bb1f49bd94ec3a97a627bd163b5cf3241d58b9ae521c719e3bfdc3c8c8f6fe
4026531872;3766484880;17;3766484840;0;19;2147483836;0;4253296387;4026531896;0;2147483840;0;f000003800000000800000c000;9ccabdd1b8e5cc44be246deea71d484392f125559ede9eb1f57c1ad15c60ecdd
4026531896;0;466;0;0;0;2147483840;0;267876115;4026531896;0;2147483844;0;f000003800000000800000c400;c8d6642e97786afd8cef553988f7ccd8c08b449cf39739a39e3e736a03083d54
4026531900;3766484929;465;3766484928;0;456;2147483844;0;15171619;4026531968;0;2147483844;1;f000008000000000800000c401;17926dcdf293ade92a6fbd501ce540199bbc522133450dcf685be37447b0ae7c
4026531900;3766484929;465;4026531896;0;467;2147483844;1;15171619;4026531972;0;2147483844;2;f000008400000000800000c402;7b56500258d146f7990fa19a136d90d6d5a708c5eb4fe820ede1bc56203e9c93
4026531968;0;468;4026531972;0;469;2147483844;2;15171619;4026531968;0;2147483844;3;f000008000000000800000c403;dba9ddb80ce06635ca4ad63a3416a24f07571fd89466d6a111a530bdff2bab6c
4026531900;3766484929;465;4026531968;0;470;2147483844;3;15171619;3766484928;0;2147483848;0;e07fffc000000000800000c800;8af855e5d6d56e0729e8dd134b7a2928dbe6452280cc4e571b1b2594a6c8fe3f
4026531872;3766484880;17;3766484860;29;459;2147483848;0;4274268035;4026531900;29;2147483852;0;f000003c0000001d800000cc00;2dd17cd9036a28db3c800ea9033948642fe35db1eed607db8aa4da2e2483a4b9
4026531900;29;472;0;0;0;2147483852;0;1542035;4026531900;30;2147483856;0;f000003c0000001e800000d000;10eda41a251921c2152b8d1404fd61bf2658556348774b7e038341a64b387b29
4026531872;3766484880;17;4026531900;30;473;2147483856;0;4277413411;3766484860;30;2147483860;0;e07fff7c0000001e800000d400;8e6501f859ed7e11835d001039da59ff1377d06feeb14915e42785cb73f9be48
4026531872;3766484880;17;3766484860;30;474;2147483860;0;4274267907;4026531896;30;2147483864;0;f00000380000001e800000d800;dee004e6b771b58f272a686f7c05deb03b2bd09166e1ccac2fe2ec4aceebbb6b
4026531872;3766484880;17;3766484836;70;20;2147483864;0;4249102211;4026531900;70;2147483868;0;f000003c00000046800000dc00;2bd796eb6275e6195a7178b3116d4957dd18d495c3c7e5a9630bc90299f21043
4026531896;30;475;4026531900;70;476;2147483868;0;4244073187;0;0;2147483824;0;0000000000000000800000b000;251ae58eefdd8d146a996dc5f629aa4be7d590a02f1e613278e635326e89b935
4026531872;3766484880;17;3766484856;3766484900;22;2147483824;0;4270073603;4026531896;3766484900;2147483828;0;f0000038e07fffa4800000b400;7a38c56323baec129b4e37eb147a5910728e48b675cdbca091bb6d01ac777fa7
4026531872;3766484880;17;3766484860;30;474;2147483828;0;4274268035;4026531900;30;2147483832;0;f000003c0000001e800000b800;46671b676d6dbf449d1a357e2bc255c708c919f348a33c15d4d81f7ce5c2267d
4026531896;3766484900;478;4026531900;30;479;2147483832;0;16189363;4026531900;3766484930;2147483836;0;f000003ce07fffc2800000bc00;0a1368a3c91481811d266f74c87f65d2357cd27b8e28db23554c6808a694d5eb
4026531872;3766484880;17;3766484840;0;19;2147483836;0;4253296387;4026531896;0;2147483840;0;f000003800000000800000c000;165ff77650d625dd54f70c9dd98c4e68cba3baf45b9d9082c096ada5872cb4c0
4026531896;0;481;0;0;0;2147483840;0;267876115;4026531896;0;2147483844;0;f000003800000000800000c400;d7634b6b136262c5aff7f3a15962eb8c4633640295d81194b05032e867831217
4026531900;3766484930;480;3766484928;0;471;2147483844;0;15171619;4026531968;0;2147483844;1;f000008000000000800000c401;e878ece4ba30cadd5ecdbdc5948d4760e18070a0e594c24c7587aa5c01bf64ba
4026531900;3766484930;480;4026531896;0;482;2147483844;1;15171619;4026531972;0;2147483844;2;f000008400000000800000c402;7c31b62768641ca9b34748921426f3866c0544c63bff52c840d918d40f72a669
4026531968;0;483;4026531972;0;484;2147483844;2;15171619;4026531968;0;2147483844;3;f000008000000000800000c403;d0fbf825da8cbde99cb39e21260335c97da3a3eb230a914c95440be6809ed643
4026531900;3766484930;480;4026531968;0;485;2147483844;3;15171619;3766484928;0;2147483848;0;e07fffc000000000800000c800;77988b267eb27673385ed77abc4ad8c6ab7ee624ae217416c02513cd5b0dc8d7
4026531872;3766484880;17;3766484860;30;474;2147483848;0;4274268035;4026531900;30;2147483852;0;f000003c0000001e800000cc00;43c1205650742228084ec764fe439649db4e7ec06df08062995011b3733a5742
4026531900;30;487;0;0;0;2147483852;0;1542035;4026531900;31;2147483856;0;f000003c0000001f800000d000;32d005dc41eed9d3a6883733ab82acd6f570c8a632b43ba46825aa3ff40eb69d
4026531872;3766484880;17;4026531900;31;488;2147483856;0;4277413411;3766484860;31;2147483860;0;e07fff7c0000001f800000d400;0de3d409549fc3fcd7d2853afc80b065b8cc3f3e5af931db88a4107a5674fe4e
4026531872;3766484880;17;3766484860;31;489;2147483860;0;4274267907;4026531896;31;2147483864;0;f00000380000001f800000d800;50a399e7c7c506ec77281914e44ba26af2193cb7ad150c0aa507f5e642bdfbbf
4026531872;3766484880;17;3766484836;70;20;2147483864;0;4249102211;4026531900;70;2147483868;0;f000003c00000046800000dc00;a97d780405448e624fa1963c19e28f7d46d06c13840866e4f1d3062bbf5fbff5
4026531896;31;490;4026531900;70;491;2147483868;0;4244073187;0;0;2147483824;0;0000000000000000800000b000;bf3cfdf200c7e63381ff7945a4f77736170c261d3f4c21274f5fa8d1e9445db8
4026531872;3766484880;17;3766484856;3766484900;22;2147483824;0;4270073603;4026531896;3766484900;2147483828;0;f0000038e07fffa4800000b400;171378f97a5e71038b44e1ca043bebd33d3863d95c4cb04ec2226619d2191920
4026531872;3766484880;17;3766484860;31;489;2147483828;0;4274268035;4026531900;31;2147483832;0;f000003c0000001f800000b800;b019851dc48579fc9b688c9c2afe8dde6d09e53a7c5594ab1d46123acba1e0f8
4026531896;3766484900;493;4026531900;31;494;2147483832;0;16189363;4026531900;3766484931;2147483836;0;f000003ce07fffc3800000bc00;ab8118887cb1d85489f06ee6597fe953b86fdc8b6107f355766a98bfe1e4a3bd
4026531872;3766484880;17;3766484840;0;19;2147483836;0;4253296387;4026531896;0;2147483840;0;f000003800000000800000c000;7aa8348ae1204649ab1d3c79c440b4fa031b6e1a63669a540f53b1e152f60ca3
4026531896;0;496;0;0;0;2147483840;0;267876115;4026531896;0;2147483844;0;f000003800000000800000c400;c6eab2890a9d9a08987d8fc1eb653fd10b65b99d913d28f922a7f9f8d35be409
4026531900;3766484931;495;3766484928;0;486;2147483844;0;15171619;4026531968;0;2147483844;1;f000008000000000800000c401;434f3946d7a6b4d971b2055d1ce0e9dc7044f3e00ee56e6da5d29b4a8d4ac2bb
4026531900;3766484931;495;4026531896;0;497;2147483844;1;15171619;4026531972;0;2147483844;2;f000008400000000800000c402;40f89ccd70709a31404021eaec1b38f123f32d5db7f9bab398ffb7663a46d7d4
4026531968;0;498;4026531972;0;499;2147483844;2;15171619;4026531968;0;2147483844;3;f000008000000000800000c403;c69443a2d0eec11ac55c833e8737d63d522c21b54c552083abe342ea15dbece0
4026531900;3766484931;495;4026531968;0;500;2147483844;3;15171619;3766484928;0;2147483848;0;e07fffc000000000800000c800;6b0ae4b168f7018aaad6d22a340d0a72babf4edde08e51072a7974a0ac6786be
4026531872;3766484880;17;3766484860;31;489;2147483848;0;4274268035;4026531900;31;2147483852;0;f000003c0000001f800000cc00;a0ad3b4f10b790e0ffb1dd5e08cd1f446eb48691d1195036f6c6acdb3bb738bb
4026531900;31;502;0;0;0;2147483852;0;1542035;4026531900;32;2147483856;0;f000003c00000020800000d000;11a216cfc58ef89dff8e2612dc79f42890dfb1c9444f211bf4282882e521f2d6
4026531872;3766484880;17;4026531900;32;503;2147483856;0;4277413411;3766484860;32;2147483860;0;e07fff7c00000020800000d400;03f8d80264210a9e5d6b3b71943c6d7735b19d1120fce7b60c71031d8845914c
4026531872;3766484880;17;3766484860;32;504;2147483860;0;4274267907;4026531896;32;2147483864;0;f000003800000020800000d800;dc59533572d928ab35871cb1acc3c3e074b97475b75228e92c607356d6f61a76
4026531872;3766484880;17;3766484836;70;20;2147483864;0;4249102211;4026531900;70;2147483868;0;f000003c00000046800000dc00;afe4dc207edba016325e1b7126417290317d10dd0188614f30e71c055d68b1cd
4026531896;32;505;4026531900;70;506;2147483868;0;4244073187;0;0;2147483824;0;0000000000000000800000b000;9beb25d404ab4d56bc21f82c3e8fbffe2736aaf3711e9845c468aec82c8fc255
4026531872;3766484880;17;3766484856;3766484900;22;2147483824;0;4270073603;4026531896;3766484900;2147483828;0;f0000038e07fffa4800000b400;1729ab1df10fc45f34276126329942c1b5d1cd4ea73ff607a66d6c31c92cd858
4026531872;3766484880;17;3766484860;32;504;2147483828;0;4274268035;4026531900;32;2147483832;0;f000003c00000020800000b800;99e687d5eb4d8fa55bebd8c4c26066e22c154810217abf9c6a183c02b206ebcb
4026531896;3766484900;508;4026531900;32;509;2147483832;0;16189363;4026531900;3766484932;2147483836;0;f000003ce07fffc4800000bc00;9ee1ae112b1f6e8546252dd7798c214958a187e4be9570cea82053710f176183
4026531872;3766484880;17;3766484840;0;19;2147483836;0;4253296387;4026531896;0;2147483840;0;f000003800000000800000c000;8310bd9a686fe7520dbb36fbfcbc76892c6b0102791d3e7dda3f1949978e2afa
4026531896;0;511;0;0;0;2147483840;0;267876115;4026531896;0;2147483844;0;f000003800000000800000c400;884ec7cc512828f810d272528fefb42938be7084c0bb0b5fa44e067b49f39159
4026531900;3766484932;510;3766484932;0;4294967295;2147483844;0;15171619;4026531968;0;2147483844;1;f000008000000000800000c401;4a87cd4d28682df8a57c9a53fc5436af66e4252daf2e13ade770333f021b818c
4026531900;3766484932;510;4026531896;0;512;2147483844;1;15171619;4026531972;0;2147483844;2;f000008400000000800000c402;48f069098133bba796aa76421bff42d8078983bfa7ee9ee41084b648b5457b83
4026531968;0;513;4026531972;0;514;2147483844;2;15171619;4026531968;0;2147483844;3;f000008000000000800000c403;9b9bc08ea34892ac5f07c7b4abe4ac3dba081f8eab13f8a8e19b457825ceee1c
4026531900;3766484932;510;4026531968;0;515;2147483844;3;15171619;3766484932;0;2147483848;0;e07fffc400000000800000c800;d35fdbe9e9c1db2ffd41086451e2e6dff217644f3c170aa398954bc2f0325872
4026531872;3766484880;17;3766484860;32;504;2147483848;0;4274268035;4026531900;32;2147483852;0;f000003c00000020800000cc00;4294a407c7b1a10b41007c22983d3fc565a56a807cd1705e878a889b431b600e
4026531900;32;517;0;0;0;2147483852;0;1542035;4026531900;33;2147483856;0;f000003c00000021800000d000;ed30ec59f0177900bce4ebc14e320ede9060a35ee1e083b2419644213944827d
4026531872;3766484880;17;4026531900;33;518;2147483856;0;4277413411;3766484860;33;2147483860;0;e07fff7c00000021800000d400;f9914b601ae6a936ee0985585333438251f2dc1cae1dd30086588d090c7c7f2a
4026531872;3766484880;17;3766484860;33;519;2147483860;0;4274267907;4026531896;33;2147483864;0;f000003800000021800000d800;980644aa499176707989cebe2fbdb4ee31ab322e733253bffef3f1e72ca6df03
4026531872;3766484880;17;3766484836;70;20;2147483864;0;4249102211;4026531900;70;2147483868;0;f000003c00000046800000dc00;00984e76a23672a9dd7fdd6a73a2a0d4bed5ed0a59abc1cde063688c446b7d82
4026531896;33;520;4026531900;70;521;2147483868;0;4244073187;0;0;2147483824;0;0000000000000000800000b000;fc66ff3336d7386b2a569f62c51fdfb3c467724dce75ac68c3d4a0cfd494b3b4
4026531872;3766484880;17;3766484856;3766484900;22;2147483824;0;4270073603;4026531896;3766484900;2147483828;0;f0000038e07fffa4800000b400;80a3769c98cb8c0e1362a2f77a6cd8274cdf3ac3a829efb76f594574d4fddaf7
4026531872;3766484880;17;3766484860;33;519;2147483828;0;4274268035;4026531900;33;2147483832;0;f000003c00000021800000b800;d285da213838e5fcbdbca0f29e78e346124f2454e60f95813d1e422d57f78cac
4026531896;3766484900;523;4026531900;33;524;2147483832;0;16189363;4026531900;3766484933;2147483836;0;f000003ce07fffc5800000bc00;4bf606c6315dca5f1e3f90ce26f24a5c6dbf80a4bfb7d578675ebbf1fdeb3b63
4026531872;3766484880;17;3766484840;0;19;2147483836;0;4253296387;4026531896;0;2147483840;0;f000003800000000800000c000;e96e0d00269a8af7c44a40058768581f6d6bc581b9970f0d2046f5de314bc522
4026531896;0;526;0;0;0;2147483840;0;267876115;4026531896;0;2147483844;0;f000003800000000800000c400;01c57deb7553218df84590d7e18d91d952bd442348fa0c5c6dc1be0136e16f12
4026531900;3766484933;525;3766484932;0;516;2147483844;0;15171619;4026531968;0;2147483844;1;f000008000000000800000c401;196821da2f7abd71c2f3383bec5ea00283c2c40c789b7e5f0064700263a887ce
4026531900;3766484933;525;4026531896;0;527;2147483844;1;15171619;4026531972;0;2147483844;2;f000008400000000800000c402;293d18f648fc98e97d3eb695c7414f6fa91068be30cbe95adc5665fb4988c907
4026531968;0;528;4026531972;0;529;2147483844;2;15171619;4026531968;0;2147483844;3;f000008000000000800000c403;105d206425589e16e642ca06de1bbd2a9dbf19afdd99d5136247d088780f4c60
4026531900;3766484933;525;4026531968;0;530;2147483844;3;15171619;3766484932;0;2147483848;0;e07fffc400000000800000c800;f553cdf125603ea0c4c9022b68b449d6de4650f5b27599e8094fcceca084abc8
4026531872;3766484880;17;3766484860;33;519;2147483848;0;4274268035;4026531900;33;2147483852;0;f000003c00000021800000cc00;4879b2f3cbca4b156306a351dd0f898fe8c8734ad9b935dd25968e588f955bfe
4026531900;33;532;0;0;0;2147483852;0;1542035;4026531900;34;2147483856;0;f000003c00000022800000d000;e122775cf27bcbf64bc903bfa1314fa5e2a7d862378cc7a24f0888574010ad1e
4026531872;3766484880;17;4026531900;34;533;2147483856;0;4277413411;3766484860;34;2147483860;0;e07fff7c00000022800000d400;00f978cb033fe9a2c3410cbb4c30f34461d1809fbbbc051286efe08c6681f48e
4026531872;3766484880;17;3766484860;34;534;2147483860;0;4274267907;4026531896;34;2147483864;0;f000003800000022800000d800;4a444e934d5582bf372922056225cfdff582112d267924d32f6de55c6d01334f
4026531872;3766484880;17;3766484836;70;20;2147483864;0;4249102211;4026531900;70;2147483868;0;f000003c00000046800000dc00;77de530e14170f715c92365204d10ebc65777b6c862f5c171495441f0429bfb2
4026531896;34;535;4026531900;70;536;2147483868;0;4244073187;0;0;2147483824;0;0000000000000000800000b000;8e3cf8e2f3e03fb2c9192cce0302b682ddcde27986e20896800a42f6cf05abfb
4026531872;3766484880;17;3766484856;3766484900;22;2147483824;0;4270073603;4026531896;3766484900;2147483828;0;f0000038e07fffa4800000b400;984ba794be0cc6db50c763bcc72064d00273d3efc1a1199727d80b1533c901d0
4026531872;3766484880;17;3766484860;34;534;2147483828;0;4274268035;4026531900;34;2147483832;0;f000003c00000022800000b800;7a841bab7b67f77b3efd2d0781348150e0facbb47addfce3d684469f7a0ba0e8
4026531896;3766484900;538;4026531900;34;539;2147483832;0;16189363;4026531900;3766484934;2147483836;0;f000003ce07fffc6800000bc00;f81909de8d41d80c4eea6ae26e62ef2451bd232f57a86cea209c0fe2d71b0777
4026531872;3766484880;17;3766484840;0;19;2147483836;0;4253296387;4026531896;0;2147483840;0;f000003800000000800000c000;7c0f9cde241120c253be938701c1f5d8841efe0af353293b9e3baf35ea6ffc92
4026531896;0;541;0;0;0;2147483840;0;267876115;4026531896;0;2147483844;0;f000003800000000800000c400;c497af2cd28c9bb7a50f8b33c268025f46465efcecd491356483dcf319096f34
4026531900;3766484934;540;3766484932;0;531;2147483844;0;15171619;4026531968;0;2147483844;1;f000008000000000800000c401;e13044618b6b5ca2cd53b1701ec90d64a5ac5031dca762b253efc71b158d28e1
4026531900;3766484934;540;4026531896;0;542;2147483844;1;15171619;4026531972;0;2147483844;2;f000008400000000800000c402;b32f6493be2a61e4d55307057bb02c11c287165bb1cfe6cd9f800b180128a7e1
4026531968;0;543;4026531972;0;544;2147483844;2;15171619;4026531968;0;2147483844;3;f000008000000000800000c403;b77e08c0f8faf9c6258682fb32e13de1a45f76853fe4105799ff0a9eaae41f21
4026531900;3766484934;540;4026531968;0;545;2147483844;3;15171619;3766484932;0;2147483848;0;e07fffc400000000800000c800;d48c8be7335f43324e8b336098fc21d1fc3626899170b7a331c377326461abf6
4026531872;3766484880;17;3766484860;34;534;2147483848;0;4274268035;4026531900;34;2147483852;0;f000003c00000022800000cc00;a83611b39c46a2c2b3c55810ac38513fe12014bf27e527a58b13c9504d6da8c9
4026531900;34;547;0;0;0;2147483852;0;1542035;4026531900;35;2147483856;0;f000003c00000023800000d000;65dc28aa8cee1be3622b669cefdf041615868b1161649d5a24b57bbdbab9f3c8
4026531872;3766484880;17;4026531900;35;548;2147483856;0;4277413411;3766484860;35;2147483860;0;e07fff7c00000023800000d400;401d18b6a34f9baee86150552a249e0ddc285790532c89be7a1502a1afec18f9
4026531872;3766484880;17;3766484860;35;549;2147483860;0;4274267907;4026531896;35;2147483864;0;f000003800000023800000d800;acee6d01e192d0f2cb54feca2875ff110105d15d0eb5d6bc7b1e214feb4b1244
4026531872;3766484880;17;3766484836;70;20;2147483864;0;4249102211;4026531900;70;2147483868;0;f000003c00000046800000dc00;e408e3a444908bf03e90749aeed78f4fc014cc99559001a4b666a12eee10b08c
4026531896;35;550;4026531900;70;551;2147483868;0;4244073187;0;0;2147483824;0;0000000000000000800000b000;1758921d1ba0021d06ee99fbe79fb203ed367ef376c47bb99b2a183ec822c8a6
4026531872;3766484880;17;3766484856;3766484900;22;2147483824;0;4270073603;4026531896;3766484900;2147483828;0;f0000038e07fffa4800000b400;b618a9d4cfd1d779980bbd7968866a9711bd98a3c5662a3d5087ca9f9ddb47a1
4026531872;3766484880;17;3766484860;35;549;2147483828;0;4274268035;4026531900;35;2147483832;0;f000003c00000023800000b800;ac84dabf03a52a4d355b49675ee19f0c333dcf3883edf214514b19c3797dd894
4026531896;3766484900;553;4026531900;35;554;2147483832;0;16189363;4026531900;3766484935;2147483836;0;f000003ce07fffc7800000bc00;8fbd223da1699bf6b0114b56e237ce7f790fc0a5a66456fa11930a59a22de1a4
4026531872;3766484880;17;3766484840;0;19;2147483836;0;4253296387;4026531896;0;2147483840;0;f000003800000000800000c000;24df11c37b9eadb9c2a09af5d56ecc2591672703757336819f5805710df18f62
4026531896;0;556;0;0;0;2147483840;0;267876115;4026531896;0;2147483844;0;f000003800000000800000c400;947c72bdc9c5860ae1cc4f55abc7a022d0c3ac03919a05a5b2980775d956cdf5
4026531900;3766484935;555;3766484932;0;546;2147483844;0;15171619;4026531968;0;2147483844;1;f000008000000000800000c401;516df97d4b31bf815130f5aa71d72e6198878e312c8fd6491045aa6e213e623a
4026531900;3766484935;555;4026531896;0;557;2147483844;1;15171619;4026531972;0;2147483844;2;f000008400000000800000c402;dc0f6fc41661126acd6d81afbf338a0bf030d999ad54836a1a214c6c3312dff4
4026531968;0;558;4026531972;0;559;2147483844;2;15171619;4026531968;0;2147483844;3;f000008000000000800000c403;8942c53b3d451e97a2c81027ae322369a050372df420ae1f6e83b75bea6c2663
4026531900;3766484935;555;4026531968;0;560;2147483844;3;15171619;3766484932;0;2147483848;0;e07fffc400000000800000c800;4021062d48fab1cb4cbb210d7cbedc996ba446fc9eb2c1ea7b0cf38379339c8b
4026531872;3766484880;17;3766484860;35;549;2147483848;0;4274268035;4026531900;35;2147483852;0;f000003c00000023800000cc00;9f7e6d4fef8668427c6a4fd3037c56f9f30072c880496976bf7f42b1b6c42471
4026531900;35;562;0;0;0;2147483852;0;1542035;4026531900;36;2147483856;0;f000003c00000024800000d000;b427659939c254da446788122a3ddb4440f79eb020e5997be314c898fb095b65
4026531872;3766484880;17;4026531900;36;563;2147483856;0;4277413411;3766484860;36;2147483860;0;e07fff7c00000024800000d400;d078feb2ee9cf386e16d426f4b2757a3511b26436c955d2a19cf6508a3b3b16a
4026531872;3766484880;17;3766484860;36;564;2147483860;0;4274267907;4026531896;36;2147483864;0;f000003800000024800000d800;6d473bb9b152629441b13cfeb62727d7eae743bcc4508cd83e9721314f17f85a
4026531872;3766484880;17;3766484836;70;20;2147483864;0;4249102211;4026531900;70;2147483868;0;f000003c00000046800000dc00;79de361e09675b357b4b15fd1ae49e40bfc61cd56f06297787900ea858624db7
4026531896;36;565;4026531900;70;566;2147483868;0;4244073187;0;0;2147483824;0;0000000000000000800000b000;7b50b2dc18dc922d03c75d1e3d6e46cb244671148e69140f121ad87eeeca61a7
4026531872;3766484880;17;3766484856;3766484900;22;2147483824;0;4270073603;4026531896;3766484900;2147483828;0;f0000038e07fffa4800000b400;3b6bb0f36a37ba3987a650410187125ef857f084859d9e453da86f12b51257ad
4026531872;3766484880;17;3766484860;36;564;2147483828;0;4274268035;4026531900;36;2147483832;0;f000003c00000024800000b800;82a31227475663fbd404b68263faf247d81b87e9deafa8fb1d2a39046f1ec2cc
4026531896;3766484900;568;4026531900;36;569;2147483832;0;16189363;4026531900;3766484936;2147483836;0;f000003ce07fffc8800000bc00;81d673b3236b7ef1fdb01768e60c2ad32efa6222f3779281d9d0d59ed7cfa851
4026531872;3766484880;17;3766484840;0;19;2147483836;0;4253296387;4026531896;0;2147483840;0;f000003800000000800000c000;c22cf3d11068eb463ab27893e39e5b6d0393a639575c4a84babdacf2bcb99045
4026531896;0;571;0;0;0;2147483840;0;267876115;4026531896;0;2147483844;0;f000003800000000800000c400;e915c3f052cc06d7ef4972c2671a25ed63ed784fc0155b0b34ca2565caa35317
4026531900;3766484936;570;3766484936;0;4294967295;2147483844;0;15171619;4026531968;0;2147483844;1;f000008000000000800000c401;a140f1638159e8e6dc716abeab37c5adccca5f70d67f041678700957bf350cee
4026531900;3766484936;570;4026531896;0;572;2147483844;1;15171619;4026531972;0;2147483844;2;f000008400000000800000c402;a939eb6e6969f407899801ea83dd6419127fa8ef0744733dc2ce223964c8dbdc
4026531968;0;573;4026531972;0;574;2147483844;2;15171619;4026531968;0;2147483844;3;f000008000000000800000c403;05731c01d2d91b5d3767e524bd76d7cdc7bcb17ca9bef5493fe0ab11dad378c5
4026531900;3766484936;570;4026531968;0;575;2147483844;3;15171619;3766484936;0;2147483848;0;e07fffc800000000800000c800;a38980cad2d157e2b1e290123531d9852c014c8af2ca7138fbbd41984e3864e7
4026531872;3766484880;17;3766484860;36;564;2147483848;0;4274268035;4026531900;36;2147483852;0;f000003c00000024800000cc00;8e8c2e05edeedd43fe4ad104a53e64e880ccfe925314bebc2a6f94e4f22df864
4026531900;36;577;0;0;0;2147483852;0;1542035;4026531900;37;2147483856;0;f000003c00000025800000d000;2c3bfbc0bb523927800203d5e59a01205bd525a8bb13dd752b7687efa3c7792f
4026531872;3766484880;17;4026531900;37;578;2147483856;0;4277413411;3766484860;37;2147483860;0;e07fff7c00000025800000d400;d09b83b1a7fe3fdd859c009996b78482a84fa3a873b729f9288f54c4b2041812
4026531872;3766484880;17;3766484860;37;579;2147483860;0;4274267907;4026531896;37;2147483864;0;f000003800000025800000d800;68e8e6048d21e67f6fc1f7d1a379dc60299502e6125111e2a8ff4e4cdc4b3842
4026531872;3766484880;17;3766484836;70;20;2147483864;0;4249102211;4026531900;70;2147483868;0;f000003c00000046800000dc00;6e089b5cd512883d2c24ab33001b41b6a8ec1668604328cecc134cfb51bf388a
4026531896;37;580;4026531900;70;581;2147483868;0;4244073187;0;0;2147483824;0;0000000000000000800000b000;491eb568d63837f86a5fde56009b6335362347f40508680cfe5c794afe904cb0
4026531872;3766484880;17;3766484856;3766484900;22;2147483824;0;4270073603;4026531896;3766484900;2147483828;0;f0000038e07fffa4800000b400;d84fd5d5bf49502f947f8d1c0d10a226b4a782f004c408d5d9ec04d2bb1a2bf9
4026531872;3766484880;17;3766484860;37;579;2147483828;0;4274268035;4026531900;37;2147483832;0;f000003c00000025800000b800;e57c5cd02c9806e0afd26da931d84493e32ab2fa40269b6b130c7601c45cd26c
4026531896;3766484900;583;4026531900;37;584;2147483832;0;16189363;4026531900;3766484937;2147483836;0;f000003ce07fffc9800000bc00;d378af12b73697d63d4bee1d3a6cd8892fc612e963ca13eda0a15fbc8742cf9b
4026531872;3766484880;17;3766484840;0;19;2147483836;0;4253296387;4026531896;0;2147483840;0;f000003800000000800000c000;4f4ef154f4178d3239c38cd3fbc99e54db96b1f91a1603b861d543d67259fe62
4026531896;0;586;0;0;0;2147483840;0;267876115;4026531896;0;2147483844;0;f000003800000000800000c400;92b8d6985620aa406c4c23d928b7b3e3ed6d2716fe7f5778925744926e136caf
4026531900;3766484937;585;3766484936;0;576;2147483844;0;15171619;4026531968;0;2147483844;1;f000008000000000800000c401;07fa1c00e52d4e62dd97e396189d7c39c12f1da2bec3334606a3533d63ac1e7b
4026531900;3766484937;585;4026531896;0;587;2147483844;1;15171619;4026531972;0;2147483844;2;f000008400000000800000c402;a83525b2b1e4b602e417e09a1772bb9faa874e8a4d25e78bfeb1b65c08ca0ea3
4026531968;0;588;4026531972;0;589;2147483844;2;15171619;4026531968;0;2147483844;3;f000008000000000800000c403;a9a5f7386c6946372e6427fe47fb56e4604526267ca8fdd24f53c7c99a8b23dc
4026531900;3766484937;585;4026531968;0;590;2147483844;3;15171619;3766484936;0;2147483848;0;e07fffc800000000800000c800;59a470cc02ab4880d51d1bdd9027755df907f5ac81133beebed922afb0109e02
4026531872;3766484880;17;3766484860;37;579;2147483848;0;4274268035;4026531900;37;2147483852;0;f000003c00000025800000cc00;20c32b307a711591f6f77be3f02134c1c86ac3d23a50432a3269c738f5991fbf
4026531900;37;592;0;0;0;2147483852;0;1542035;4026531900;38;2147483856;0;f000003c00000026800000d000;6309d552b906c3f4107e7b8ff067d091af24db21e9082457cce5475c78197917
4026531872;3766484880;17;4026531900;38;593;2147483856;0;4277413411;3766484860;38;2147483860;0;e07fff7c00000026800000d400;e320291280537ca777a012949623c611716c65cee4de106cdd8d034c68474046
4026531872;3766484880;17;3766484860;38;594;2147483860;0;4274267907;4026531896;38;2147483864;0;f000003800000026800000d800;866064dcdc3b8d0ae75efe6ffe21ef431f451945a7f1a37c7cc4b2a607e67843
4026531872;3766484880;17;3766484836;70;20;2147483864;0;4249102211;4026531900;70;2147483868;0;f000003c00000046800000dc00;3e891f28adfe5a155c647bbf313a9dd66201f57ffaec827ec51a9d7c4204161a
4026531896;38;595;4026531900;70;596;2147483868;0;4244073187;0;0;2147483824;0;0000000000000000800000b000;61920e7a076489b17009da5d958a9dc476b59548ca44f426fb66e52b547802e2
4026531872;3766484880;17;3766484856;3766484900;22;2147483824;0;4270073603;4026531896;3766484900;2147483828;0;f0000038e07fffa4800000b400;dadd6cd28a9dad5bd151e863866e052ae8ca178441166653ceafeda7d1f5d41d
4026531872;3766484880;17;3766484860;38;594;2147483828;0;4274268035;4026531900;38;2147483832;0;f000003c00000026800000b800;55e76cbd53214dc441bdb53d84e465c063fb80f73eae02e85f22bd7baaff1060
4026531896;3766484900;598;4026531900;38;599;2147483832;0;16189363;4026531900;3766484938;2147483836;0;f000003ce07fffca800000bc00;ede4043c31e94c568d75b5beeb4031862965be08dcdfdf5397f9259e0dca1e21
4026531872;3766484880;17;3766484840;0;19;2147483836;0;4253296387;4026531896;0;2147483840;0;f000003800000000800000c000;c43f124a0793510050ce56408f6e65376c597c4ffa57faae4df31281e7c67919
4026531896;0;601;0;0;0;2147483840;0;267876115;4026531896;0;2147483844;0;f000003800000000800000c400;771904a6a4c31017f77b7e8641d45ee373c0c2b71084a222d65fa74982b57ab7
4026531900;3766484938;600;3766484936;0;591;2147483844;0;15171619;4026531968;0;2147483844;1;f000008000000000800000c401;3e169060108b43095499308d095c78f19b5f6f650da064a3c1f3e5d20d2f07ba
4026531900;3766484938;600;4026531896;0;602;2147483844;1;15171619;4026531972;0;2147483844;2;f000008400000000800000c402;0bcaae7d55b0c2769a9245ec5ffdc94a2508a83b978dcffc62c5eb265d83533d
4026531968;0;603;4026531972;0;604;2147483844;2;15171619;4026531968;0;2147483844;3;f000008000000000800000c403;16fb3e3719413d147999e1ff4515ec795792a06b9207a5e31a5b8260261b0224
4026531900;3766484938;600;4026531968;0;605;2147483844;3;15171619;3766484936;0;2147483848;0;e07fffc800000000800000c800;9483f0438e826b469047931b30ba0f26b7ef35c6c59c20d91ec554a5eb0706ce
4026531872;3766484880;17;3766484860;38;594;2147483848;0;4274268035;4026531900;38;2147483852;0;f000003c00000026800000cc00;17907c6c90c2e6506a5f8e7356723c81963c4e2b6adfd0d6ddc588293c97edc1
4026531900;38;607;0;0;0;2147483852;0;1542035;4026531900;39;2147483856;0;f000003c00000027800000d000;06c976d143b2fb1647fb3e2bb5af974b9b2c973f5158504aee7c1c1b00b937f4
4026531872;3766484880;17;4026531900;39;608;2147483856;0;4277413411;3766484860;39;2147483860;0;e07fff7c00000027800000d400;f0f0d0d322261ffc10d91e8aa4b599eb0f7b3231107a1e4f7fb2bbbac764dea4
4026531872;3766484880;17;3766484860;39;609;2147483860;0;4274267907;4026531896;39;2147483864;0;f000003800000027800000d800;fd2f83bcf0c2c3fdea29799ae7e16e296b5dfd5a0ff88febce5c395556f68b96
4026531872;3766484880;17;3766484836;70;20;2147483864;0;4249102211;4026531900;70;2147483868;0;f000003c00000046800000dc00;d83c3db4dbd295f96e605cd34847289494e1566baeae50fe858cbdd66aefdd31
4026531896;39;610;4026531900;70;611;2147483868;0;4244073187;0;0;2147483824;0;0000000000000000800000b000;5bce9f088dbae52a474d881927e327b7d61dcda921409936b93077e54de23e5a
4026531872;3766484880;17;3766484856;3766484900;22;2147483824;0;4270073603;4026531896;3766484900;2147483828;0;f0000038e07fffa4800000b400;740789b7fada863e079529eabac6bd74ad945abf8679f110c95a85940d7f774f
4026531872;3766484880;17;3766484860;39;609;2147483828;0;4274268035;4026531900;39;2147483832;0;f000003c00000027800000b800;bdb98b8a495695a239b9b3d43b375eacfc435a361da29b8b2ef913e830ee15a8
4026531896;3766484900;613;4026531900;39;614;2147483832;0;16189363;4026531900;3766484939;2147483836;0;f000003ce07fffcb800000bc00;8d3375036fbfe8203f71b22b2ab2bb4af70dcd26e0cd3927c457cb2c1bca630a
4026531872;3766484880;17;3766484840;0;19;2147483836;0;4253296387;4026531896;0;2147483840;0;f000003800000000800000c000;51068ae748a3bdd62fc111d68b1a52a65be43230ffd55970b6cb80fa1a93cd60
4026531896;0;616;0;0;0;2147483840;0;267876115;4026531896;0;2147483844;0;f000003800000000800000c400;491196873c676c5f09ec45ad17684156dc8e695a2603df1e9c24f3fe115a1b30
4026531900;3766484939;615;3766484936;0;606;2147483844;0;15171619;4026531968;0;2147483844;1;f000008000000000800000c401;f48b1e42da898884fe56c281a1148844921ec3535214d4f5fe6937ebb8f1ef23
4026531900;3766484939;615;4026531896;0;617;2147483844;1;15171619;4026531972;0;2147483844;2;f000008400000000800000c402;772ee9e97898233305c128fd64099d137dc6b865af55376f6b038d4e0787ab38
4026531968;0;618;4026531972;0;619;2147483844;2;15171619;4026531968;0;2147483844;3;f000008000000000800000c403;af2ca691b705d0d52f75f1eb9abb5aae8792a1a8b652579ac8166613e7150cd2
4026531900;3766484939;615;4026531968;0;620;2147483844;3;15171619;3766484936;0;2147483848;0;e07fffc800000000800000c800;f8cd98b722e32e9341af5bb08a63b6c361f8af4dc45b760588fddb2a7eea93d2
4026531872;3766484880;17;3766484860;39;609;2147483848;0;4274268035;4026531900;39;2147483852;0;f000003c00000027800000cc00;307ad07507f5183abf6ba76b812c72f1dbcbd05296dfadd0b71e45d57821eac1
4026531900;39;622;0;0;0;2147483852;0;1542035;4026531900;40;2147483856;0;f000003c00000028800000d000;526c7c18537a3dd719f3ab21749908d3ac1ab2c851da96b6f2708f2e8155f55a
4026531872;3766484880;17;4026531900;40;623;2147483856;0;4277413411;3766484860;40;2147483860;0;e07fff7c00000028800000d400;3a2a562811e1d2dd12d16635543a0827808c8a38cf821e17855ea47a199adf56
4026531872;3766484880;17;3766484860;40;624;2147483860;0;4274267907;4026531896;40;2147483864;0;f000003800000028800000d800;f139eaa2def0d674c7aab857b4a4adef412db93e28f6ba930a26f785f600f813
4026531872;3766484880;17;3766484836;70;20;2147483864;0;4249102211;4026531900;70;2147483868;0;f000003c00000046800000dc00;ac5a63ffd449b5c9392d4597225653499f5eb521eb758328bc6b4c443df98ba2
4026531896;40;625;4026531900;70;626;2147483868;0;4244073187;0;0;2147483824;0;0000000000000000800000b000;8108b77c8aedb43de5655a082c60cc7719ad00817ffa43c2532d24922ee62d6e
4026531872;3766484880;17;3766484856;3766484900;22;2147483824;0;4270073603;4026531896;3766484900;2147483828;0;f0000038e07fffa4800000b400;f4511c1261c468868f5fa30ad2284f695e987b97b3d0f24d57fd6503b8377f41
4026531872;3766484880;17;3766484860;40;624;2147483828;0;4274268035;4026531900;40;2147483832;0;f000003c00000028800000b800;b72f3ab779eacdb0893f25c124d328001564418f496fbaa645282094e7047b25
4026531896;3766484900;628;4026531900;40;629;2147483832;0;16189363;4026531900;3766484940;2147483836;0;f000003ce07fffcc800000bc00;dcf55f0823cd2402e108154a777aa9ce2caff63bd6d49ed0eac1860278df4193
4026531872;3766484880;17;3766484840;0;19;2147483836;0;4253296387;4026531896;0;2147483840;0;f000003800000000800000c000;63f91aaec8eef800e1f55ac447ba7e38bbc4605a7d26ae86af782602d9bd6862
4026531896;0;631;0;0;0;2147483840;0;267876115;4026531896;0;2147483844;0;f000003800000000800000c400;82c465117fa3629a6c2dfa2b7f491c8a955dc53d2707414df768ecd0c6854619
4026531900;3766484940;630;3766484940;0;4294967295;2147483844;0;15171619;4026531968;0;2147483844;1;f000008000000000800000c401;22c4d1f8be763a116e5f9b16a86163b9920cabe10221022a163da1567cf7a2fb
4026531900;3766484940;630;4026531896;0;632;2147483844;1;15171619;4026531972;0;2147483844;2;f000008400000000800000c402;7fdb34f2dc7cc152be43ec400454899b7adaadfc84cf5ba67a1c7e1e0cd082e0
4026531968;0;633;4026531972;0;634;2147483844;2;15171619;4026531968;0;2147483844;3;f000008000000000800000c403;c6f7208586eb81052326ac5af2bcdf87e9bc40a95efc1e156570ed08dfb896ad
4026531900;3766484940;630;4026531968;0;635;2147483844;3;15171619;3766484940;0;2147483848;0;e07fffcc00000000800000c800;1fa0abbffb12e51c20f19912fbbd8c3b4f86cf2bb63d4065e1837b0f91fad97b
4026531872;3766484880;17;3766484860;40;624;2147483848;0;4274268035;4026531900;40;2147483852;0;f000003c00000028800000cc00;82009a9267f25ecd45802322cad9af7644acd588caf3808dc3e6701dbe667366
4026531900;40;637;0;0;0;2147483852;0;1542035;4026531900;41;2147483856;0;f000003c00000029800000d000;eb56cf58f660f3de97f3a7e7ef13f77092a5e0f64eaccb428633461b9200a088
4026531872;3766484880;17;4026531900;41;638;2147483856;0;4277413411;3766484860;41;2147483860;0;e07fff7c00000029800000d400;6b23e98e5c99413e157bc7e463d8e21b9d00f4503f7e56c441501fed2d38c253
4026531872;3766484880;17;3766484860;41;639;2147483860;0;4274267907;4026531896;41;2147483864;0;f000003800000029800000d800;ff21b342b219b8013fffafc6c7a31201775ad3d36251b4224460bfcfe6d00d04
4026531872;3766484880;17;3766484836;70;20;2147483864;0;4249102211;4026531900;70;2147483868;0;f000003c00000046800000dc00;82bc369bc134e874db26cc35e043a6b82c40df2ff11669b3970ca2818ec921c2
4026531896;41;640;4026531900;70;641;2147483868;0;4244073187;0;0;2147483824;0;0000000000000000800000b000;8d69f7962fb2cfe402473b0e73a472393cfcb24b91d1f306f4ba2052a9e968fa
4026531872;3766484880;17;3766484856;3766484900;22;2147483824;0;4270073603;4026531896;3766484900;2147483828;0;f0000038e07fffa4800000b400;1cc8723cb8904b666dc4c3d76bb35428ceefe0470dad9a4b0711951cb4898bdf
4026531872;3766484880;17;3766484860;41;639;2147483828;0;4274268035;4026531900;41;2147483832;0;f000003c00000029800000b800;6370263b548451cc7ea78d45f3dadb5166c20d2867e9047791bd00693d667590
4026531896;3766484900;643;4026531900;41;644;2147483832;0;16189363;4026531900;3766484941;2147483836;0;f000003ce07fffcd800000bc00;c36281b30f2f49ea02e0363c9fa2c4277e8fcefa90d6576e338c36d97d297ec5
4026531872;3766484880;17;3766484840;0;19;2147483836;0;4253296387;4026531896;0;2147483840;0;f000003800000000800000c000;e1510072c36b70e62cc11f6a05e366edf70caed3ecb28b1897a686271cc4b29e
4026531896;0;646;0;0;0;2147483840;0;267876115;4026531896;0;2147483844;0;f000003800000000800000c400;a8f3593876b57369bfccbbe65f596bb64e12fbe3cae01f7823743eb94a98a592
4026531900;3766484941;645;3766484940;0;636;2147483844;0;15171619;4026531968;0;2147483844;1;f000008000000000800000c401;7b4ac280d94fdb50c48c043a32d96fc668c5ce2a600396f29fbfb4f1344c746d
4026531900;3766484941;645;4026531896;0;647;2147483844;1;15171619;4026531972;0;2147483844;2;f000008400000000800000c402;04df910618d7bbcbfb4d829741e116a4e67d1ee756a08c6975b2d6e91f0c7027
4026531968;0;648;4026531972;0;649;2147483844;2;15171619;4026531968;0;2147483844;3;f000008000000000800000c403;8943f4e6a85204720e663ce6ed6187ef17b63d1f72597bf5b35dc6c1d40ef10f
4026531900;3766484941;645;4026531968;0;650;2147483844;3;15171619;3766484940;0;2147483848;0;e07fffcc00000000800000c800;3d8ef28bff348191705d070f7e324acc6c8c98fc57daf5e88fbbb5260ceb48f3
4026531872;3766484880;17;3766484860;41;639;2147483848;0;4274268035;4026531900;41;2147483852;0;f000003c00000029800000cc00;2969ad56df7e885a2e2b91f3db2f046fd0e8b4438180c8e46e28d5db40c1cdbd
4026531900;41;652;0;0;0;2147483852;0;1542035;4026531900;42;2147483856;0;f000003c0000002a800000d000;2e6de9ebaf42ff266187414f2582845b7b96639937c2f4d6b288bd375dc518ee
4026531872;3766484880;17;4026531900;42;653;2147483856;0;4277413411;3766484860;42;2147483860;0;e07fff7c0000002a800000d400;ffdd59eb55760262c4bc9d64dd3c68e8660686c6b8a4b9b5178f260356f9dc73
4026531872;3766484880;17;3766484860;42;654;2147483860;0;4274267907;4026531896;42;2147483864;0;f00000380000002a800000d800;470ee3d7287de543fd6541c9b6f67a9baab296bcc9389b03462801040548233f
4026531872;3766484880;17;3766484836;70;20;2147483864;0;4249102211;4026531900;70;2147483868;0;f000003c00000046800000dc00;2bd020842aad3ef1fe1accd9d83742973b6d46de7650c5dab7e9445632254f1f
4026531896;42;655;4026531900;70;656;2147483868;0;4244073187;0;0;2147483824;0;0000000000000000800000b000;e6a899a5639fec252d24d01268d093afed222e65c9bd48c90c39e57f9354a31b
4026531872;3766484880;17;3766484856;3766484900;22;2147483824;0;4270073603;4026531896;3766484900;2147483828;0;f0000038e07fffa4800000b400;691feddee3176b702f4a719ca76c7e2b00ed2f18fb983815669930581486404a
4026531872;3766484880;17;3766484860;42;654;2147483828;0;4274268035;4026531900;42;2147483832;0;f000003c0000002a800000b800;a8af7d0daf65ad830a4febc491bec81bbc080eae0ec99b6cbc9ee775a0da397b
4026531896;3766484900;658;4026531900;42;659;2147483832;0;16189363;4026531900;3766484942;2147483836;0;f000003ce07fffce800000bc00;34a7e499a9edb012ef113ca41842a46a4f918e0077eb93f7bf3d30f13d75265e
4026531872;3766484880;17;3766484840;0;19;2147483836;0;4253296387;4026531896;0;2147483840;0;f000003800000000800000c000;ec5f4bf6d6bcc41f5ab7cff150a4ca4eb36b7c397da2502f5d1a44612fbbbf67
4026531896;0;661;0;0;0;2147483840;0;267876115;4026531896;0;2147483844;0;f000003800000000800000c400;5623c2c1acf8a825f38d3e7cdcdc281d970c9df947fe4ac8def6d3bd9793032d
4026531900;3766484942;660;3766484940;0;651;2147483844;0;15171619;4026531968;0;2147483844;1;f000008000000000800000c401;d97a424e815d758103d16c53159438acdbfb4f52de19985f44bf9301d977344f
4026531900;3766484942;660;4026531896;0;662;2147483844;1;15171619;4026531972;0;2147483844;2;f000008400000000800000c402;10df8ffc4e8bbf950fbbdc57723ae318dbd2d4d68c602f3395388344ebd60932
4026531968;0;663;4026531972;0;664;2147483844;2;15171619;4026531968;0;2147483844;3;f000008000000000800000c403;54106cb875866a223df710cf0fea6a39491c941244f1c02f4de7184020c03c4a
4026531900;3766484942;660;4026531968;0;665;2147483844;3;15171619;3766484940;0;2147483848;0;e07fffcc00000000800000c800;ee49cfad5787bb42743b2de9d06033a63c97f9bb8c9e59c081fc46bfcfd7a055
4026531872;3766484880;17;3766484860;42;654;2147483848;0;4274268035;4026531900;42;2147483852;0;f000003c0000002a800000cc00;a13dc5684329f4f309acba20278daacf41b69b94f99a7f7797c9bfd944439c2a
4026531900;42;667;0;0;0;2147483852;0;1542035;4026531900;43;2147483856;0;f000003c0000002b800000d000;aa455852aa3a67f22c98948858f1668c7711073d9569a84d86df1bcd58ae4977
4026531872;3766484880;17;4026531900;43;668;2147483856;0;4277413411;3766484860;43;2147483860;0;e07fff7c0000002b800000d400;eb08503c8101d7715286e77432ef453bd0049ed84da22d0ccfe6b5cdb9813df0
4026531872;3766484880;17;3766484860;43;669;2147483860;0;4274267907;4026531896;43;2147483864;0;f00000380000002b800000d800;fdd325e8edd9230f067f84b31bd708b4a2c2552b1ce017cdb4d36a306a8a2409
4026531872;3766484880;17;3766484836;70;20;2147483864;0;4249102211;4026531900;70;2147483868;0;f000003c00000046800000dc00;433c1a6f1177a0f4531f1b10962bfa2a7bf37573b0f7c8b92bbc5eb271bdcb0f
4026531896;43;670;4026531900;70;671;2147483868;0;4244073187;0;0;2147483824;0;0000000000000000800000b000;535b1943153cb260ad556c22d16feb92ddaa11705b5dca2e571ea56eb0b525a8
4026531872;3766484880;17;3766484856;3766484900;22;2147483824;0;4270073603;4026531896;3766484900;2147483828;0;f0000038e07fffa4800000b400;6e43be465d5c315d56b012805edc89f0556b590962073d4ed1ab7a5cf78d572c
4026531872;3766484880;17;3766484860;43;669;2147483828;0;4274268035;4026531900;43;2147483832;0;f000003c0000002b800000b800;7ff8f8cedb6293530389765e27b17396ea07fcb81daee122cd0ffa3458081b12
4026531896;3766484900;673;4026531900;43;674;2147483832;0;16189363;4026531900;3766484943;2147483836;0;f000003ce07fffcf800000bc00;9dceea92fe1e714c469e2836b97b466256117eec6d423256db57c494bee082a1
4026531872;3766484880;17;3766484840;0;19;2147483836;0;4253296387;4026531896;0;2147483840;0;f000003800000000800000c000;ab3e7bb4b1f0452e036f111c10d0d8ab6b5b968bce9c032ab02048db3ae46abc
4026531896;0;676;0;0;0;2147483840;0;267876115;4026531896;0;2147483844;0;f000003800000000800000c400;843b547547f5595329b5da5024e7a0ad7886f4d3dbb249ad84969aac90fe7566
4026531900;3766484943;675;3766484940;0;666;2147483844;0;15171619;4026531968;0;2147483844;1;f000008000000000800000c401;9190d2ba43a494e3f0ce962dddc21b38eaded52e9ef42c5df64d478df1a9340f
4026531900;3766484943;675;4026531896;0;677;2147483844;1;15171619;4026531972;0;2147483844;2;f000008400000000800000c402;c7b2a10266effdd1570c2718a7094d078dbcb01070219dd1b68441e9e7be7533
4026531968;0;678;4026531972;0;679;2147483844;2;15171619;4026531968;0;2147483844;3;f000008000000000800000c403;a0d29035fd642a3ee603bcf22338658003dcb135385d20baf8cb8799e4e24b36
4026531900;3766484943;675;4026531968;0;680;2147483844;3;15171619;3766484940;0;2147483848;0;e07fffcc00000000800000c800;85488a90e7239f2348c3ae086bffe0deba7e4a016db112924e3dbeb7ba231a1d
4026531872;3766484880;17;3766484860;43;669;2147483848;0;4274268035;4026531900;43;2147483852;0;f000003c0000002b800000cc00;f0e16ae9d822176c9c9545da03b2143351639ebebe49f84eefe5d19f18cd124c
4026531900;43;682;0;0;0;2147483852;0;1542035;4026531900;44;2147483856;0;f000003c0000002c800000d000;92bf683dd1d60dcfdd92a0bba0ace7ac830e041afaac6f7084d08c3ec4b4194a
4026531872;3766484880;17;4026531900;44;683;2147483856;0;4277413411;3766484860;44;2147483860;0;e07fff7c0000002c800000d400;bb5683c6924b38d42da90c7f1bc757bdcfb1d2511f16c51de522e6ae6d3ac694
4026531872;3766484880;17;3766484860;44;684;2147483860;0;4274267907;4026531896;44;2147483864;0;f00000380000002c800000d800;01a6e4152b6267ab36aed7534eab908d3ddf202f7721cc35aefad1b5f447aeb1
4026531872;3766484880;17;3766484836;70;20;2147483864;0;4249102211;4026531900;70;2147483868;0;f000003c00000046800000dc00;c84aed58e4c4ac0b86007c5def34c7f0d157f83a71268f4298e13bc5c00c4daf
4026531896;44;685;4026531900;70;686;2147483868;0;4244073187;0;0;2147483824;0;0000000000000000800000b000;7093165e07b17fa568e1614357737ede22be7aa55547d20487bfece82c79807d
4026531872;3766484880;17;3766484856;3766484900;22;2147483824;0;4270073603;4026531896;3766484900;2147483828;0;f0000038e07fffa4800000b400;363b663720e70e24c212a9b5c2452c7355bb22a125ae38bcb26d5d61be41f064
4026531872;3766484880;17;3766484860;44;684;2147483828;0;4274268035;4026531900;44;2147483832;0;f000003c0000002c800000b800;901a7820cda63f66c6fa160aa6eb95ec923636c66772c6741c43ba64f8591d6f
4026531896;3766484900;688;4026531900;44;689;2147483832;0;16189363;4026531900;3766484944;2147483836;0;f000003ce07fffd0800000bc00;ce167a8746468beba2717b08be0e2b4ba6687a2721ffd09d5fca4b1726ff1e08
4026531872;3766484880;17;3766484840;0;19;2147483836;0;4253296387;4026531896;0;2147483840;0;f000003800000000800000c000;bc0777c4a99ed5bfc7264e1f3072c339331c4831fda1abed3f84ef0b81e1d6d3
4026531896;0;691;0;0;0;2147483840;0;267876115;4026531896;0;2147483844;0;f000003800000000800000c400;17252f40f7f4bcf02a48bb34512589e55ba4b7e4097b43f6c7c4da74c1ff7e85
4026531900;3766484944;690;3766484944;0;4294967295;2147483844;0;15171619;4026531968;0;2147483844;1;f000008000000000800000c401;ee15c5b910d3c37061d499905bd9ae900159d650dc218633cfda2328a918ac7f
4026531900;3766484944;690;4026531896;0;692;2147483844;1;15171619;4026531972;0;2147483844;2;f000008400000000800000c402;cbfc5e0d4ad5262f3ba37b2aa2f223edcaef530075d42b3f81da43e962405aa6
4026531968;0;693;4026531972;0;694;2147483844;2;15171619;4026531968;0;2147483844;3;f000008000000000800000c403;c3add6e63a0fcd84cee86af4e8dd3d3a95fc70efcebf64227f83aec378ee19f6
4026531900;3766484944;690;4026531968;0;695;2147483844;3;15171619;3766484944;0;2147483848;0;e07fffd000000000800000c800;3e59adc9acfd891de7f7bbcbf49b2068be5530bbf23d3a0a5266a79b93f2f5e3
4026531872;3766484880;17;3766484860;44;684;2147483848;0;4274268035;4026531900;44;2147483852;0;f000003c0000002c800000cc00;06204b6a5a8b5f6c70c281123012c86ca02de933656164d8401b2fc08d4a652e
4026531900;44;697;0;0;0;2147483852;0;1542035;4026531900;45;2147483856;0;f000003c0000002d800000d000;51cd1ab44e579c22b7fae82d600ef52e667c20e56a9d81b3c5e86f8e85227cb3
4026531872;3766484880;17;4026531900;45;698;2147483856;0;4277413411;3766484860;45;2147483860;0;e07fff7c0000002d800000d400;3d2b3494f9b3ab11feee55ba5ac2d7da01cd3b6a9838230da4d97c8ac727959c
4026531872;3766484880;17;3766484860;45;699;2147483860;0;4274267907;4026531896;45;2147483864;0;f00000380000002d800000d800;02c3008e9ba72306bb1fc007449aac65c16917a389b4a03b24e663f8b98860eb
4026531872;3766484880;17;3766484836;70;20;2147483864;0;4249102211;4026531900;70;2147483868;0;f000003c00000046800000dc00;e47c32c5f1e0877149d5f86d015bc5add168561141db05864834d46ce2278eb9
4026531896;45;700;4026531900;70;701;2147483868;0;4244073187;0;0;2147483824;0;0000000000000000800000b000;be63a0c8b23662be201ee0e1f3d283909691bdc94ecb5c8ff4750d01f7077288
4026531872;3766484880;17;3766484856;3766484900;22;2147483824;0;4270073603;4026531896;3766484900;2147483828;0;f0000038e07fffa4800000b400;cc873ffacc0f7754d63479c87c76b917c8e3929a04a1e3707911920d42ecc57a
4026531872;3766484880;17;3766484860;45;699;2147483828;0;4274268035;4026531900;45;2147483832;0;f000003c0000002d800000b800;75414fb9cb242302ce83e7959fd2d81aae92478f4b51faa3d773d3c1fbd7e28f
4026531896;3766484900;703;4026531900;45;704;2147483832;0;16189363;4026531900;3766484945;2147483836;0;f000003ce07fffd1800000bc00;be563bc866de94173bca459b2af65667e269fbae0ed18215c6f029d53af7d220
4026531872;3766484880;17;3766484840;0;19;2147483836;0;4253296387;4026531896;0;2147483840;0;f000003800000000800000c000;0cb4e2a2c56aabed429f495ac4d6abc322d89d1677c1388276837ce9ebe36e3d
4026531896;0;706;0;0;0;2147483840;0;267876115;4026531896;0;2147483844;0;f000003800000000800000c400;00f60c22921e856dc9632cb451268809312ec8213657dc7005023a33547495d3
4026531900;3766484945;705;3766484944;0;696;2147483844;0;15171619;4026531968;0;2147483844;1;f000008000000000800000c401;c476703831729ced7cdaabb46221a37a0c852aec414695b41609e7b0158c60b3
4026531900;3766484945;705;4026531896;0;707;2147483844;1;15171619;4026531972;0;2147483844;2;f000008400000000800000c402;5ad317ce6e96895f2a16c2e2700ecbe9de9324a519786b9bbbe8b1c42614911d
4026531968;0;708;4026531972;0;709;2147483844;2;15171619;4026531968;0;2147483844;3;f000008000000000800000c403;8a45ccf7f257690afd7196a992b420278aed79b1f9a27e81a4027a2e6bb515a0
4026531900;3766484945;705;4026531968;0;710;2147483844;3;15171619;3766484944;0;2147483848;0;e07fffd000000000800000c800;e221c6004e3830892e6a79feb385a890b85b6c98843504de1cd10708c075ac34
4026531872;3766484880;17;3766484860;45;699;2147483848;0;4274268035;4026531900;45;2147483852;0;f000003c0000002d800000cc00;3aa43dfc5ff6483249bd4b9cb27a5dd19d2b3cfb9043a78f7fcbb9c5e7d4caa5
4026531900;45;712;0;0;0;2147483852;0;1542035;4026531900;46;2147483856;0;f000003c0000002e800000d000;fbfff5532462c0848d8eab2c23893dba802e584c15b3a775e2ff4a91e4103aef
4026531872;3766484880;17;4026531900;46;713;2147483856;0;4277413411;3766484860;46;2147483860;0;e07fff7c0000002e800000d400;4538f4acb743bfa0beb11ebe7028b40583c665d2f6bf5ffb38f89715b2884500
4026531872;3766484880;17;3766484860;46;714;2147483860;0;4274267907;4026531896;46;2147483864;0;f00000380000002e800000d800;691bdf4bfbb0738f2addf7ca1ab29582ce7388d36fe64b6b31bd3e43ea307f6e
4026531872;3766484880;17;3766484836;70;20;2147483864;0;4249102211;4026531900;70;2147483868;0;f000003c00000046800000dc00;7b858bf14e0a07e3a3a4345561433842f4547c236b79acda578f33b344a392d7
4026531896;46;715;4026531900;70;716;2147483868;0;4244073187;0;0;2147483824;0;0000000000000000800000b000;1a824e8c4b609284c92e5c9ddac05b214f4bacc4c0419a422c0eb6ddcf2793f8
4026531872;3766484880;17;3766484856;3766484900;22;2147483824;0;4270073603;4026531896;3766484900;2147483828;0;f0000038e07fffa4800000b400;7b0e6fa09718d881cd01d37ef50e8a39eb5958870b71e9524e719de2c69f7e90
4026531872;3766484880;17;3766484860;46;714;2147483828;0;4274268035;4026531900;46;2147483832;0;f000003c0000002e800000b800;529e61f7db55c9cfac524614fe264149f4d9e262159db56d55488c54db2f3ca3
4026531896;3766484900;718;4026531900;46;719;2147483832;0;16189363;4026531900;3766484946;2147483836;0;f000003ce07fffd2800000bc00;6729ea1fc031b8999e6e4409f0788286f9113812be5a781cca7906bf0d4b4e21
4026531872;3766484880;17;3766484840;0;19;2147483836;0;4253296387;4026531896;0;2147483840;0;f000003800000000800000c000;677cd1a4348c5786f1993857df8fbfce88859da47ac63897a096f8f5de730cd8
4026531896;0;721;0;0;0;2147483840;0;267876115;4026531896;0;2147483844;0;f000003800000000800000c400;26079c66c34cf3a297144dbef7c6aae54e00723f3ca11da8809b3a0462be6896
4026531900;3766484946;720;3766484944;0;711;2147483844;0;15171619;4026531968;0;2147483844;1;f000008000000000800000c401;f53f43d5bd55243fc1547fa436335018fc0f2ee7e9fd1ebc72d40359ef3003ec
4026531900;3766484946;720;4026531896;0;722;2147483844;1;15171619;4026531972;0;2147483844;2;f000008400000000800000c402;a8b3453f35066d76dfe417dba549e2de2627935d8822d3272d77299d882ddeee
4026531968;0;723;4026531972;0;724;2147483844;2;15171619;4026531968;0;2147483844;3;f000008000000000800000c403;8cea90f8513733bf332368f98aca6940c87d460dcba9bdf8ffde55b44735932a
4026531900;3766484946;720;4026531968;0;725;2147483844;3;15171619;3766484944;0;2147483848;0;e07fffd000000000800000c800;4a4464f3525fa7fe16dcab28a625a31b0e964846d41127cd1c717c0d0c5123e5
4026531872;3766484880;17;3766484860;46;714;2147483848;0;4274268035;4026531900;46;2147483852;0;f000003c0000002e800000cc00;14d0787ee126eb334ff4b6a8a7c344cdff1c060b86f7872fb9882095838512e9
4026531900;46;727;0;0;0;2147483852;0;1542035;4026531900;47;2147483856;0;f000003c0000002f800000d000;325fe3dde6ccc9853b9776e6d29125d59a545d4c151f37df3071ba386dbc179b
4026531872;3766484880;17;4026531900;47;728;2147483856;0;4277413411;3766484860;47;2147483860;0;e07fff7c0000002f800000d400;088d1895f8fe8a2a52449eefe27beef52ecc902e657ed3df099273a1b918b843
4026531872;3766484880;17;3766484860;47;729;2147483860;0;4274267907;4026531896;47;2147483864;0;f00000380000002f800000d800;a452f94e10a1d75c189ea9aed2599fbeaf5be250e6bc1dcd48ca69f7eebcd6cc
4026531872;3766484880;17;3766484836;70;20;2147483864;0;4249102211;4026531900;70;2147483868;0;f000003c00000046800000dc00;9f489f9680a87f9d104f7e18b22a937be21f10aad57c6364eeb693cb0a92667b
4026531896;47;730;4026531900;70;731;2147483868;0;4244073187;0;0;2147483824;0;0000000000000000800000b000;8bd14f3402036648863128c33b36f8eef2fc8ba68e45b158882e4d49783a3cd1
4026531872;3766484880;17;3766484856;3766484900;22;2147483824;0;4270073603;4026531896;3766484900;2147483828;0;f0000038e07fffa4800000b400;012e56922b9184ca37cb129e1490753511b311fdfe219bb4a571f1a9f73a3f5f
4026531872;3766484880;17;3766484860;47;729;2147483828;0;4274268035;4026531900;47;2147483832;0;f000003c0000002f800000b800;91245145f452e6192fd8b7950abe3c03d63a0ae530ad14d488738e5f30989fa4
4026531896;3766484900;733;4026531900;47;734;2147483832;0;16189363;4026531900;3766484947;2147483836;0;f000003ce07fffd3800000bc00;668cb96ae865fecaab8f6f4228e12c579a874effc15bd8d925dbd66b04ff44f2
4026531872;3766484880;17;3766484840;0;19;2147483836;0;4253296387;4026531896;0;2147483840;0;f000003800000000800000c000;642ad3881e3fce889b79031313d44efaf973cbec6f7913164f43d7d483d1ec7e
4026531896;0;736;0;0;0;2147483840;0;267876115;4026531896;0;2147483844;0;f000003800000000800000c400;e083a0da97683341d9ca9d5a408b15cc002139441f459d2c82a0814eef5db242
4026531900;3766484947;735;3766484944;0;726;2147483844;0;15171619;4026531968;0;2147483844;1;f000008000000000800000c401;367c37056e8a7c720e2a3675a23c3cef5aa44d13df3fe0f3ec363c7d6d5eb50f
4026531900;3766484947;735;4026531896;0;737;2147483844;1;15171619;4026531972;0;2147483844;2;f000008400000000800000c402;1ad4d0bf486b1194255202bb42c5bdd2d4ee0df5dcb315551c756c87fc67e3c8
4026531968;0;738;4026531972;0;739;2147483844;2;15171619;4026531968;0;2147483844;3;f000008000000000800000c403;3bd2d8dadd34070653e6d67a2489d8f804636fe468dee5d72f7a53faf9df89e1
4026531900;3766484947;735;4026531968;0;740;2147483844;3;15171619;3766484944;0;2147483848;0;e07fffd000000000800000c800;c64c42d7623ac812ad502d3f2d3ab5051c0b57b18ee4b2736f252680e4a75087
4026531872;3766484880;17;3766484860;47;729;2147483848;0;4274268035;4026531900;47;2147483852;0;f000003c0000002f800000cc00;d69687ade379526c4c5f0e9fc93991c5a609ba37420c885e636325b1ea9cb764
4026531900;47;742;0;0;0;2147483852;0;1542035;4026531900;48;2147483856;0;f000003c00000030800000d000;57b03b87804cd4f7bc2998a54813b29c5333c95a3985a5855166c4d72e3c9409
4026531872;3766484880;17;4026531900;48;743;2147483856;0;4277413411;3766484860;48;2147483860;0;e07fff7c00000030800000d400;2c8d7f2732e625a12b83b063c6276a64e967422cc21f1565e6925d5788d0a964
4026531872;3766484880;17;3766484860;48;744;2147483860;0;4274267907;4026531896;48;2147483864;0;f000003800000030800000d800;7ad4dcfb1853bcb43525e80c7c9cecf726c636b0bf9b4bd5b221428b5e45645b
4026531872;3766484880;17;3766484836;70;20;2147483864;0;4249102211;4026531900;70;2147483868;0;f000003c00000046800000dc00;0508f2f9648c90c63df171de59ed5a3aa0c877dfd9c1761c404cbb923fa1d148
4026531896;48;745;4026531900;70;746;2147483868;0;4244073187;0;0;2147483824;0;0000000000000000800000b000;ae63fa308b692298bb6875c6a7724832c1b8178571f756e6b7c9adfbf2f52e46
4026531872;3766484880;17;3766484856;3766484900;22;2147483824;0;4270073603;4026531896;3766484900;2147483828;0;f0000038e07fffa4800000b400;93bc070c0dcd63cbc45601be0b7354d4f852e5639257d5c3634326098f8bfc84
4026531872;3766484880;17;3766484860;48;744;2147483828;0;4274268035;4026531900;48;2147483832;0;f000003c00000030800000b800;63bcdbb85ad4d60819aa4a50acd4f42a665ea744513f22ff88f9f2a0aa006670
4026531896;3766484900;748;4026531900;48;749;2147483832;0;16189363;4026531900;3766484948;2147483836;0;f000003ce07fffd4800000bc00;086a738777e36b923e16f0052c1b2c0e0fc008360f3c39fea689441117889e89
4026531872;3766484880;17;3766484840;0;19;2147483836;0;4253296387;4026531896;0;2147483840;0;f000003800000000800000c000;4c444bc433a357cef2df63cafb9afef672d026c31eadebabcb65838195a3cad6
4026531896;0;751;0;0;0;2147483840;0;267876115;4026531896;0;2147483844;0;f000003800000000800000c400;21ffc68d585ce53400e98e920f651dbabc8fe0844a338167b65757891f146afb
4026531900;3766484948;750;3766484948;0;4294967295;2147483844;0;15171619;4026531968;0;2147483844;1;f000008000000000800000c401;283296bf18d67e540523b765728dd3f48e740b73f68e288113bbf81244318b24
4026531900;3766484948;750;4026531896;0;752;2147483844;1;15171619;4026531972;0;2147483844;2;f000008400000000800000c402;ed9f84dd01adb36ad8bd49d94921102f741eb6872fbd691a8b2e6033d46cc206
4026531968;0;753;4026531972;0;754;2147483844;2;15171619;4026531968;0;2147483844;3;f000008000000000800000c403;68693c029f7fe90b973840c71ae69317aa8f31be550f790687ba85047a21ece2
4026531900;3766484948;750;4026531968;0;755;2147483844;3;15171619;3766484948;0;2147483848;0;e07fffd400000000800000c800;e5abe3de5910a33c8778df8e01743b9fb7e0d4de665083f4811cba66b2c7a4b0
4026531872;3766484880;17;3766484860;48;744;2147483848;0;4274268035;4026531900;48;2147483852;0;f000003c00000030800000cc00;1b2ad897d68547e7a9583673c017a8f74aea6e14506c7b27001d1a10893185b7
4026531900;48;757;0;0;0;2147483852;0;1542035;4026531900;49;2147483856;0;f000003c00000031800000d000;d62dbdff482df02fbb8063ab3a3f722c167023ab6362c46b2304ad51531bb2fa
4026531872;3766484880;17;4026531900;49;758;2147483856;0;4277413411;3766484860;49;2147483860;0;e07fff7c00000031800000d400;ea2e733c0841b6447aa0b757322840ac0eda9c94d6c3c05df4da238b2b98100e
4026531872;3766484880;17;3766484860;49;759;2147483860;0;4274267907;4026531896;49;2147483864;0;f000003800000031800000d800;86c3f03b4369308d4d6be9a63ce26753b13df04cc9707b1def85e550f2945a03
4026531872;3766484880;17;3766484836;70;20;2147483864;0;4249102211;4026531900;70;2147483868;0;f000003c00000046800000dc00;8287fb9473d8f7e142ea381cec9067c7275aa2c8454026ce3aa11c0ba3a87e8f
4026531896;49;760;4026531900;70;761;2147483868;0;4244073187;0;0;2147483824;0;0000000000000000800000b000;14d73b245a683f1c25bc5511f68b31e37de067d174b94c4422970efef0cdd808
4026531872;3766484880;17;3766484856;3766484900;22;2147483824;0;4270073603;4026531896;3766484900;2147483828;0;f0000038e07fffa4800000b400;02bfeb981687ba11f3d6ede42275346647f5b5f20b89c95c454c1fc14079bf2e
4026531872;3766484880;17;3766484860;49;759;2147483828;0;4274268035;4026531900;49;2147483832;0;f000003c00000031800000b800;d089eaceec73de2098cfeedb7220c04e8e52ed6d544c24b5d886eceb6526235f
4026531896;3766484900;763;4026531900;49;764;2147483832;0;16189363;4026531900;3766484949;2147483836;0;f000003ce07fffd5800000bc00;a6a08b7c17b01e2045bff3ed62f6070c7c4a88389e52c71ad24c4d96a3f45bb4
4026531872;3766484880;17;3766484840;0;19;2147483836;0;4253296387;4026531896;0;2147483840;0;f000003800000000800000c000;c284f364c76a80cc6175719aff2c5c185e63108679149e0ddd3206786e42abc3
4026531896;0;766;0;0;0;2147483840;0;267876115;4026531896;0;2147483844;0;f000003800000000800000c400;15b20632d140d4b6b05c2857a8fe10f4aa4b3406d5d929bb61d7e55c4f04ee80
4026531900;3766484949;765;3766484948;0;756;2147483844;0;15171619;4026531968;0;2147483844;1;f000008000000000800000c401;5dd7985ea04f6d4c49bd3cf395214d51cb09431648b8c2e377f18528b629ce04
4026531900;3766484949;765;4026531896;0;767;2147483844;1;15171619;4026531972;0;2147483844;2;f000008400000000800000c402;9de5b301da16a66f0a7a2591e890aa5b965c2416e474f4c9fcdef59b54ff694e
4026531968;0;768;4026531972;0;769;2147483844;2;15171619;4026531968;0;2147483844;3;f000008000000000800000c403;41c4e02586e53663d96c8bfe2990017528360d82236863aa6b8f519344801525
4026531900;3766484949;765;4026531968;0;770;2147483844;3;15171619;3766484948;0;2147483848;0;e07fffd400000000800000c800;163930a26f7bd21159f7f2d4b4957378c43e8ca9d2f26c9566eaec352533ae6e
4026531872;3766484880;17;3766484860;49;759;2147483848;0;4274268035;4026531900;49;2147483852;0;f000003c00000031800000cc00;cf94ca6544c4744561ff07abf132a8258c424ac6e928fdb285a00d3c0ef5160d
4026531900;49;772;0;0;0;2147483852;0;1542035;4026531900;50;2147483856;0;f000003c00000032800000d000;842817283aae0db0cb9b6ecc87f76d864d262753598ad41e251c4f75c4e7a9a4
4026531872;3766484880;17;4026531900;50;773;2147483856;0;4277413411;3766484860;50;2147483860;0;e07fff7c00000032800000d400;24e258bd6c3869423500b7140c68262add7e305c24e2d2075d6c2bcf97c64368
4026531872;3766484880;17;3766484860;50;774;2147483860;0;4274267907;4026531896;50;2147483864;0;f000003800000032800000d800;6cdeacd40d643d7c015c1248a23c57e277d9695fdee727edf75aa96af1ed21d2
4026531872;3766484880;17;3766484836;70;20;2147483864;0;4249102211;4026531900;70;2147483868;0;f000003c00000046800000dc00;983e62f2d1095f70b7ed742816ed99294451ced1872d88b34e401ca9ed227a53
4026531896;50;775;4026531900;70;776;2147483868;0;4244073187;0;0;2147483824;0;0000000000000000800000b000;4c5f3536548c2d9617c791a1f01bd0bdd41caa33ac57f36ca6f7254ac271e0b4
4026531872;3766484880;17;3766484856;3766484900;22;2147483824;0;4270073603;4026531896;3766484900;2147483828;0;f0000038e07fffa4800000b400;1ef32913bba8a20be9b61f164d6edaa26721e0fe36f1ff0da012ea8172583a8f
4026531872;3766484880;17;3766484860;50;774;2147483828;0;4274268035;4026531900;50;2147483832;0;f000003c00000032800000b800;0210e1f04656f124dea5a430d69280421e64ea0f5b7697c0b3a51b04d6fd1473
4026531896;3766484900;778;4026531900;50;779;2147483832;0;16189363;4026531900;3766484950;2147483836;0;f000003ce07fffd6800000bc00;adaedebe9c8083d871b4a86ed58d10afa2d686b6d0fcaf70cd651462e35755fe
4026531872;3766484880;17;3766484840;0;19;2147483836;0;4253296387;4026531896;0;2147483840;0;f000003800000000800000c000;9985dc69be51d46fa8e5fde914234b208e32103f4c59e1e13dee7ddc735af177
4026531896;0;781;0;0;0;2147483840;0;267876115;4026531896;0;2147483844;0;f000003800000000800000c400;e4e2c188bb76db5602d87d1d4584e937d7b87cbe067843179f2d46abe89b8a65
4026531900;3766484950;780;3766484948;0;771;2147483844;0;15171619;4026531968;0;2147483844;1;f000008000000000800000c401;27bc7722db2b11388f89099375998515ddecae7db1748548a899dd035e603109
4026531900;3766484950;780;4026531896;0;782;2147483844;1;15171619;4026531972;0;2147483844;2;f000008400000000800000c402;3b03438762fa50c3ae48cb56f3ec010fe4f139c6a74ddf788f9f2ce28f1ab1d9
4026531968;0;783;4026531972;0;784;2147483844;2;15171619;4026531968;0;2147483844;3;f000008000000000800000c403;0ca886a80242736c3cc562cf9555e2984b09646df6e5989d9d618c964d8991bc
4026531900;3766484950;780;4026531968;0;785;2147483844;3;15171619;3766484948;0;2147483848;0;e07fffd400000000800000c800;7904179800f3ecc17d558ba4268e3f55d99c9a9567863e6a9039957cd5d09b94
4026531872;3766484880;17;3766484860;50;774;2147483848;0;4274268035;4026531900;50;2147483852;0;f000003c00000032800000cc00;30c1637ecd3c6d638e39b936dcadf7eca11155815f718c1bb1fceba15f72935f
4026531900;50;787;0;0;0;2147483852;0;1542035;4026531900;51;2147483856;0;f000003c00000033800000d000;c05ee2a6acc94301e353124324bf1fa8b9ed4052b424bfb7d6ddefa216c4a2e6
4026531872;3766484880;17;4026531900;51;788;2147483856;0;4277413411;3766484860;51;2147483860;0;e07fff7c00000033800000d400;7135a5e0135336bdf9b781a2d6990bf3a2a28bb145e3e37d90e030713f4b8e8e
4026531872;3766484880;17;3766484860;51;789;2147483860;0;4274267907;4026531896;51;2147483864;0;f000003800000033800000d800;eb0978d93c6fbabd38f53220bd86a840d2216fcf3df616f5f68cf89515b19ab6
4026531872;3766484880;17;3766484836;70;20;2147483864;0;4249102211;4026531900;70;2147483868;0;f000003c00000046800000dc00;4ffec6d893279e32630428b4cec1db6ea74ee00cb42df07a61fb514866addd38
4026531896;51;790;4026531900;70;791;2147483868;0;4244073187;0;0;2147483824;0;0000000000000000800000b000;14747a29229efb9a02ea16e20008040d3a6b2a7d51bcc8a4bab911512491108e
4026531872;3766484880;17;3766484856;3766484900;22;2147483824;0;4270073603;4026531896;3766484900;2147483828;0;f0000038e07fffa4800000b400;c27951cf6e870f1ec364fad1360f000a34aa91519a2d4f59a052056c058ff88c
4026531872;3766484880;17;3766484860;51;789;2147483828;0;4274268035;4026531900;51;2147483832;0;f000003c00000033800000b800;08f191c12dd9062099ec9d5376071679834d63fdd3061bdcf8981951bd06c420
4026531896;3766484900;793;4026531900;51;794;2147483832;0;16189363;4026531900;3766484951;2147483836;0;f000003ce07fffd7800000bc00;3e15b82583bbb5dcc29161162fdb90bf912bd1fef5d4c5ae79c5a7513489a8db
4026531872;3766484880;17;3766484840;0;19;2147483836;0;4253296387;4026531896;0;2147483840;0;f000003800000000800000c000;738b1d48603d9d5680b650f4e3b460d921be5038891a36a36dae72f99d4abc5d
4026531896;0;796;0;0;0;2147483840;0;267876115;4026531896;0;2147483844;0;f000003800000000800000c400;77089e5a5fa745df6f49239d8a43f09ffd7fa438cd0d8e8a3e86f00c550956c9
4026531900;3766484951;795;3766484948;0;786;2147483844;0;15171619;4026531968;0;2147483844;1;f000008000000000800000c401;2e93946fa118fa31d1837c6b58690b128dcc31e0f1dca251726c1929ed05ed90
4026531900;3766484951;795;4026531896;0;797;2147483844;1;15171619;4026531972;0;2147483844;2;f000008400000000800000c402;1ab829cd2eaabe0c2367afd8422e5c7e28ccb754e2f6c5f2002323e1488c1cee
4026531968;0;798;4026531972;0;799;2147483844;2;15171619;4026531968;0;2147483844;3;f000008000000000800000c403;302f310659866bd00e92b179345f52f59a162d8a6e161cc2cc0f0ea8e97270b0
4026531900;3766484951;795;4026531968;0;800;2147483844;3;15171619;3766484948;0;2147483848;0;e07fffd400000000800000c800;46a2bd3110085d16fe8a5786ac9e9b46783a744cd3da48fdd294cad83d43271e
4026531872;3766484880;17;3766484860;51;789;2147483848;0;4274268035;4026531900;51;2147483852;0;f000003c00000033800000cc00;de46687e191ac5ad515f5ecd1c20640224ce6a231cacdeaadc74bac664c88246
4026531900;51;802;0;0;0;2147483852;0;1542035;4026531900;52;2147483856;0;f000003c00000034800000d000;025d04c8fe6fc8b1037b865f9d6b4db76f8ce23385ff016613729e77612acb46
4026531872;3766484880;17;4026531900;52;803;2147483856;0;4277413411;3766484860;52;2147483860;0;e07fff7c00000034800000d400;b64141577541e708b92ed7c1c76208e7677ce5de47644597100f00382c38d3f1
4026531872;3766484880;17;3766484860;52;804;2147483860;0;4274267907;4026531896;52;2147483864;0;f000003800000034800000d800;80f69e90acd233a248f60ae0d17dd7e3859d22d598b746b851acf3c0dbb80416
4026531872;3766484880;17;3766484836;70;20;2147483864;0;4249102211;4026531900;70;2147483868;0;f000003c00000046800000dc00;b7dfa0f3ee429b49b5fe9e44fccaf39c121a683c016f9c335eb7592b18874fb5
4026531896;52;805;4026531900;70;806;2147483868;0;4244073187;0;0;2147483824;0;0000000000000000800000b000;adf7a8e71c3a549d1c7dd90706e982f226f44e213082f1fc47a893730d1daced
4026531872;3766484880;17;3766484856;3766484900;22;2147483824;0;4270073603;4026531896;3766484900;2147483828;0;f0000038e07fffa4800000b400;2b45982bfdb3ebfa545031bf883c1093d6fa6edbf6b2b0853beca4149b6f4466
4026531872;3766484880;17;3766484860;52;804;2147483828;0;4274268035;4026531900;52;2147483832;0;f000003c00000034800000b800;334f409307ec657a9fc091efbc34d77181b19d2b4a64a520590ae4d4a8ec9531
4026531896;3766484900;808;4026531900;52;809;2147483832;0;16189363;4026531900;3766484952;2147483836;0;f000003ce07fffd8800000bc00;b8e82bd085e89137ca320002fda07cd9cf44cac158b9c1a74f35b3eb34040c74
4026531872;3766484880;17;3766484840;0;19;2147483836;0;4253296387;4026531896;0;2147483840;0;f000003800000000800000c000;2f2220f413be4c68679a162b5b3ebd35803182537cc3e36c10a43d12b031995a
4026531896;0;811;0;0;0;2147483840;0;267876115;4026531896;0;2147483844;0;f000003800000000800000c400;33a8e1629516a382fbbf8c57adfb4bfd7f67cb5973dd3f6173c5b624eb1133de
4026531900;3766484952;810;3766484952;0;4294967295;2147483844;0;15171619;4026531968;0;2147483844;1;f000008000000000800000c401;8eb3cee77b35e9617a25eed88ff6bb2b9ffb223d87e9675eb6949b445d8fd5e5
4026531900;3766484952;810;4026531896;0;812;2147483844;1;15171619;4026531972;0;2147483844;2;f000008400000000800000c402;619dbfd65f86e300fdc5edece3678c0ba4f92adce299803ad6cc44a8eebde4a3
4026531968;0;813;4026531972;0;814;2147483844;2;15171619;4026531968;0;2147483844;3;f000008000000000800000c403;d2f2673fd4e2e426cadcdd429d049e7364f9001e3ae66f52bb7650f368abd226
4026531900;3766484952;810;4026531968;0;815;2147483844;3;15171619;3766484952;0;2147483848;0;e07fffd800000000800000c800;44a678761594d865c6727e00604f8ec734de021a5827af61d4285bb3bf11d70c
4026531872;3766484880;17;3766484860;52;804;2147483848;0;4274268035;4026531900;52;2147483852;0;f000003c00000034800000cc00;05ff6fea8bb1d0b1cee6d4876d2e8511d3b74436f120601b4fd34f02344455bd
4026531900;52;817;0;0;0;2147483852;0;1542035;4026531900;53;2147483856;0;f000003c00000035800000d000;c4538c20d14eccb11794eff7911f8ee6651b2aec6d97c10ece79e08bd57c5734
4026531872;3766484880;17;4026531900;53;818;2147483856;0;4277413411;3766484860;53;2147483860;0;e07fff7c00000035800000d400;e6375dd37be4bca2b4f2e2fea3548d94d643f4d5eef1987b4e2e3286136b28e6
4026531872;3766484880;17;3766484860;53;819;2147483860;0;4274267907;4026531896;53;2147483864;0;f000003800000035800000d800;da54cdb1a5859b939176cbfb6fdd87233f3f227a3a1ded07f50694b3e8089d17
4026531872;3766484880;17;3766484836;70;20;2147483864;0;4249102211;4026531900;70;2147483868;0;f000003c00000046800000dc00;00c1110bb43ba4cc4b3e5c764c4c22dfba583ce860d5d562deb190eea1c9f27e
4026531896;53;820;4026531900;70;821;2147483868;0;4244073187;0;0;2147483824;0;0000000000000000800000b000;a7d732266dfafefb80d1558408ba02da41607ea07655e10be4d4d66834ab4ff3
4026531872;3766484880;17;3766484856;3766484900;22;2147483824;0;4270073603;4026531896;3766484900;2147483828;0;f0000038e07fffa4800000b400;17256dc8e490e7c010257fca8af95402473e701559e9acf436c1990e85dbfa8f
4026531872;3766484880;17;3766484860;53;819;2147483828;0;4274268035;4026531900;53;2147483832;0;f000003c00000035800000b800;72588a112b0bde18925f8dd371c2970f0057fb8c52f4647b3afc060809f57eeb
4026531896;3766484900;823;4026531900;53;824;2147483832;0;16189363;4026531900;3766484953;2147483836;0;f000003ce07fffd9800000bc00;6fa92a577d6de11a1744262ecbad40ddffe2d9ed5ef06188403f389b475c15db
4026531872;3766484880;17;3766484840;0;19;2147483836;0;4253296387;4026531896;0;2147483840;0;f000003800000000800000c000;0e2b0b14e7c3b61f1d4f50ba18529c9ca6d1d79500a81c476b2f811207111ba6
4026531896;0;826;0;0;0;2147483840;0;267876115;4026531896;0;2147483844;0;f000003800000000800000c400;09bb6b44f329676f15fbaff9649f996855705837bf5432813efccf56b2bf952e
4026531900;3766484953;825;3766484952;0;816;2147483844;0;15171619;4026531968;0;2147483844;1;f000008000000000800000c401;848ebcccbca651bf15a4f1cf47dbecb43720be5cff441195addf2c77d1c517a0
4026531900;3766484953;825;4026531896;0;827;2147483844;1;15171619;4026531972;0;2147483844;2;f000008400000000800000c402;064b769bf6776da963fb641a10f27c34fcf32fd36f7af8c5978f44754e8bc31a
4026531968;0;828;4026531972;0;829;2147483844;2;15171619;4026531968;0;2147483844;3;f000008000000000800000c403;b4aadc36222bae00da8ae1650f0f819df387f3f5bc4b299b3469c432a7e877e8
4026531900;3766484953;825;4026531968;0;830;2147483844;3;15171619;3766484952;0;2147483848;0;e07fffd800000000800000c800;c080dc9e577209eb9fd3c1260f7e08c32344f8ca6b7a603fb23643dc08cdfeaf
4026531872;3766484880;17;3766484860;53;819;2147483848;0;4274268035;4026531900;53;2147483852;0;f000003c00000035800000cc00;68ce81540335f42c174f5734d789b36b5e3b4749d11385e8b4e3e8d723dfbd6a
4026531900;53;832;0;0;0;2147483852;0;1542035;4026531900;54;2147483856;0;f000003c00000036800000d000;17ce2a04331f9bc47a4b7bed94c43eaad8c016b9bd4ac280a40462de73865081
4026531872;3766484880;17;4026531900;54;833;2147483856;0;4277413411;3766484860;54;2147483860;0;e07fff7c00000036800000d400;7e3e721b690a15d02b8c0e77b31d60ed58b7581fae59a5fac862f5fa0fc5f34e
4026531872;3766484880;17;3766484860;54;834;2147483860;0;4274267907;4026531896;54;2147483864;0;f000003800000036800000d800;6174c5f09c04c91867e7e39e43748834ad975fed2c741b4557e64d9c521ed1b3
4026531872;3766484880;17;3766484836;70;20;2147483864;0;4249102211;4026531900;70;2147483868;0;f000003c00000046800000dc00;133601d30ee06ef46c66c39872edb3789ba5b440dd00d724d00608d3e54eef87
4026531896;54;835;4026531900;70;836;2147483868;0;4244073187;0;0;2147483824;0;0000000000000000800000b000;da6d68b8719897dd3a220a4327c4a608afcc6d49fdbb675189f1e206139b32f4
4026531872;3766484880;17;3766484856;3766484900;22;2147483824;0;4270073603;4026531896;3766484900;2147483828;0;f0000038e07fffa4800000b400;3c3e42569959dce6550a1fd11ca0026df73299b8a67100eea650c1ac3d712b97
4026531872;3766484880;17;3766484860;54;834;2147483828;0;4274268035;4026531900;54;2147483832;0;f000003c00000036800000b800;524f630d248dba886675616d6839761e248e81e7330a3d795fe7264baebefc01
4026531896;3766484900;838;4026531900;54;839;2147483832;0;16189363;4026531900;3766484954;2147483836;0;f000003ce07fffda800000bc00;6f5c36879d0e84ade501a2408f27ab568d01dbc6c01d9bf51c723a5f94f092b9
4026531872;3766484880;17;3766484840;0;19;2147483836;0;4253296387;4026531896;0;2147483840;0;f000003800000000800000c000;0e53678c72b8a06bd5a9caff4301dbd7e9c2aa416c6c1f4374c8cf4e957d2f26
4026531896;0;841;0;0;0;2147483840;0;267876115;4026531896;0;2147483844;0;f000003800000000800000c400;7b0fe4216497e9ce03ef693fff6d2ebcc72a330de7250c6e7d8a03915ef74d6d
4026531900;3766484954;840;3766484952;0;831;2147483844;0;15171619;4026531968;0;2147483844;1;f000008000000000800000c401;13c20a2f1c6bce0c168ce26f014db2d0f01b331f22e03a0dddea493ac3af4d0b
4026531900;3766484954;840;4026531896;0;842;2147483844;1;15171619;4026531972;0;2147483844;2;f000008400000000800000c402;fe7156b54d5654c171d244fc4029537c617ac498f328b234cd87839b3a5de296
4026531968;0;843;4026531972;0;844;2147483844;2;15171619;4026531968;0;2147483844;3;f000008000000000800000c403;1f6f30566c51fb196b1ca661e77e3670c4a755193a3ae5ad019a8fcfb2527df9
4026531900;3766484954;840;4026531968;0;845;2147483844;3;15171619;3766484952;0;2147483848;0;e07fffd800000000800000c800;69904d9d491a1b5ad67b45f4a16e5d5b5c6d14c87772af029a383d1841358404
4026531872;3766484880;17;3766484860;54;834;2147483848;0;4274268035;4026531900;54;2147483852;0;f000003c00000036800000cc00;0261c3aa58769051f88098cbabfad1eba8fa8eb04e068aad511970afeacf6897
4026531900;54;847;0;0;0;2147483852;0;1542035;4026531900;55;2147483856;0;f000003c00000037800000d000;b3e81ae6c0d105ff3ebcf7014750dc817b6f1e976defd58861071b3f1f1f05f9
4026531872;3766484880;17;4026531900;55;848;2147483856;0;4277413411;3766484860;55;2147483860;0;e07fff7c00000037800000d400;dcf352639d42b3c4539cc3d1f9dbb6a23195a31af8f68f92aa6efb8377fb3b8c
4026531872;3766484880;17;3766484860;55;849;2147483860;0;4274267907;4026531896;55;2147483864;0;f000003800000037800000d800;3b7bd31e8e3ea99a842c01fdcc86b263d0aeb079fd543bfc80fccc407ca5072d
4026531872;3766484880;17;3766484836;70;20;2147483864;0;4249102211;4026531900;70;2147483868;0;f000003c00000046800000dc00;277e5a85f764f88718887aee312d30b1353a41e8d8d357528bfef85747ea7296
4026531896;55;850;4026531900;70;851;2147483868;0;4244073187;0;0;2147483824;0;0000000000000000800000b000;cc6daf645897bbfb3600f584fc7950f1789b5d412ef2418559d704829dd02310
4026531872;3766484880;17;3766484856;3766484900;22;2147483824;0;4270073603;4026531896;3766484900;2147483828;0;f0000038e07fffa4800000b400;008ee1b5cc99ab726dddb3a4844c3f7a153a4f59652430020685bcdc148bd2f9
4026531872;3766484880;17;3766484860;55;849;2147483828;0;4274268035;4026531900;55;2147483832;0;f000003c00000037800000b800;46cdb8127f0a810003ab32e320f33888751d4883c02c1c7dcc8d80cb649f8e21
4026531896;3766484900;853;4026531900;55;854;2147483832;0;16189363;4026531900;3766484955;2147483836;0;f000003ce07fffdb800000bc00;7f67c363cadcb0b06d4cdc7bde8a933bce877f1da00176503e773a31c61bea39
4026531872;3766484880;17;3766484840;0;19;2147483836;0;4253296387;4026531896;0;2147483840;0;f000003800000000800000c000;73ec9219c1cd7dc18b3dc68c63f5750cdbd27c2493e81a690af080b2ede43dae
4026531896;0;856;0;0;0;2147483840;0;267876115;4026531896;0;2147483844;0;f000003800000000800000c400;35bca5ab704e898e3e81564a1f167d4c780c64c9d3e5ce94c3d474d63081e417
4026531900;3766484955;855;3766484952;0;846;2147483844;0;15171619;4026531968;0;2147483844;1;f000008000000000800000c401;c1fdf99e4cc91e37d5df16ce715e14bd9890e7d7ed9b6317d6e77e079a14bf4c
4026531900;3766484955;855;4026531896;0;857;2147483844;1;15171619;4026531972;0;2147483844;2;f000008400000000800000c402;06ef2eee48f4d73cdfda2f75f2f658c2684bfee0d1076156d9074a17b5aa2ca3
4026531968;0;858;4026531972;0;859;2147483844;2;15171619;4026531968;0;2147483844;3;f000008000000000800000c403;bb52ef2d46f9b4d51ec7b404a97a38ca41d4e718d2425e2a90b8f40cb4d3e8c8
4026531900;3766484955;855;4026531968;0;860;2147483844;3;15171619;3766484952;0;2147483848;0;e07fffd800000000800000c800;49cd78f4265bac5ac65bf1a35558761ddf765cfe031862abb7bad2723591fd12
4026531872;3766484880;17;3766484860;55;849;2147483848;0;4274268035;4026531900;55;2147483852;0;f000003c00000037800000cc00;17d0ca1deb409aaf6fc1720cc01ccdfb334366ead618bbbeded07681f85d3bcf
4026531900;55;862;0;0;0;2147483852;0;1542035;4026531900;56;2147483856;0;f000003c00000038800000d000;af9494b8c24aedab25fe189b38805f9535c573ec2bc874a70593876f8521256f
4026531872;3766484880;17;4026531900;56;863;2147483856;0;4277413411;3766484860;56;2147483860;0;e07fff7c00000038800000d400;2c05e48718a08ad8becede505d65343b6f0b06897c21db8638bb1257ac66be6d
4026531872;3766484880;17;3766484860;56;864;2147483860;0;4274267907;4026531896;56;2147483864;0;f000003800000038800000d800;508a10d8969b9924cc85f58eb114ceccf7b62f2ebfefada8ab719f69b47718c0
4026531872;3766484880;17;3766484836;70;20;2147483864;0;4249102211;4026531900;70;2147483868;0;f000003c00000046800000dc00;452e01b3946458c5c14713cdc754dca48164c34e1d3c91fbf20e1a02cb0d9bb4
4026531896;56;865;4026531900;70;866;2147483868;0;4244073187;0;0;2147483824;0;0000000000000000800000b000;41a6cb29f498290d61fb59ee503fca0e34d95e238de65518fadfca590766ce40
4026531872;3766484880;17;3766484856;3766484900;22;2147483824;0;4270073603;4026531896;3766484900;2147483828;0;f0000038e07fffa4800000b400;6cfa4f7384d9da272cfc3865331a83484f2f7d778307d8f036501d17e8f7c324
4026531872;3766484880;17;3766484860;56;864;2147483828;0;4274268035;4026531900;56;2147483832;0;f000003c00000038800000b800;3b708f425730a468b6519fd0e38ef53ff82bd20106809caed6644f1547c209ab
4026531896;3766484900;868;4026531900;56;869;2147483832;0;16189363;4026531900;3766484956;2147483836;0;f000003ce07fffdc800000bc00;468579d357bcee4abac6df51f8f0a2bb6986bcbad16a6ca2ffd21bafd0d19d35
4026531872;3766484880;17;3766484840;0;19;2147483836;0;4253296387;4026531896;0;2147483840;0;f000003800000000800000c000;ce774d42f170cfe362184861059bcfc8f5077da7b037e0f15b318e33340de6e2
4026531896;0;871;0;0;0;2147483840;0;267876115;4026531896;0;2147483844;0;f000003800000000800000c400;2ae453747c7e825b6d246af3496ebef708e8c6b3322deeebdbed8d851dd47c8f
4026531900;3766484956;870;3766484956;0;4294967295;2147483844;0;15171619;4026531968;0;2147483844;1;f000008000000000800000c401;5a0f3f10ec97b831be94b821d78b9e74220736b4e9bd0f1ead4faf0724e8324c
4026531900;3766484956;870;4026531896;0;872;2147483844;1;15171619;4026531972;0;2147483844;2;f000008400000000800000c402;cf38fe41721e19c3dce746cffb796a160579ad93c2aa90058bc850d11b08ea81
4026531968;0;873;4026531972;0;874;2147483844;2;15171619;4026531968;0;2147483844;3;f000008000000000800000c403;9b057114452cf832699d11df796ced0667769221f3d41888b5c1a767ddde4284
4026531900;3766484956;870;4026531968;0;875;2147483844;3;15171619;3766484956;0;2147483848;0;e07fffdc00000000800000c800;218f494543c6e2fc40ad8ac3cfddeff490c0482954f48388d73c5ca18a5506db
4026531872;3766484880;17;3766484860;56;864;2147483848;0;4274268035;4026531900;56;2147483852;0;f000003c00000038800000cc00;1834257827b5257274b985a4708995ae050cc0ffc646de406c6d4e80e3580fb3
4026531900;56;877;0;0;0;2147483852;0;1542035;4026531900;57;2147483856;0;f000003c00000039800000d000;c37bf140ea76bb7bc95d1880e125b03494125980466a7e7b820fff97715ee17d
4026531872;3766484880;17;4026531900;57;878;2147483856;0;4277413411;3766484860;57;2147483860;0;e07fff7c00000039800000d400;0ed62a0ad2ddaee8c5ea96e025ce1992d4698aabe9cb94864e68a9cb51169285
4026531872;3766484880;17;3766484860;57;879;2147483860;0;4274267907;4026531896;57;2147483864;0;f000003800000039800000d800;426cea4829a4ee835c79e7fdbd5ca334fee6cfb95e12512e6dd4dc815fbfd317
4026531872;3766484880;17;3766484836;70;20;2147483864;0;4249102211;4026531900;70;2147483868;0;f000003c00000046800000dc00;b901e971f15e8480111dd72ff3bdde537ffce9c56ae30593c46303a2cb18f51a
4026531896;57;880;4026531900;70;881;2147483868;0;4244073187;0;0;2147483824;0;0000000000000000800000b000;e1eb9babdec167e4894b4627e401f10b786fccda57822219acf786d2dac92e6f
4026531872;3766484880;17;3766484856;3766484900;22;2147483824;0;4270073603;4026531896;3766484900;2147483828;0;f0000038e07fffa4800000b400;ec14c07a9f26cf76f037267d3301f1e95eca164a3caf620c2ec4f5ec59e72140
4026531872;3766484880;17;3766484860;57;879;2147483828;0;4274268035;4026531900;57;2147483832;0;f000003c00000039800000b800;912fd122ae381c963f4bc1ad7b90b9362bdcac85764030504cbd70a6da494ffb
4026531896;3766484900;883;4026531900;57;884;2147483832;0;16189363;4026531900;3766484957;2147483836;0;f000003ce07fffdd800000bc00;2c3bdd39fdfe50ad199cfdb0bcb15439e6b33dd8303156df526a02c7ab27bab3
4026531872;3766484880;17;3766484840;0;19;2147483836;0;4253296387;4026531896;0;2147483840;0;f000003800000000800000c000;1c557dd07b167397353baa796b488421c2c6f47e4029c34bf47b5c22ccb77dfd
4026531896;0;886;0;0;0;2147483840;0;267876115;4026531896;0;2147483844;0;f000003800000000800000c400;22b48455e31fd7506417fbe6da16985fa093edf7c9eeabe89f9e7c28b01f67ef
4026531900;3766484957;885;3766484956;0;876;2147483844;0;15171619;4026531968;0;2147483844;1;f000008000000000800000c401;bd22c732b2e27b0c1dda7554f6b8ad63fa849dee215e8e7fecca9a002e821717
4026531900;3766484957;885;4026531896;0;887;2147483844;1;15171619;4026531972;0;2147483844;2;f000008400000000800000c402;06ddb467e2a0909955bf23fcf83e4f98470394d80062f21fbc1f3665160af86f
4026531968;0;888;4026531972;0;889;2147483844;2;15171619;4026531968;0;2147483844;3;f000008000000000800000c403;091027a2fdc07e87ae9f72de8e204adce5551a4d7a4b38f58a551e1d6b388391
4026531900;3766484957;885;4026531968;0;890;2147483844;3;15171619;3766484956;0;2147483848;0;e07fffdc00000000800000c800;bff4902d86ddb08f0e345d1220af188fda0626a6cd3a08608e13e138e0fff415
4026531872;3766484880;17;3766484860;57;879;2147483848;0;4274268035;4026531900;57;2147483852;0;f000003c00000039800000cc00;139f9bb6fbbab28d0ee2725ef19169508c2dc817cf97c50e381e02f038cac739
4026531900;57;892;0;0;0;2147483852;0;1542035;4026531900;58;2147483856;0;f000003c0000003a800000d000;1423d0b513b367f2d880150fc09c8273af90c7e56f52b08ffc3fa73567627cf9
4026531872;3766484880;17;4026531900;58;893;2147483856;0;4277413411;3766484860;58;2147483860;0;e07fff7c0000003a800000d400;bc16515b4bcbf3233136038c2dd553125ec17591f4dd948204483f620532a568
4026531872;3766484880;17;3766484860;58;894;2147483860;0;4274267907;4026531896;58;2147483864;0;f00000380000003a800000d800;c42f727ac6dba286adc6f4a078de258bfe4522ac12f979da2073a10f7c98bbf6
4026531872;3766484880;17;3766484836;70;20;2147483864;0;4249102211;4026531900;70;2147483868;0;f000003c00000046800000dc00;32e5e8ac14697e466722ee6278b791badd63e30af52f854025f86ea165954bc3
4026531896;58;895;4026531900;70;896;2147483868;0;4244073187;0;0;2147483824;0;0000000000000000800000b000;0b1276851436e174b739c9d1e40fccc6c9ff0e942f90b8d35ed8e25bd2e0be0f
4026531872;3766484880;17;3766484856;3766484900;22;2147483824;0;4270073603;4026531896;3766484900;2147483828;0;f0000038e07fffa4800000b400;7207b694cbb0e280f9b9e98073be58bac2fe2c025ba006ace362dd8d32196f1f
4026531872;3766484880;17;3766484860;58;894;2147483828;0;4274268035;4026531900;58;2147483832;0;f000003c0000003a800000b800;fe3f46b7447a45f5a82e1b344f60db2c150968d1dd972fd567043a75a956a770
4026531896;3766484900;898;4026531900;58;899;2147483832;0;16189363;4026531900;3766484958;2147483836;0;f000003ce07fffde800000bc00;f3cc5fd80c85de057377bad843854f68b8c4160433d18e96bf79f14217c30d90
4026531872;3766484880;17;3766484840;0;19;2147483836;0;4253296387;4026531896;0;2147483840;0;f000003800000000800000c000;1cb002d7a6b427cfafad384c448850db5f6f60ed20e792d82d4935d5e0701130
4026531896;0;901;0;0;0;2147483840;0;267876115;4026531896;0;2147483844;0;f000003800000000800000c400;6b5ee4789f7c287d1f91fc691fb65caa17d3aeaf4c68229acdb9f92cbba1730b
4026531900;3766484958;900;3766484956;0;891;2147483844;0;15171619;4026531968;0;2147483844;1;f000008000000000800000c401;ffe8d2c06435892c16273de3111dec3179f350b5e81e3a7483df500b96413c04
4026531900;3766484958;900;4026531896;0;902;2147483844;1;15171619;4026531972;0;2147483844;2;f000008400000000800000c402;9efb731cde1255d330e55716b638602f66de0fe26173505bbbacee948cfcc7d6
4026531968;0;903;4026531972;0;904;2147483844;2;15171619;4026531968;0;2147483844;3;f000008000000000800000c403;ea8b9e16aa3843adbda775073d8dcd4b4e081dcbd49cc462cd8d3c9181ba5373
4026531900;3766484958;900;4026531968;0;905;2147483844;3;15171619;3766484956;0;2147483848;0;e07fffdc00000000800000c800;fcc8f122020557886cc349326d3af4cd768e7d2cc3d10a34e89d97517dd9b2dd
4026531872;3766484880;17;3766484860;58;894;2147483848;0;4274268035;4026531900;58;2147483852;0;f000003c0000003a800000cc00;d9544b2c08db06c389a7ce4725b6a95d6dc19f6279239bb8a8d264785701d241
4026531900;58;907;0;0;0;2147483852;0;1542035;4026531900;59;2147483856;0;f000003c0000003b800000d000;617a347cdb883c61f5b76bd128281bdfdeb0b1c288f4ce3f1e2ebf321664491c
4026531872;3766484880;17;4026531900;59;908;2147483856;0;4277413411;3766484860;59;2147483860;0;e07fff7c0000003b800000d400;a1c839de42f306b49c7ad64ab902a73df7a31f5fec28b220463ad8a2b5d046c5
4026531872;3766484880;17;3766484860;59;909;2147483860;0;4274267907;4026531896;59;2147483864;0;f00000380000003b800000d800;04c2b2db2a75317b1bc7639ab148a57ceefe001becdf561745136fea1a9547bc
4026531872;3766484880;17;3766484836;70;20;2147483864;0;4249102211;4026531900;70;2147483868;0;f000003c00000046800000dc00;7ae9274fa8d39727aae73cd9341bc29bb2daa1bfd60d5b8e310a153335fa39e4
4026531896;59;910;4026531900;70;911;2147483868;0;4244073187;0;0;2147483824;0;0000000000000000800000b000;f00fdfd2a8e07e3e8006fbe0f78b58b036a79d80dcd0edadbc6888272a7bcd0e
4026531872;3766484880;17;3766484856;3766484900;22;2147483824;0;4270073603;4026531896;3766484900;2147483828;0;f0000038e07fffa4800000b400;153d21626651f02e2d8e790192d53bdde9f2ffddc3cbaade6393db4698df122c
4026531872;3766484880;17;3766484860;59;909;2147483828;0;4274268035;4026531900;59;2147483832;0;f000003c0000003b800000b800;2c771d193048066d841437989e57a2201d4b0f338e718827fe1ed45e19615f42
4026531896;3766484900;913;4026531900;59;914;2147483832;0;16189363;4026531900;3766484959;2147483836;0;f000003ce07fffdf800000bc00;300aab56347f303894a35a4c30b688fac741af807960e7f742e0de5427cb0db9
4026531872;3766484880;17;3766484840;0;19;2147483836;0;4253296387;4026531896;0;2147483840;0;f000003800000000800000c000;8a2795cb43bf7dc229a2631f6d1cd348b379a0e5c744edb430fff50cce2cb803
4026531896;0;916;0;0;0;2147483840;0;267876115;4026531896;0;2147483844;0;f000003800000000800000c400;c9a31b2d7e7f1895c97d2d89d47ec573675395e09a2d23ba67c4b9082e3dcf21
4026531900;3766484959;915;3766484956;0;906;2147483844;0;15171619;4026531968;0;2147483844;1;f000008000000000800000c401;d01dd9d155040ee6ff943ad5fcabc0c9f373f94b27e51c0850ebe1b92c7afa2d
4026531900;3766484959;915;4026531896;0;917;2147483844;1;15171619;4026531972;0;2147483844;2;f000008400000000800000c402;982fd8b3d84bd12e5210167e4816bacd6ab9f29812df500105904c2bde0090c0
4026531968;0;918;4026531972;0;919;2147483844;2;15171619;4026531968;0;2147483844;3;f000008000000000800000c403;758042610163bebaa77573399c7603ec6d1b5c5796f55972c1b76208cb9c52d4
4026531900;3766484959;915;4026531968;0;920;2147483844;3;15171619;3766484956;0;2147483848;0;e07fffdc00000000800000c800;2af5fd67fefd5af18e78a3814eafcfc91f1822cf8a9813a2a49ed9f79df8cb76
4026531872;3766484880;17;3766484860;59;909;2147483848;0;4274268035;4026531900;59;2147483852;0;f000003c0000003b800000cc00;a89e3ea665a3f8baf1a444eee4a61d08c2155cd5ccfe23d3a9cec8c96d276519
4026531900;59;922;0;0;0;2147483852;0;1542035;4026531900;60;2147483856;0;f000003c0000003c800000d000;c44f653c630511334732508a51a96d93e0e76f21ff1f74d6e9d589b7e54ac458
4026531872;3766484880;17;4026531900;60;923;2147483856;0;4277413411;3766484860;60;2147483860;0;e07fff7c0000003c800000d400;bfc90e8980bf6e4e8725897005d832eb27bcec531397ea94f78603908282c66e
4026531872;3766484880;17;3766484860;60;924;2147483860;0;4274267907;4026531896;60;2147483864;0;f00000380000003c800000d800;6566f4fceca04c17e5ad19d772aadd48bd0359dc3a3fd6fd43e8449f46f3bf0f
4026531872;3766484880;17;3766484836;70;20;2147483864;0;4249102211;4026531900;70;2147483868;0;f000003c00000046800000dc00;9062cb3aa79be3b64b4d9958d1ff5b26def626745381e3e09d8df30f5de30a85
4026531896;60;925;4026531900;70;926;2147483868;0;4244073187;0;0;2147483824;0;0000000000000000800000b000;f58e7e82104463f73619928ebc3ef0439555a8fa049cdd6a3e6f5cbbb25eee0d
4026531872;3766484880;17;3766484856;3766484900;22;2147483824;0;4270073603;4026531896;3766484900;2147483828;0;f0000038e07fffa4800000b400;4758406ca13c80750bac6a33c2c720bf0f0eb1c1f5f7e4be614c56edf3ad820c
4026531872;3766484880;17;3766484860;60;924;2147483828;0;4274268035;4026531900;60;2147483832;0;f000003c0000003c800000b800;f04e855605d6843bb2485f555ccde854c39fa0d243cd43811d270a2e211af43c
4026531896;3766484900;928;4026531900;60;929;2147483832;0;16189363;4026531900;3766484960;2147483836;0;f000003ce07fffe0800000bc00;90751630308c9828fee3e50cd7dda1919703611ee4164e53b55c1f0e95143fce
4026531872;3766484880;17;3766484840;0;19;2147483836;0;4253296387;4026531896;0;2147483840;0;f000003800000000800000c000;c2fc2973836f2a0ba1370b46d3c7f1db41763ef7b0a283c180dea8b68bbc58ef
4026531896;0;931;0;0;0;2147483840;0;267876115;4026531896;0;2147483844;0;f000003800000000800000c400;08cf2f43fe5c3c8a8b9a8b138ec5ac4c1dfc08fd186d2d5a67f40c2749ec2682
4026531900;3766484960;930;3766484960;0;4294967295;2147483844;0;15171619;4026531968;0;2147483844;1;f000008000000000800000c401;4cfaf1f3f4b05ca4c487c6c0bd5b3063f238d67e162fe789fd1258bcc5068995
4026531900;3766484960;930;4026531896;0;932;2147483844;1;15171619;4026531972;0;2147483844;2;f000008400000000800000c402;d3b998cedf9645830e7d12113fa3805f9c67ba3f7c2ef40c2a4e9869220a8b33
4026531968;0;933;4026531972;0;934;2147483844;2;15171619;4026531968;0;2147483844;3;f000008000000000800000c403;7425b2aa2a35cba7907effd8a807a04007ee705b0e11031e005ba6b805f5e2d5
4026531900;3766484960;930;4026531968;0;935;2147483844;3;15171619;3766484960;0;2147483848;0;e07fffe000000000800000c800;7c420e484b1bf6a28d7aa874b72318ac6f3386462efc94b189701b03ba58bff1
4026531872;3766484880;17;3766484860;60;924;2147483848;0;4274268035;4026531900;60;2147483852;0;f000003c0000003c800000cc00;df87072f760952dd026c99d2baf008c579f9eed20c86c2df2fe17d76b5485e38
4026531900;60;937;0;0;0;2147483852;0;1542035;4026531900;61;2147483856;0;f000003c0000003d800000d000;65facf2d3df1942fd16d879caf94eaa8491707dde84d0f13db3e254527346802
4026531872;3766484880;17;4026531900;61;938;2147483856;0;4277413411;3766484860;61;2147483860;0;e07fff7c0000003d800000d400;9ec010f088ea81970398a4e78e76220fd3baba8d60fa34c14edbbf346c576a64
4026531872;3766484880;17;3766484860;61;939;2147483860;0;4274267907;4026531896;61;2147483864;0;f00000380000003d800000d800;b8b097e2d1cd8c8b54ca52fce95fbdc77185b0f144cb8ab6de211664d10b3e1d
4026531872;3766484880;17;3766484836;70;20;2147483864;0;4249102211;4026531900;70;2147483868;0;f000003c00000046800000dc00;44ce96f3510eae69759005b20556570f16c6e854a99e514ec08d816625863a64
4026531896;61;940;4026531900;70;941;2147483868;0;4244073187;0;0;2147483824;0;0000000000000000800000b000;a1d7799760a1abbc5d0511f3d19407db5eb9ce10c1b5bc2e9a7f064196c4acdb
4026531872;3766484880;17;3766484856;3766484900;22;2147483824;0;4270073603;4026531896;3766484900;2147483828;0;f0000038e07fffa4800000b400;52236a68e135b0194900543fba1d84d11a3aab8f1449c69e4c5b394e7e0ab734
4026531872;3766484880;17;3766484860;61;939;2147483828;0;4274268035;4026531900;61;2147483832;0;f000003c0000003d800000b800;4cfaa8ace7677053f464489491975945d5c2d8e2b84a01f02d110a98b93f1d7c
4026531896;3766484900;943;4026531900;61;944;2147483832;0;16189363;4026531900;3766484961;2147483836;0;f000003ce07fffe1800000bc00;5f4a19750395b52ff785c9069774422b90b47f9811a067117ee90342518c521e
4026531872;3766484880;17;3766484840;0;19;2147483836;0;4253296387;4026531896;0;2147483840;0;f000003800000000800000c000;7e66633377881adf4011f294703030723b0cdbb4822b86aae703dc5d01d6bf9b
4026531896;0;946;0;0;0;2147483840;0;267876115;4026531896;0;2147483844;0;f000003800000000800000c400;152b36d8afe359ee73815799dbca0d456c0c9967647e6dfd52f1e1fd9f1d146f
4026531900;3766484961;945;3766484960;0;936;2147483844;0;15171619;4026531968;0;2147483844;1;f000008000000000800000c401;c0a0eddca9b2d09b0b363f53eefe79fc221e78d3e34d4e3c4f42cbdca0c577e4
4026531900;3766484961;945;4026531896;0;947;2147483844;1;15171619;4026531972;0;2147483844;2;f000008400000000800000c402;2c72a7e20554be97eaa3ee9a006ff83ae3fca33dae5bb1771e5c9f4dd25b00bb
4026531968;0;948;4026531972;0;949;2147483844;2;15171619;4026531968;0;2147483844;3;f000008000000000800000c403;1114ab23b2c4a6b58899f46e46a8deadf3c9b055eebe55fd83d186b78bdb294b
4026531900;3766484961;945;4026531968;0;950;2147483844;3;15171619;3766484960;0;2147483848;0;e07fffe000000000800000c800;0e0824e2fdf5a3214d217e79f76fa5f91a64b470323d1f40492f1fdccf31680a
4026531872;3766484880;17;3766484860;61;939;2147483848;0;4274268035;4026531900;61;2147483852;0;f000003c0000003d800000cc00;6a280af7974c6407ad450a89481943d6b3e699505963a8b6d74cbce17ddff09e
4026531900;61;952;0;0;0;2147483852;0;1542035;4026531900;62;2147483856;0;f000003c0000003e800000d000;5e7017cef23bcff59196393267b594c2df5548a4ce02a712ea4b4666d2f1ea2f
4026531872;3766484880;17;4026531900;62;953;2147483856;0;4277413411;3766484860;62;2147483860;0;e07fff7c0000003e800000d400;85548a86e3b409942d9cb0ed1e040028ee5b3722c8ee461078bd8ef0a1b6a3b3
4026531872;3766484880;17;3766484860;62;954;2147483860;0;4274267907;4026531896;62;2147483864;0;f00000380000003e800000d800;f8ebb838d54289d2a9026e07976b8b0a82fa79827c7c0182bd887d023661937c
4026531872;3766484880;17;3766484836;70;20;2147483864;0;4249102211;4026531900;70;2147483868;0;f000003c00000046800000dc00;7f38027f8e6f63582d10d903f996fdd2d1245a119ef8393bd27c5353be96a407
4026531896;62;955;4026531900;70;956;2147483868;0;4244073187;0;0;2147483824;0;0000000000000000800000b000;13287c43d30031d9a107549b6c7e644495e5a8610a4ae59d8229b45d5e2d0fa3
4026531872;3766484880;17;3766484856;3766484900;22;2147483824;0;4270073603;4026531896;3766484900;2147483828;0;f0000038e07fffa4800000b400;a37de58af11a9c86bd5d8fa78158785c061be7ffaa18a9619892ae0ec0a02d99
4026531872;3766484880;17;3766484860;62;954;2147483828;0;4274268035;4026531900;62;2147483832;0;f000003c0000003e800000b800;bb0e8faca4d54308de8553649318ca7de0ef6692e06c1c1895f37d28727141b0
4026531896;3766484900;958;4026531900;62;959;2147483832;0;16189363;4026531900;3766484962;2147483836;0;f000003ce07fffe2800000bc00;45a75a21e3ec73d746a31cc30b50aa7851d15371fad640506320ca9855a10547
4026531872;3766484880;17;3766484840;0;19;2147483836;0;4253296387;4026531896;0;2147483840;0;f000003800000000800000c000;de1c171d869b1092570379d922bc9f815660614ec4748e553e0315bec58485db
4026531896;0;961;0;0;0;2147483840;0;267876115;4026531896;0;2147483844;0;f000003800000000800000c400;9e1271b13771a9e65020298d1436656349876e3dd597e6294dfc2c2a56e370b3
4026531900;3766484962;960;3766484960;0;951;2147483844;0;15171619;4026531968;0;2147483844;1;f000008000000000800000c401;30da6af6bcebc2b4688136577437889732bfa17769e1d005b23ba11173143a9f
4026531900;3766484962;960;4026531896;0;962;2147483844;1;15171619;4026531972;0;2147483844;2;f000008400000000800000c402;1d5fdaf9cb867092c5ea7e9dcabe64cdfa4d38b3bca5e2d623d37851da8ec628
4026531968;0;963;4026531972;0;964;2147483844;2;15171619;4026531968;0;2147483844;3;f000008000000000800000c403;7129dd525cba0ddac167ec085141c7d8e218b23054201794ee15f09a44c27ae4
4026531900;3766484962;960;4026531968;0;965;2147483844;3;15171619;3766484960;0;2147483848;0;e07fffe000000000800000c800;2ba67effd3dbe38033f830425629501df33efdcb7a78bb6274788faf951b192a
4026531872;3766484880;17;3766484860;62;954;2147483848;0;4274268035;4026531900;62;2147483852;0;f000003c0000003e800000cc00;e21b14e0d1816313cebc83918111578e1e007dacefaa2f38cccb8fc98dc20fdf
4026531900;62;967;0;0;0;2147483852;0;1542035;4026531900;63;2147483856;0;f000003c0000003f800000d000;4b93c9c66010bf883de8ad5c368818d0d4a72ccc8f1f807972e50734231d7f33
4026531872;3766484880;17;4026531900;63;968;2147483856;0;4277413411;3766484860;63;2147483860;0;e07fff7c0000003f800000d400;f87c3ffb4e8a7a2bc73d5c8a81aa6c7352310d922a6cfbbbed5cd04444998416
4026531872;3766484880;17;3766484860;63;969;2147483860;0;4274267907;4026531896;63;2147483864;0;f00000380000003f800000d800;e536c03781ccb3b34bd4199bb686a58f8bb7bc3212babd3a5df5e1aa87dc215d
4026531872;3766484880;17;3766484836;70;20;2147483864;0;4249102211;4026531900;70;2147483868;0;f000003c00000046800000dc00;643825abf9106b8fcf13d638fb36cd049ac3f5313f0d48b702479842653789d1
4026531896;63;970;4026531900;70;971;2147483868;0;4244073187;0;0;2147483824;0;0000000000000000800000b000;f767485ec15427c1b7d6c0f08de70bdae2157d8225efed4cac83d80f07f6620e
4026531872;3766484880;17;3766484856;3766484900;22;2147483824;0;4270073603;4026531896;3766484900;2147483828;0;f0000038e07fffa4800000b400;8541a9bdf04b3da4ddce19e4eab6023ae8bf6a402794d540828bbc22ddbc60b9
4026531872;3766484880;17;3766484860;63;969;2147483828;0;4274268035;4026531900;63;2147483832;0;f000003c0000003f800000b800;5e01114092deffd649da0492e385ea0d07b42a9f57afdbd50b345292053572f1
4026531896;3766484900;973;4026531900;63;974;2147483832;0;16189363;4026531900;3766484963;2147483836;0;f000003ce07fffe3800000bc00;f8763af72e10575e992e63ce77dd23a35e74cec649d7b66ce77e6c4584834d64
4026531872;3766484880;17;3766484840;0;19;2147483836;0;4253296387;4026531896;0;2147483840;0;f000003800000000800000c000;cb9007aaf326e985b9284d445102e0cf758dd3f5c19b2fb60ad41436a8bf2a84
4026531896;0;976;0;0;0;2147483840;0;267876115;4026531896;0;2147483844;0;f000003800000000800000c400;0f09b15ee74524a96cd789e134269e08f5545b9d3117245b4c758e418ad15c6d
4026531900;3766484963;975;3766484960;0;966;2147483844;0;15171619;4026531968;0;2147483844;1;f000008000000000800000c401;0a073c64e99766b621ecd3d9f8af1cce33a3cf4b94a5b0ef593adebec6c4506a
4026531900;3766484963;975;4026531896;0;977;2147483844;1;15171619;4026531972;0;2147483844;2;f000008400000000800000c402;2ad9ec83aef086561b5a10f516a92f4365d8d66701f5e045963d528b1dc95c12
4026531968;0;978;4026531972;0;979;2147483844;2;15171619;4026531968;0;2147483844;3;f000008000000000800000c403;81539d9d1fef5e0d9d9889fdc9dfb25d635f6dee807929a164e75330fa714264
4026531900;3766484963;975;4026531968;0;980;2147483844;3;15171619;3766484960;0;2147483848;0;e07fffe000000000800000c800;364f803c9d7258139084c336b3461218dff1738091dda8fa56e4c78bc0eebd67
4026531872;3766484880;17;3766484860;63;969;2147483848;0;4274268035;4026531900;63;2147483852;0;f000003c0000003f800000cc00;d54000bce094cc4e0b320f00ca192855010755859db985f56070f0e2ad555ca0
4026531900;63;982;0;0;0;2147483852;0;1542035;4026531900;64;2147483856;0;f000003c00000040800000d000;ac410ac39f737b7a937bafec413343ed0224b1a81ca8192c75f073df2a6db8ae
4026531872;3766484880;17;4026531900;64;983;2147483856;0;4277413411;3766484860;64;2147483860;0;e07fff7c00000040800000d400;89ca54f118bfe473719f6b3a42dd67c8fc2bd5e6c87600998ed750b5d8babbab
4026531872;3766484880;17;3766484860;64;984;2147483860;0;4274267907;4026531896;64;2147483864;0;f000003800000040800000d800;0a89dcea30798b449ca60f70f80f02ca8379e579f2573081589d3ed7893095bd
4026531872;3766484880;17;3766484836;70;20;2147483864;0;4249102211;4026531900;70;2147483868;0;f000003c00000046800000dc00;8a3b1f374b767f1a934695cd3391d91e1841a769fd899ea61c7babb14a758bbb
4026531896;64;985;4026531900;70;986;2147483868;0;4244073187;0;0;2147483824;0;0000000000000000800000b000;ed003a3249f5429c7fe3e4c4c37a7aeef3238e52906a6a63d53e026f91ea0a8e
4026531872;3766484880;17;3766484856;3766484900;22;2147483824;0;4270073603;4026531896;3766484900;2147483828;0;f0000038e07fffa4800000b400;24c704ead00e64c0bad9be6f71736b819adf6ebb76708b897dfb95feaa806855
4026531872;3766484880;17;3766484860;64;984;2147483828;0;4274268035;4026531900;64;2147483832;0;f000003c00000040800000b800;16f1de065fd1815456cd8d63c017f0e432c493c328d06d0c3461d43002e8a9b2
4026531896;3766484900;988;4026531900;64;989;2147483832;0;16189363;4026531900;3766484964;2147483836;0;f000003ce07fffe4800000bc00;2dceffccbc3712b8226a47a5ee548cc83f1a54ab96217b9ff0c376e61ba62800
4026531872;3766484880;17;3766484840;0;19;2147483836;0;4253296387;4026531896;0;2147483840;0;f000003800000000800000c000;6f8e85a9dae707c8b7c82ffc642b3574319168d956ad7115c963100c500bbec2
4026531896;0;991;0;0;0;2147483840;0;267876115;4026531896;0;2147483844;0;f000003800000000800000c400;ed190b4295d538d1e547f381dc43614c23f25557d208f9ae538c161586da14e5
4026531900;3766484964;990;3766484964;0;4294967295;2147483844;0;15171619;4026531968;0;2147483844;1;f000008000000000800000c401;cfe4b9fbfcd148b113f5374e340a449c6a78ebe89691289e004174846c596d78
4026531900;3766484964;990;4026531896;0;992;2147483844;1;15171619;4026531972;0;2147483844;2;f000008400000000800000c402;3b6f1bf8fc7032b049d0be9de68e0990b8fd27a75c0ebb8fc683a64639d45060
4026531968;0;993;4026531972;0;994;2147483844;2;15171619;4026531968;0;2147483844;3;f000008000000000800000c403;4dc0306f83a62feb56415043c5549abb303e86899a9e84a64727129fc5c2eba6
4026531900;3766484964;990;4026531968;0;995;2147483844;3;15171619;3766484964;0;2147483848;0;e07fffe400000000800000c800;6cf32f4e5b53b439764ac01f1c1912a73b23900f2c1d29f9ff797504652ffb5f
4026531872;3766484880;17;3766484860;64;984;2147483848;0;4274268035;4026531900;64;2147483852;0;f000003c00000040800000cc00;d908ec53818be383c3edd055c76cf1d87a14b7b18b8b2f803ebee038a3b5e0f9
4026531900;64;997;0;0;0;2147483852;0;1542035;4026531900;65;2147483856;0;f000003c00000041800000d000;47a75ae4b1fd827263f5f59996bfd0560bb445b12c9c86c482603179193dc855
4026531872;3766484880;17;4026531900;65;998;2147483856;0;4277413411;3766484860;65;2147483860;0;e07fff7c00000041800000d400;7c5218c90b18c6f8ce49f13b38a97ca7fbcb4424f4d9f220ab628c8ec7f1fcfc
4026531872;3766484880;17;3766484860;65;999;2147483860;0;4274267907;4026531896;65;2147483864;0;f000003800000041800000d800;3bb3e0643c95c1ec35423fb0e3b8bf959fe150ab8f052716dbb743a954126ef7
4026531872;3766484880;17;3766484836;70;20;2147483864;0;4249102211;4026531900;70;2147483868;0;f000003c00000046800000dc00;b43e88b6eef4cbfd1ba89fe39089fc2403a46bb6cf7d7aad3000d7932ed56d2b
4026531896;65;1000;4026531900;70;1001;2147483868;0;4244073187;0;0;2147483824;0;0000000000000000800000b000;e49cae7c3f1d69815473bb412f5eefefdcca08d0e99d1c427c80ca0e7ba54d02
4026531872;3766484880;17;3766484856;3766484900;22;2147483824;0;4270073603;4026531896;3766484900;2147483828;0;f0000038e07fffa4800000b400;a37337d572327d5b74e55e540a76933ac1863fda7a4543611548506eb966cbcf
4026531872;3766484880;17;3766484860;65;999;2147483828;0;4274268035;4026531900;65;2147483832;0;f000003c00000041800000b800;6f2017698ef0c0907480124a767547396cfd855d0de117281c039305ef0a00e9
4026531896;3766484900;1003;4026531900;65;1004;2147483832;0;16189363;4026531900;3766484965;2147483836;0;f000003ce07fffe5800000bc00;a5c0a1d429a7bf544286ca8688203ecf9b90e05ac92ebfc308a4086bd05cb033
4026531872;3766484880;17;3766484840;0;19;2147483836;0;4253296387;4026531896;0;2147483840;0;f000003800000000800000c000;47c1ee3d534502b8c3f43b9bd708ecb74c1eefecbc54a45ec83b1ab561046845
4026531896;0;1006;0;0;0;2147483840;0;267876115;4026531896;0;2147483844;0;f000003800000000800000c400;c7a66591d933872ae102964b457b2efd495a99dfd5f60584165db9ff1775bc47
4026531900;3766484965;1005;3766484964;0;996;2147483844;0;15171619;4026531968;0;2147483844;1;f000008000000000800000c401;0524d28679a97e94d4fa32d4867fa928af8bc73fbfb0444c5ac69e71c1d40aef
4026531900;3766484965;1005;4026531896;0;1007;2147483844;1;15171619;4026531972;0;2147483844;2;f000008400000000800000c402;72825cfe664f7df812e79aed15a619383040ab01a066bd23fc157ea48bec0901
4026531968;0;1008;4026531972;0;1009;2147483844;2;15171619;4026531968;0;2147483844;3;f000008000000000800000c403;6e46e0f16a1334c6ebf5b02a4983e8cc25f7ec81a39ee020afa0cff8f7bedd83
4026531900;3766484965;1005;4026531968;0;1010;2147483844;3;15171619;3766484964;0;2147483848;0;e07fffe400000000800000c800;7a18eb0c3ef52d6882374ec5303da54345ba249f4979e52815b2cc2cbc9c0c81
4026531872;3766484880;17;3766484860;65;999;2147483848;0;4274268035;4026531900;65;2147483852;0;f000003c00000041800000cc00;6c0549b5b990d81fa8e52e3ebdc26b64e33e8610def5ca388899d20df26b0cf3
4026531900;65;1012;0;0;0;2147483852;0;1542035;4026531900;66;2147483856;0;f000003c00000042800000d000;4a55eb2e1ff496b9fdf919a300ae98b29b916a85beffccc8c357cb01cdc87383
4026531872;3766484880;17;4026531900;66;1013;2147483856;0;4277413411;3766484860;66;2147483860;0;e07fff7c00000042800000d400;409d6d0d0a6e1ed1416b881d9542808e54b903daab5665ffc93519bc0c01170b
4026531872;3766484880;17;3766484860;66;1014;2147483860;0;4274267907;4026531896;66;2147483864;0;f000003800000042800000d800;3788bce639ca4ea1fcd3e642fcd48130cf1000da5854f4d710c85b9cc49c53f1
4026531872;3766484880;17;3766484836;70;20;2147483864;0;4249102211;4026531900;70;2147483868;0;f000003c00000046800000dc00;5375306164d0ac2e5194978d77cc62c87349751b168ac29d703ddb765b727611
4026531896;66;1015;4026531900;70;1016;2147483868;0;4244073187;0;0;2147483824;0;0000000000000000800000b000;4c721f07d33c81d91dc9079a94bbf2ca1be6e5233dcb3a6a85c8b65973ae402e
4026531872;3766484880;17;3766484856;3766484900;22;2147483824;0;4270073603;4026531896;3766484900;2147483828;0;f0000038e07fffa4800000b400;f173c7b6ddbb4ba3207b579c8d2bd9585b45bcb1503f2701ee39798873d26295
4026531872;3766484880;17;3766484860;66;1014;2147483828;0;4274268035;4026531900;66;2147483832;0;f000003c00000042800000b800;f1fddd444ea5013eed2bde3ce7d25f47b9533de103c4305827bed9f0783c9cc6
4026531896;3766484900;1018;4026531900;66;1019;2147483832;0;16189363;4026531900;3766484966;2147483836;0;f000003ce07fffe6800000bc00;9d79a69d052ade18d9b37f1ce20df1dc4b7c2fe6bd7068270aaa63bfd4af03e2
4026531872;3766484880;17;3766484840;0;19;2147483836;0;4253296387;4026531896;0;2147483840;0;f000003800000000800000c000;2a2db5381b4fabd85b48ece58d1d8b26de12799b38877e81d04420d206fcf7df
4026531896;0;1021;0;0;0;2147483840;0;267876115;4026531896;0;2147483844;0;f000003800000000800000c400;ee8122259d10b2a07eb6be26f8f68ad2e6a1fdc4e7184cb85260a69e0c7ff4e6
4026531900;3766484966;1020;3766484964;0;1011;2147483844;0;15171619;4026531968;0;2147483844;1;f000008000000000800000c401;992356cd96869c6cfa62e6dcd3f90259b7db70cd874e06a167befc6c724dc70d
4026531900;3766484966;1020;4026531896;0;1022;2147483844;1;15171619;4026531972;0;2147483844;2;f000008400000000800000c402;8a7c23d3f404b84f098860ed7d8d5cca8002b3ad6da543582cce0f735844d53e
4026531968;0;1023;4026531972;0;1024;2147483844;2;15171619;4026531968;0;2147483844;3;f000008000000000800000c403;b9bb790f383395f84dc4f6e2449cc27507ed0f44486af666758e482177ad5a10
4026531900;3766484966;1020;4026531968;0;1025;2147483844;3;15171619;3766484964;0;2147483848;0;e07fffe400000000800000c800;5a1e8733ef0362c09156a67f290b54828bcc4a7d709c7a84c212b9dad16bb449
4026531872;3766484880;17;3766484860;66;1014;2147483848;0;4274268035;4026531900;66;2147483852;0;f000003c00000042800000cc00;351cbfce13d32ada08dd6e48246a9ff2d0217774131c474b073de1162e5d294a
4026531900;66;1027;0;0;0;2147483852;0;1542035;4026531900;67;2147483856;0;f000003c00000043800000d000;a1dc9bb3091ad0a403744ce6439248c3350b3d3a946bb910ddd1fdd5d8a004bc
4026531872;3766484880;17;4026531900;67;1028;2147483856;0;4277413411;3766484860;67;2147483860;0;e07fff7c00000043800000d400;400bcc603bf126fbd0fdfca8b615533551e64b75a9c8226e682b8ad017b77df0
4026531872;3766484880;17;3766484860;67;1029;2147483860;0;4274267907;4026531896;67;2147483864;0;f000003800000043800000d800;0c3ccbb01a52dba289cb0ffa5df449b676e3a3f2dae2a255831cdb61abbe2b09
4026531872;3766484880;17;3766484836;70;20;2147483864;0;4249102211;4026531900;70;2147483868;0;f000003c00000046800000dc00;b5bbdf115527f234bf092ee891a3f253b76d10ca91f0e7674eebd66e0585621c
4026531896;67;1030;4026531900;70;1031;2147483868;0;4244073187;0;0;2147483824;0;0000000000000000800000b000;7165839ec27386a935ee3606d43ba1122b703a3b58faa414e2ccbbc887363220
4026531872;3766484880;17;3766484856;3766484900;22;2147483824;0;4270073603;4026531896;3766484900;2147483828;0;f0000038e07fffa4800000b400;20313dae632be56e94fd47bbd60528d1080b3eb5a9a29a2af539cc3d9065fa98
4026531872;3766484880;17;3766484860;67;1029;2147483828;0;4274268035;4026531900;67;2147483832;0;f000003c00000043800000b800;e3330f02141acbc596cf68e2b5dffb1cc80dff1b2a1e0ba4e177f84461ed81e1
4026531896;3766484900;1033;4026531900;67;1034;2147483832;0;16189363;4026531900;3766484967;2147483836;0;f000003ce07fffe7800000bc00;8ab1e2b2e6d72a0bfa471ce044bb9942c235833e79ef2165be7fdecf561adce2
4026531872;3766484880;17;3766484840;0;19;2147483836;0;4253296387;4026531896;0;2147483840;0;f000003800000000800000c000;d034215041e1f814c110585b099be382a745286c243d64ea43deac5a60d9c225
4026531896;0;1036;0;0;0;2147483840;0;267876115;4026531896;0;2147483844;0;f000003800000000800000c400;fb5002c85ec97b3169be73c482997424c906637a7967c5f6db913e4e8f02965e
4026531900;3766484967;1035;3766484964;0;1026;2147483844;0;15171619;4026531968;0;2147483844;1;f000008000000000800000c401;e57475e04f9434a538653bcaae321e4139fe4f66d11d3d8fb8ec715debe5b599
4026531900;3766484967;1035;4026531896;0;1037;2147483844;1;15171619;4026531972;0;2147483844;2;f000008400000000800000c402;035c711dee734dc218c79b51f79ee18ee80952ab4d2a8e3ef99c58361693ef7d
4026531968;0;1038;4026531972;0;1039;2147483844;2;15171619;4026531968;0;2147483844;3;f000008000000000800000c403;3e2d017b9bf4b2cf92200e9be67818faa6be00dcb796f4daad608ecc57b4ea88
4026531900;3766484967;1035;4026531968;0;1040;2147483844;3;15171619;3766484964;0;2147483848;0;e07fffe400000000800000c800;d5f76ef0ff30e79be602f0f2b06d39578dc21e5df6ac8b0124dd207f7fd8fd08
4026531872;3766484880;17;3766484860;67;1029;2147483848;0;4274268035;4026531900;67;2147483852;0;f000003c00000043800000cc00;f64028fcd972e3031ae595bcd68248eb5bfd417775017292d332029bee12158f
4026531900;67;1042;0;0;0;2147483852;0;1542035;4026531900;68;2147483856;0;f000003c00000044800000d000;ede43ec5e35a1b7f27bccc90a299f123edf80fc91d869ddc41c65c3d6aa9895b
4026531872;3766484880;17;4026531900;68;1043;2147483856;0;4277413411;3766484860;68;2147483860;0;e07fff7c00000044800000d400;794f882bc0f13369df43dba2a2b815187e58eb11a7e64c0b9ec85a9c5ca42cec
4026531872;3766484880;17;3766484860;68;1044;2147483860;0;4274267907;4026531896;68;2147483864;0;f000003800000044800000d800;54a863d202ae805e2dd234447486ebe2663570d460c9cc9a418586be27034c10
4026531872;3766484880;17;3766484836;70;20;2147483864;0;4249102211;4026531900;70;2147483868;0;f000003c00000046800000dc00;f41ea1f114ce36a8821a006b3b66579c4f05387bb1c562c3bc5cd7b071e61fa8
4026531896;68;1045;4026531900;70;1046;2147483868;0;4244073187;0;0;2147483824;0;0000000000000000800000b000;5951c0f12b54bdc8b509cee7cf7fbe08aa0f5dad91812e5b4087d77c6e72066c
4026531872;3766484880;17;3766484856;3766484900;22;2147483824;0;4270073603;4026531896;3766484900;2147483828;0;f0000038e07fffa4800000b400;14afa8d70f5a4fb7b392c01e3b638913c125e553eb44750f7e0eb62c2e4bea24
4026531872;3766484880;17;3766484860;68;1044;2147483828;0;4274268035;4026531900;68;2147483832;0;f000003c00000044800000b800;85fb72f6067f4a00d7de6fdd7107f3d0e98a5923e9974f733ccd80dd852c8b47
4026531896;3766484900;1048;4026531900;68;1049;2147483832;0;16189363;4026531900;3766484968;2147483836;0;f000003ce07fffe8800000bc00;d136370a89d82f7fadd64c4a70d171b379653ccd5ec72fb139618528f1a19d48
4026531872;3766484880;17;3766484840;0;19;2147483836;0;4253296387;4026531896;0;2147483840;0;f000003800000000800000c000;eea84cd6486e58959b70851f92fadb8875669f27bbb2435fcab24281822c8fde
4026531896;0;1051;0;0;0;2147483840;0;267876115;4026531896;0;2147483844;0;f000003800000000800000c400;23bee4aa0e6c7c150aa349603fc622fae5b15b5bf4a1131ce543a5206d4e0d83
4026531900;3766484968;1050;3766484968;0;4294967295;2147483844;0;15171619;4026531968;0;2147483844;1;f000008000000000800000c401;ef4ef45cb9c3a43473c4c8155462165ace2f06bf53ca83ed9feb5b6a004d01d3
4026531900;3766484968;1050;4026531896;0;1052;2147483844;1;15171619;4026531972;0;2147483844;2;f000008400000000800000c402;e02a2f66afa6c0c375ecc1d844a2701b6d226bc187d53c7bed72eeec3df35101
4026531968;0;1053;4026531972;0;1054;2147483844;2;15171619;4026531968;0;2147483844;3;f000008000000000800000c403;f04661380316cb0920c3dad55eccbd7d03c8820edef174169f9d96b2b45eda3c
4026531900;3766484968;1050;4026531968;0;1055;2147483844;3;15171619;3766484968;0;2147483848;0;e07fffe800000000800000c800;41aaaf520057de19c605866253086b7a69c7f8c268d3aea4146d889f03e2b9bf
4026531872;3766484880;17;3766484860;68;1044;2147483848;0;4274268035;4026531900;68;2147483852;0;f000003c00000044800000cc00;6b459c3a844691f107ff14b12e6f689ad6ee5dbb048d3409bf917a5c919af9ac
4026531900;68;1057;0;0;0;2147483852;0;1542035;4026531900;69;2147483856;0;f000003c00000045800000d000;7878dfb938c1be38897570e87ddb98f806e52ac666eadb7a620719d1ef5cf3e0
4026531872;3766484880;17;4026531900;69;1058;2147483856;0;4277413411;3766484860;69;2147483860;0;e07fff7c00000045800000d400;fbc9199346db8d687c6ad0b4f7c8043639869d63eb7dc1d86f07e440e85c9a2c
4026531872;3766484880;17;3766484860;69;1059;2147483860;0;4274267907;4026531896;69;2147483864;0;f000003800000045800000d800;0b2ef2a6b542f32173537363ac16f3ae62b5c69ee183733c8ff4a3c5a466c179
4026531872;3766484880;17;3766484836;70;20;2147483864;0;4249102211;4026531900;70;2147483868;0;f000003c00000046800000dc00;3f02d1efc1dfd93c7068dad1af0569853ad6f171393962deb1621208d73f58de
4026531896;69;1060;4026531900;70;1061;2147483868;0;4244073187;0;0;2147483824;0;0000000000000000800000b000;30c9e2a4034e584621cf45ba2a8239ad8b0b2e7e514c9d2df22c2f919fa6c916
4026531872;3766484880;17;3766484856;3766484900;22;2147483824;0;4270073603;4026531896;3766484900;2147483828;0;f0000038e07fffa4800000b400;5cc0d5dee4ce4f6bc4fa415ad9bc6b620ac0ba43b783910cd1531654be110c1d
4026531872;3766484880;17;3766484860;69;1059;2147483828;0;4274268035;4026531900;69;2147483832;0;f000003c00000045800000b800;d5091900407ce9c79d8872305c0830cf3ef52c83264258e233ba0c2c3afeb96b
4026531896;3766484900;1063;4026531900;69;1064;2147483832;0;16189363;4026531900;3766484969;2147483836;0;f000003ce07fffe9800000bc00;6db5d9d6290c3ae444b156dc10004dfe65ea747d2a0d0d2a41bddcb5ce667f80
4026531872;3766484880;17;3766484840;0;19;2147483836;0;4253296387;4026531896;0;2147483840;0;f000003800000000800000c000;3bc1986853e37c87016f64d3f4181fc54045e97bd6a68f9009573d42bdd54a23
4026531896;0;1066;0;0;0;2147483840;0;267876115;4026531896;0;2147483844;0;f000003800000000800000c400;a895e63d06afbb4029d350bbc41ce7f34de00c2a76592a8f72624e20f42457ce
4026531900;3766484969;1065;3766484968;0;1056;2147483844;0;15171619;4026531968;0;2147483844;1;f000008000000000800000c401;dd7268747fbc05bb3f8b129d2744627a78cc0cb88cb63931bc8abf582340f3cc
4026531900;3766484969;1065;4026531896;0;1067;2147483844;1;15171619;4026531972;0;2147483844;2;f000008400000000800000c402;cc206852273aa8818501e2314d1cb3cfc67c850e17dc3d5170d177bc08807d24
4026531968;0;1068;4026531972;0;1069;2147483844;2;15171619;4026531968;0;2147483844;3;f000008000000000800000c403;7189cb9509b901fed40a566ac0914e0f74370af37bc5ca2ce9282e8334996264
4026531900;3766484969;1065;4026531968;0;1070;2147483844;3;15171619;3766484968;0;2147483848;0;e07fffe800000000800000c800;6300bbe74fe46c06f150536c89b2ea0ce6a4479404a6d64a49ca81fc9ad1ccf9
4026531872;3766484880;17;3766484860;69;1059;2147483848;0;4274268035;4026531900;69;2147483852;0;f000003c00000045800000cc00;ef23d87b84259d0404a5d20890b547c3762680eff4620357a1ac9cc49a7a8195
4026531900;69;1072;0;0;0;2147483852;0;1542035;4026531900;70;2147483856;0;f000003c00000046800000d000;37f1769bd7f9c5b8f7eceb792de30ca3b8edfb17e71b8b1e39d859c343fccfc0
4026531872;3766484880;17;4026531900;70;1073;2147483856;0;4277413411;3766484860;70;2147483860;0;e07fff7c00000046800000d400;604ecd092ac5b7f3832fe7c0b23967508a1780a2183cad04610736a973bc7f62
4026531872;3766484880;17;3766484860;70;1074;2147483860;0;4274267907;4026531896;70;2147483864;0;f000003800000046800000d800;dc7912af967e25ea7eb3d45dd94774bf3cfb582a7c51292b21f1b7a3a640e720
4026531872;3766484880;17;3766484836;70;20;2147483864;0;4249102211;4026531900;70;2147483868;0;f000003c00000046800000dc00;2f91e9bba7ee6f1b42bfcbb860af78f5863e20cdb8b072f3a69c1306360bf624
4026531896;70;1075;4026531900;70;1076;2147483868;0;4244073187;0;0;2147483872;0;0000000000000000800000e000;947f22ee30a9c34f334293ca6598e8d0db6739b7c790bedb4d9c5412e0dd5fdf
4026531872;3766484880;17;3766484844;3766484900;18;2147483872;0;4257490819;4026531900;3766484900;2147483876;0;f000003ce07fffa4800000e400;439cc1f6020a8eb2c66468e4eba95fbfc00f6289c8391b45ce1bb7a8c348e2e4
4026531900;3766484900;1078;0;0;0;2147483876;0;492819;4026531880;3766484900;2147483880;0;f0000028e07fffa4800000e800;f14384a52c22ac27a4db205978a19cb07ab45ddfc034f5afa591a68cceb6a0ab
4026531848;3766484832;14;3766484876;2147487320;15;2147483880;0;46211203;4026531844;2147487320;2147483884;0;f000000480000e58800000ec00;7a12821d3c13a209232a0ea2f2a367ccb8dc7d0c29f961f52b72fc260ad6189d
4026531848;3766484832;14;3766484872;3766484992;16;2147483884;0;42017795;4026531872;3766484992;2147483888;0;f0000020e0800000800000f000;92b62cdcbee11fd048ea101f503f48912a7155f8988543dac191a1edbe790d2a
4026531848;3766484832;14;0;0;0;2147483888;0;50397459;4026531848;3766484880;2147483892;0;f0000008e07fff90800000f400;4fd496f70ce7078844d53b8fcdc1e97d5b430447f7328f8f73e9560c3f45ea90
4026531844;2147487320;1080;0;0;0;2147483892;0;32871;0;0;2147487320;0;000000000000000080000e5800;38b569df250e8f1c09ff75602ffc2903b846582184c34115d21fffc3f5bf7c7c
4026531840;0;4294967295;0;0;0;2147487320;0;46138771;4026531884;44;2147487324;0;f000002c0000002c80000e5c00;469c33d875cf4c89b16195be12c2aa6374bb7fe57efb7a3e98f13e37308ddfd3
0;0;0;0;0;0;2147487324;0;2952791991;4026531900;2952790016;2147487328;0;f000003cb000000080000e6000;c4d366c05e777347c7bb3dd12239dfbdde12d836533f99b8f3a3fd95b0722df0
4026531900;2952790016;1085;0;0;0;2147487328;0;492819;4026531880;2952790016;2147487332;0;f0000028b000000080000e6400;f974527488284da5d7501cf0b00c0ccdc0365d21d8e001f60324163a6f54f37e
0;0;0;0;0;0;2147487332;0;3029332207;4026531844;2147487336;2147484076;0;f000000480000e68800001ac00;2d740e8a4e1921fe1c397173ca0d942dd100c828c9a21e64da595576e0e00717
4026531848;3766484880;1082;0;0;0;2147484076;0;4261478675;4026531848;3766484848;2147484080;0;f0000008e07fff70800001b000;5056af38093896125fa5e1166ac33f1c65aa3c67bcc43845c958ab562080753e
4026531848;3766484848;1088;4026531844;2147487336;1087;2147484080;0;1125923;3766484876;2147487336;2147484084;0;e07fff8c80000e68800001b400;ab4e7872a264767a8676a3b61c2d36311a096c3712cf4acf4c86112baee4a108
4026531848;3766484848;1088;4026531872;3766484992;1081;2147484084;0;8465443;3766484872;3766484992;2147484088;0;e07fff88e0800000800001b800;2d25cc1920b93ea1549c5107d532b066c41dbd21aae108404db4460e1ba4cf27
4026531848;3766484848;1088;0;0;0;2147484088;0;33621011;4026531872;3766484880;2147484092;0;f0000020e07fff90800001bc00;4cda3ce42287ee1b18af505b8bfb5bfa8facf5a2dd3de4505f716f8f1a027889
4026531872;3766484880;1091;4026531880;2952790016;1086;2147484092;0;4272170531;3766484860;2952790016;2147484096;0;e07fff7cb0000000800001c000;23ed065fabb8603424ca7d4a8ab06cbe643bd405a255f33b0a2b1c770f93b79f
4026531872;3766484880;1091;4026531884;44;1084;2147484096;0;4273218595;3766484856;44;2147484100;0;e07fff780000002c800001c400;aff30da91d6cb01ee9203b344b6b3ba3a46ae1800df8c4f37a0b4c22ee3bb303
0;0;0;0;0;0;2147484100;0;19;0;0;2147484104;0;0000000000000000800001c800;c2cf29256aeba3b2ce2cad2697ef185bf82096cea66300629d2115ab21466788
4026531848;3766484848;1088;3766484876;2147487336;1089;2147484104;0;29433987;4026531844;2147487336;2147484108;0;f000000480000e68800001cc00;6f0a7b3af1668935cea36953f681025df9580ee42bf9efa059f3af22bd8d6716
4026531848;3766484848;1088;3766484872;3766484992;1090;2147484108;0;25240579;4026531872;3766484992;2147484112;0;f0000020e0800000800001d000;2ba743b58a006ac0a781e329490c97b2dbfaf38171c71421827917df9d3b8f9c
4026531848;3766484848;1088;0;0;0;2147484112;0;33620243;4026531848;3766484880;2147484116;0;f0000008e07fff90800001d400;69540f3ca76eac6a5e5ffc6dec30920506de68a323f29b33d92192c21fbd735a
4026531844;2147487336;1095;0;0;0;2147484116;0;32871;0;0;2147487336;0;000000000000000080000e6800;17fe16e94525038a02ed02cd5e3f6c7dd739c0c21dd16a3c2a195cf0ad79f141
4026531872;3766484992;1096;3766484972;2147483648;8;2147487336;0;4274267395;4026531880;2147483648;2147487340;0;f00000288000000080000e6c00;7b723c5999268ccb1e11ea7b4afc08a46a183ce244d9ce8cd14b0c800790ef6b
0;0;0;0;0;0;2147487340;0;4098879727;4026531844;2147487344;2147485104;0;f000000480000e70800005b000;8a443d6b711cc36d914bd89d5e723f65a56814c8a2caf7e9cb28d016131a5677
4026531848;3766484880;1097;0;0;0;2147485104;0;4244701459;4026531848;3766484832;2147485108;0;f0000008e07fff60800005b400;6712e6787a440e131fdf77a47a58bfd37dcbf3a02c295ea921adc1d231ea946c
4026531848;3766484832;1101;4026531844;2147487344;1100;2147485108;0;34678307;3766484876;2147487344;2147485112;0;e07fff8c80000e70800005b800;8f8162745454509bfeb72b4d2c19e3f65f285572cd533f765f69b255b4ab729e
4026531848;3766484832;1101;4026531872;3766484992;1096;2147485112;0;42017827;3766484872;3766484992;2147485116;0;e07fff88e0800000800005bc00;596b0473df80b0ecbe3be38f023fcb5a075211cb1bd2524098363bfcff3ed6d1
4026531848;3766484832;1101;0;0;0;2147485116;0;50398227;4026531872;3766484880;2147485120;0;f0000020e07fff90800005c000;db4c8acb87108d3efd043381704ae9df1b8ce8a3a267c7f348f0bd855c87d7df
4026531872;3766484880;1104;4026531880;2147483648;1099;2147485120;0;4238618147;3766484844;2147483648;2147485124;0;e07fff6c80000000800005c400;9fe0786f730746a972c702b63835a89974cfb891a438f32788564ab6b661cef5
4026531872;3766484880;1104;3766484844;2147483648;1105;2147485124;0;4257490819;4026531900;2147483648;2147485128;0;f000003c80000000800005c800;b8ec82d05e1edbb2d13dd449e74a27d7739bd25eb1342110debcb41e4c3092bf
4026531900;2147483648;1106;2147483648;4244701459;4294967295;2147485128;0;509699;4026531896;19;2147485132;0;f000003800000013800005cc00;9e5179e475c734c685d7f14b4c287f52aa20af04922522b2c303fe00f905f199
4026531900;2147483648;1106;2147483648;4244701459;4294967295;2147485132;0;1557891;4026531884;1;2147485136;0;f000002c00000001800005d000;99ffba73d82a259690de8ea91a3876fbafcfdc8ac68c5b70641b177a446a4d1b
4026531884;1;1108;0;0;0;2147485136;0;8754579;4026531884;256;2147485140;0;f000002c00000100800005d400;3f6bc84f6f99199c13145315b7624ef67ae02ab67736fc6f5a4a3bbd987fcf6d
4026531884;256;1109;4026531896;19;1107;2147485140;0;15066931;4026531896;275;2147485144;0;f000003800000113800005d800;d6e81905b335059036ed49cd4d31910c9188a203b322173579d547b49e5da430
4026531900;2147483648;1106;2147483648;4244701459;4294967295;2147485144;0;2606467;4026531884;1;2147485148;0;f000002c00000001800005dc00;68faf1faf9701cd82c027c7887871d1d5835a7839cc7180025606cb22933e64b
4026531884;1;1111;0;0;0;2147485148;0;17143187;4026531884;65536;2147485152;0;f000002c00010000800005e000;144c64862c279b03063752eaf04f0b11d611836ef01ff7f86c4a2d695e809dbc
4026531884;65536;1112;4026531896;275;1110;2147485152;0;15066931;4026531896;65811;2147485156;0;f000003800010113800005e400;57a240f38cd98ba4cdab78772902aa74535b42abac12a360f4482814652f1fee
4026531900;2147483648;1106;2147483648;4244701459;4294967295;2147485156;0;3655555;4026531900;253;2147485160;0;f000003c000000fd800005e800;ddf2780dabea235d9924784e2befeedaa7e8e7862e675205e5998d5d09877e11
4026531900;253;1114;0;0;0;2147485160;0;25663379;4026531900;4244635648;2147485164;0;f000003cfd000000800005ec00;66509d2caf8049f96194b117b02cd76e9118a9a48284da2d7d00b72d1ae1b66b
4026531900;4244635648;1115;4026531896;65811;1113;2147485164;0;15198131;4026531900;4244701459;2147485168;0;f000003cfd010113800005f000;e8a2db48a62ddb3e5792081bc97e4fc7e5a568526186306ebff80a94f1e8375d
4026531900;4244701459;1116;0;0;0;2147485168;0;493331;4026531896;4244701459;2147485172;0;f0000038fd010113800005f400;7d24bf28e6bfda8d21d158beb791119192a68cb00e11ac1a1736d876a104967d
4026531840;0;4294967295;0;0;0;2147485172;0;1050515;4026531900;1;2147485176;0;f000003c00000001800005f800;eb859b43c02989c5b395be22fd877927dda7c59607a1bde3fe63ef15f80c9a80
4026531900;1;1118;4026531896;4244701459;1117;2147485176;0;15201891;0;0;2147485180;0;0000000000000000800005fc00;ee39d27ffa0f705327b66e86e4973dada0d5c3bf3737a6e49291463f6b4fa600
4026531840;0;4294967295;0;0;0;2147485180;0;1939;4026531900;0;2147485184;0;f000003c000000008000060000;597165ef4c82967acfbcf3d27a2732f47acb60ba5f6338cba077e4a2061b4506
0;0;0;0;0;0;2147485184;0;1417674863;0;0;2147486536;0;000000000000000080000b4800;f3e28172ddfd073c5e5fb6e2de1db6be684c5f12f76dd9253bff759ef8a5120c
4026531900;0;1120;0;0;0;2147486536;0;492819;4026531880;0;2147486540;0;f00000280000000080000b4c00;790ad24ad19b334ba3e22594ac7f2cd42572e1e2774a9562bdce0a2925dac7f8
4026531848;3766484832;1101;3766484876;2147487344;1102;2147486540;0;46211203;4026531844;2147487344;2147486544;0;f000000480000e7080000b5000;337eeef1b5535e0b1ff190a2fde7522719c5163c342eb91d67850d417549b2b3
4026531848;3766484832;1101;3766484872;3766484992;1103;2147486544;0;42017795;4026531872;3766484992;2147486548;0;f0000020e080000080000b5400;b50b355f335565302c0b2b50c161da0d0c5a4601783c193151f850109f144eca
4026531848;3766484832;1101;0;0;0;2147486548;0;50397459;4026531848;3766484880;2147486552;0;f0000008e07fff9080000b5800;f4762da797b62f895caff1e0d200369d2f426b8ee2f5384da01592b711db0186
4026531844;2147487344;1123;0;0;0;2147486552;0;32871;0;0;2147487344;0;000000000000000080000e7000;1fb3a46b26ecd11f825c8cf2bf077a29511633b39683ad35336ebcb74d9afb04
4026531880;0;1122;0;0;0;2147487344;0;329619;4026531900;0;2147487348;0;f000003c0000000080000e7400;8b15c6a4e1fc3e95e713783a16959a7b27e29bcaa20f9e86872fe09284b45248
4026531900;0;1127;0;0;0;2147487348;0;17274643;4026531896;0;2147487352;0;f00000380000000080000e7800;64fc1b1f3f4c0f09da9e16c865bdad563529b52d41d1d4ffed97786f2dc5430b
4026531896;0;1128;0;0;0;2147487352;0;17258259;4026531896;0;2147487356;0;f00000380000000080000e7c00;abf12737f598ec55decd10d10bfdb68f4ca0e9f2e6b8400a55429b23ff19246b
4026531872;3766484992;1124;3766484904;0;141;2147487356;0;4205074051;4026531892;0;2147487360;0;f00000340000000080000e8000;bd883f91d8ddf8bc64b20b66fda0b2b65c599ecc2f136ad13d6fcca532e0e89c
4026531892;0;1130;0;0;0;2147487360;0;456339;4026531892;0;2147487364;0;f00000340000000080000e8400;37e61bfbac1ef859ec8bc5ab6a499fd4fe71cb29e5ba9985e7b4698d2003c896
4026531892;0;1131;4026531896;0;1129;2147487364;0;15132467;4026531896;0;2147487368;0;f00000380000000080000e8800;3ce9dbff7bc7140de59d826bf24f7e11819a36c30df44653b0df7ec2701a8f26
4026531872;3766484992;1124;3766484904;0;141;2147487368;0;4209251619;4026531968;0;2147487368;1;f00000800000000080000e8801;b4b7f86371c94facf27f9f3f7c1ba16e794f390b25a8055bd47b5a4ba0ff0fb8
4026531872;3766484992;1124;4026531896;0;1132;2147487368;1;4209251619;4026531972;0;2147487368;2;f00000840000000080000e8802;c50721b5255fdc42ecb2964770ee36f912be168a14999bcb6c4581a484a5e26e
4026531968;0;1133;4026531972;0;1134;2147487368;2;4209251619;4026531968;0;2147487368;3;f00000800000000080000e8803;5ee4052382320449a016cf7af3516605f893822528ab4fd6315dbf7e3efe160b
4026531872;3766484992;1124;4026531968;0;1135;2147487368;3;4209251619;3766484904;0;2147487372;0;e07fffa80000000080000e8c00;8ac88c5e079316acae695f2ba1c3baa4ef44493df2b89df6f57be983f55ee23d
4026531900;0;1127;0;0;0;2147487372;0;17291155;4026531900;0;2147487376;0;f000003c0000000080000e9000;d4c0ef43ded79862344e80c6e0e217c534ce164e578b1208bd2afc6e4e835f71
4026531872;3766484992;1124;3766484908;0;201;2147487376;0;4207171331;4026531896;0;2147487380;0;f00000380000000080000e9400;bcb91060c69781d3e1b0532ab6e50f050e1e13a9444cc7ae7306eb765984f73a
4026531896;0;1138;0;0;0;2147487380;0;489235;4026531896;0;2147487384;0;f00000380000000080000e9800;a9f2dd00c5f8161680b7bcc0a937b679e84ca382e0b4152e59129ef6eb079c8d
4026531896;0;1139;4026531900;0;1137;2147487384;0;16213939;4026531900;0;2147487388;0;f000003c0000000080000e9c00;95b2798ed3c6a159f68453c99eade1a2671b07b8764edaeffb78cf89f7c887cd
4026531872;3766484992;1124;3766484908;0;201;2147487388;0;4210300451;4026531968;0;2147487388;1;f00000800000000080000e9c01;a515abeac081b280ce4fdbd237089c09f213d90906c07bd5b92c04eb2d2b3fd1
4026531872;3766484992;1124;4026531900;0;1140;2147487388;1;4210300451;4026531972;0;2147487388;2;f00000840000000080000e9c02;f5436f877bc57ddacdce9f5ea7adaa329ec3fa3a6423a3055a10f17e24e86fae
4026531968;0;1141;4026531972;0;1142;2147487388;2;4210300451;4026531968;0;2147487388;3;f00000800000000080000e9c03;57c652f6f5cfd26f44abe2e7d26b536a843779b65cc48e4f21eba2ae33bc2d72
4026531872;3766484992;1124;4026531968;0;1143;2147487388;3;4210300451;3766484908;0;2147487392;0;e07fffac0000000080000ea000;7a4adb37ab110a008b7771e5c4a0d5f31f304e2229d329abaf0cb4711ebe4554
4026531872;3766484992;1124;3766484904;0;1136;2147487392;0;4202964867;4026531900;0;2147487396;0;f000003c0000000080000ea400;524505578f87fd622af0327f44378010743a5363c42b8c9cf353d08306c48a1f
4026531900;0;1145;0;0;0;2147487396;0;17291155;4026531900;0;2147487400;0;f000003c0000000080000ea800;2cb924ef17bbc4aea4aac77057e8cde2f5b598348e073d64b8fe5f573f763b55
4026531872;3766484992;1124;3766484908;0;1144;2147487400;0;4207159043;4026531896;0;2147487404;0;f00000380000000080000eac00;3fc406c57d5dc175bc83502fa16d59a3cbab9655c0012cf2c84c0d15621125a7
4026531896;0;1147;0;0;0;2147487404;0;17241875;4026531896;0;2147487408;0;f00000380000000080000eb000;19cb970e28a3e67ca76924fc4f4e26232d96112e38b6ef5fea69b4fb91fa50d5
4026531896;0;1148;0;0;0;2147487408;0;17258259;4026531896;0;2147487412;0;f00000380000000080000eb400;49ba64180c9b060727d9dee1291f15f8744303fd856be98541d3d8f4a2abca9d
4026531896;0;1149;0;0;0;2147487412;0;17241875;4026531896;0;2147487416;0;f00000380000000080000eb800;b493daba20b3897150b93be082070db41a6b492a6576cb37319776367721be59
4026531896;0;1150;4026531900;0;1146;2147487416;0;16213939;4026531900;0;2147487420;0;f000003c0000000080000ebc00;68821f539442540aed88b0587d7d0eae01283eeada5a89c32ad42077fa25115f
4026531900;0;1151;4026531840;0;4294967295;2147487420;0;973572707;0;0;2147488368;0;00000000000000008000127000;b13f1092ed3f43127075ef3e105eac03482a06cc127697f41396bfabe66f9837
4026531840;0;4294967295;0;0;0;2147488368;0;30410131;4026531884;29;2147488372;0;f000002c0000001d8000127400;1c049d7f9839f0b1f3ee12e282225b01c0677f662bd9a02294497ce5b0aaf113
0;0;0;0;0;0;2147488372;0;2952791991;4026531900;2952790016;2147488376;0;f000003cb00000008000127800;f84b3612cf071db331f136833d882aa41c0063465247f311547dd8396e5c5b98
4026531900;2952790016;1154;0;0;0;2147488376;0;403146003;4026531880;2952790400;2147488380;0;f0000028b00001808000127c00;4e1baf6f8f6c2178465dc2a780165966dd1cd4e29434c05cf100de0fef904bfa
0;0;0;0;0;0;2147488380;0;4078952687;4026531844;2147488384;2147484076;0;f000000480001280800001ac00;e37ec62b9b95c9bfba8bdecd2a3e6f8c81461fc7492b9d7027f88c976cf479b2
4026531848;3766484880;1125;0;0;0;2147484076;0;4261478675;4026531848;3766484848;2147484080;0;f0000008e07fff70800001b000;a6f20308069a22cf11f90e78f6b7bdf6eb657f77679473561cfb1d4779e11b57
4026531848;3766484848;1157;4026531844;2147488384;1156;2147484080;0;1125923;3766484876;2147488384;2147484084;0;e07fff8c80001280800001b400;2fed543fe920f0468510d31facfdcfa4fff729f55821400978098fd953ed709d
4026531848;3766484848;1157;4026531872;3766484992;1124;2147484084;0;8465443;3766484872;3766484992;2147484088;0;e07fff88e0800000800001b800;459e0a743df5150b6d348251df287dada88fb9a9a6d7d811f70da96d8e68005e
4026531848;3766484848;1157;0;0;0;2147484088;0;33621011;4026531872;3766484880;2147484092;0;f0000020e07fff90800001bc00;fbf9673cd87923277cbf7703580c4acbea5ebca7b9234068b4eb89f709e1dd39
4026531872;3766484880;1160;4026531880;2952790400;1155;2147484092;0;4272170531;3766484860;2952790400;2147484096;0;e07fff7cb0000180800001c000;3a4ee0f5393f067ebb65822b1ced02b6321a9716492dd3ab9bf5c809dfde40db
4026531872;3766484880;1160;4026531884;29;1153;2147484096;0;4273218595;3766484856;29;2147484100;0;e07fff780000001d800001c400;711fc4afbacdad3995f28a1f241c2bab1330fe592bd80ed2e4c24d2de7052f68
0;0;0;0;0;0;2147484100;0;19;0;0;2147484104;0;0000000000000000800001c800;a60bab48109baedf0aa6380afdece36c7c1fdd2d16c98cc6bb997dd9ed307c80
4026531848;3766484848;1157;3766484876;2147488384;1158;2147484104;0;29433987;4026531844;2147488384;2147484108;0;f000000480001280800001cc00;5025a04198bfdd0e806c9ee4246c5846454261edadd3e6fa260f0a10f3c7118b
4026531848;3766484848;1157;3766484872;3766484992;1159;2147484108;0;25240579;4026531872;3766484992;2147484112;0;f0000020e0800000800001d000;d887d1ccbc6d9fd1da67ff03f356bd740a47077bf1985e5b586f2bdb453aa1bc
4026531848;3766484848;1157;0;0;0;2147484112;0;33620243;4026531848;3766484880;2147484116;0;f0000008e07fff90800001d400;f954f33dd55155653387ede36da2a83c5c405d3feae3f45985804a4459ec3683
4026531844;2147488384;1164;0;0;0;2147484116;0;32871;0;0;2147488384;0;00000000000000008000128000;0302551d9985ecb25ebe9e6fc01454c27861742595ecd9595c3cacfcf74e0dc7
4026531872;3766484992;1165;0;0;0;2147488384;0;4198762387;4026531900;3766484900;2147488388;0;f000003ce07fffa48000128400;5c062925caadf331269c1d044b6fa2a0dcc4d8cb7862ce255a5393ebf031d06b
4026531840;0;4294967295;0;0;0;2147488388;0;73401875;4026531888;70;2147488392;0;f0000030000000468000128800;18ea836ce7e6b298b0c675440f6e836177ec5d15f3e87a19a317bdb7b07a1543
4026531840;0;4294967295;0;0;0;2147488392;0;1427;4026531884;0;2147488396;0;f000002c000000008000128c00;7a136469a570af7f63f6f95c8cdeaa5540405653c45ef47ffe5a45784fd8988e
4026531900;3766484900;1168;0;0;0;2147488396;0;492819;4026531880;3766484900;2147488400;0;f0000028e07fffa48000129000;a64e118538d550454fd19404d5856a522c34254baa5029940d97caa62e01e80b
0;0;0;0;0;0;2147488400;0;3747602671;4026531844;2147488404;2147483780;0;f0000004800012948000008400;4bfdd958e3486178c01e33ebd208205f1fb6ea41586dc2c9ccc3ad7a11ad3a03
4026531848;3766484880;1166;0;0;0;2147483780;0;4244701459;4026531848;3766484832;2147483784;0;f0000008e07fff608000008800;b2cf3230fd5b23b20bec7745d58e8f3d1d535a66cf64cdce0c21188a61d6b0d7
4026531848;3766484832;1173;4026531844;2147488404;1172;2147483784;0;34678307;3766484876;2147488404;2147483788;0;e07fff8c800012948000008c00;b9106f2b886ceb05600db1d73108383229b49a0b6aac0da7271e19d986039c1f
4026531848;3766484832;1173;4026531872;3766484992;1165;2147483788;0;42017827;3766484872;3766484992;2147483792;0;e07fff88e08000008000009000;5cd93576ddf7f598c3b9df97ad6ff543598bc75ac0b922a3edd4c1f73a4a42de
4026531848;3766484832;1173;0;0;0;2147483792;0;50398227;4026531872;3766484880;2147483796;0;f0000020e07fff908000009400;e61ae51ba24ed8feecdec590fa3fdc66305da1320ebd8208cdc8f8f7b927c022
4026531872;3766484880;1176;4026531880;3766484900;1171;2147483796;0;4238618147;3766484844;3766484900;2147483800;0;e07fff6ce07fffa48000009800;dd5acc71324e9d74298de7c20168a727e91a1ecb13857751d52aa479bde05242
4026531872;3766484880;1176;4026531884;0;1170;2147483800;0;4239666211;3766484840;0;2147483804;0;e07fff68000000008000009c00;a7aa3f39ff6c2b301faa51b73050582f0889aa3c136ae62252486ce71d59804b
4026531872;3766484880;1176;4026531888;70;1169;2147483804;0;4240714275;3766484836;70;2147483808;0;e07fff6400000046800000a000;c2b2b54ade6950465820cc77c87b643629c197c2e874c7a84ec188d7dfdacb2b
4026531872;3766484880;1176;3766484844;3766484900;1177;2147483808;0;4257490819;4026531900;3766484900;2147483812;0;f000003ce07fffa4800000a400;4d35c8be84fbaff2223a0463a91222a1f93019e522da6e671d6359196503a923
4026531872;3766484880;1176;4026531900;3766484900;1180;2147483812;0;4277412899;3766484856;3766484900;2147483816;0;e07fff78e07fffa4800000a800;83f8a0b82ca12a9bffb8bdd529adccb178c53323752fc285324b07ded2deec62
4026531872;3766484880;1176;4026531840;0;4294967295;2147483816;0;4261684771;3766484860;0;2147483820;0;e07fff7c00000000800000ac00;1d71150341428a337d250c9757f57da042c7a30b14a11627bc07485c0a765bf6
0;0;0;0;0;0;2147483820;0;41943151;0;0;2147483860;0;0000000000000000800000d400;ab10d4c39edd7d4e42b5ab5b0f7f4bf42f1341e1755750bf373c8b8443bae682
4026531872;3766484880;1176;3766484860;0;1182;2147483860;0;4274267907;4026531896;0;2147483864;0;f000003800000000800000d800;5dd180cc412f8d402780596de9ab27e62ba57dd3285f61b83fecfbfc7829d20d
4026531872;3766484880;1176;3766484836;70;1179;2147483864;0;4249102211;4026531900;70;2147483868;0;f000003c00000046800000dc00;2fd059f96db4db5d860400cbd683607a5b04a53c0ebbcea28ba627ead829dcd9
4026531896;0;1184;4026531900;70;1185;2147483868;0;4244073187;0;0;2147483824;0;0000000000000000800000b000;1173dfe54fcdab3ab2a908ca2e0dd99d77f3ca28c1fd2f206564ec71a85580ed
4026531872;3766484880;1176;3766484856;3766484900;1181;2147483824;0;4270073603;4026531896;3766484900;2147483828;0;f0000038e07fffa4800000b400;0802619cd164aaae9547f2eb18be7c1b794eefb73d75035880a51f09f16224a1
4026531872;3766484880;1176;3766484860;0;1182;2147483828;0;4274268035;4026531900;0;2147483832;0;f000003c00000000800000b800;3ba44b0e3b04c165fe5d4db6fd1047041161c450b1161ad8393ac9fdddb8474a
4026531896;3766484900;1187;4026531900;0;1188;2147483832;0;16189363;4026531900;3766484900;2147483836;0;f000003ce07fffa4800000bc00;d1bb3434554f74bd4c47c726d32416a276e77fc75333f2952c14ff2e96a129e6
4026531872;3766484880;1176;3766484840;0;1178;2147483836;0;4253296387;4026531896;0;2147483840;0;f000003800000000800000c000;a1c275a7361bccebc8ca1b153888acf05995cf253411e141d4ffc3cd72a9a35b
4026531896;0;1190;0;0;0;2147483840;0;267876115;4026531896;0;2147483844;0;f000003800000000800000c400;01b5000f70bbeb7145adb59317c4b8f40c617fa23a8efbf24ad5a1608ee85756
4026531900;3766484900;1189;3766484900;0;81;2147483844;0;15171619;4026531968;0;2147483844;1;f000008000000000800000c401;0f35b03f137ca4331915794eb7c700a7c6cf7da12053f7d137131e8f05d01e18
4026531900;3766484900;1189;4026531896;0;1191;2147483844;1;15171619;4026531972;0;2147483844;2;f000008400000000800000c402;bcb413f69ead9ce624b88401d987f8edc2f2ccfef15f94c66c4752c1436f76e7
4026531968;0;1192;4026531972;0;1193;2147483844;2;15171619;4026531968;0;2147483844;3;f000008000000000800000c403;28d9e6e07c64b3373b67ddb484c2f682eea21831b49b9fc10b1df113a765c4a4
4026531900;3766484900;1189;4026531968;0;1194;2147483844;3;15171619;3766484900;0;2147483848;0;e07fffa400000000800000c800;fc57daf00cb216cc59dfe32a3cc5d8c0ab015ef12a36d92e0dbf77df38874e06
4026531872;3766484880;1176;3766484860;0;1182;2147483848;0;4274268035;4026531900;0;2147483852;0;f000003c00000000800000cc00;2734df5b74c64fbebe4299db28cad80235485972e8dd8a6cb8be8a6847630df0
4026531900;0;1196;0;0;0;2147483852;0;1542035;4026531900;1;2147483856;0;f000003c00000001800000d000;55ffaf30ba7ac532f8b502cdd84aa7f49ffea947bd00643ef79952115276d7d8
4026531872;3766484880;1176;4026531900;1;1197;2147483856;0;4277413411;3766484860;1;2147483860;0;e07fff7c00000001800000d400;3b04d4c4e61e43c889fadde3c6e3ca8fa68b87458cc30fb9883186f30b67919f
4026531872;3766484880;1176;3766484860;1;1198;2147483860;0;4274267907;4026531896;1;2147483864;0;f000003800000001800000d800;a3261612878ed994c666e5275d35b78da5296067b04efb7fa2e73cfa5c315fe0
4026531872;3766484880;1176;3766484836;70;1179;2147483864;0;4249102211;4026531900;70;2147483868;0;f000003c00000046800000dc00;ef62d4caf7e965aaa6d8d6b8ed4a39f106ac9e1fdccf176ced41b4d3eb521714
4026531896;1;1199;4026531900;70;1200;2147483868;0;4244073187;0;0;2147483824;0;0000000000000000800000b000;a593ff932e7a0477e8209acdeefae9c1ff4489550c92b146198876d3f5b67e2c
4026531872;3766484880;1176;3766484856;3766484900;1181;2147483824;0;4270073603;4026531896;3766484900;2147483828;0;f0000038e07fffa4800000b400;154ce09472449c484c2c83e28ac87971218aaaa73e06d81bd29296f6916ca36a
4026531872;3766484880;1176;3766484860;1;1198;2147483828;0;4274268035;4026531900;1;2147483832;0;f000003c00000001800000b800;f830ada8c5f6ff9c6c969271ba589f6cb3e149ed9a965ec54bb0cc8cc783171f
4026531896;3766484900;1202;4026531900;1;1203;2147483832;0;16189363;4026531900;3766484901;2147483836;0;f000003ce07fffa5800000bc00;640fb82ae2803b69c2c710d5751831add35d0170d184eba5432fcd0d91e10899
4026531872;3766484880;1176;3766484840;0;1178;2147483836;0;4253296387;4026531896;0;2147483840;0;f000003800000000800000c000;a2cb98d815dfa77b6e2237a469da91e5670b506cf01cd0862d8e6b7c8b5649bf
4026531896;0;1205;0;0;0;2147483840;0;267876115;4026531896;0;2147483844;0;f000003800000000800000c400;340714b2122ebb25aaae1131df71c5596401c85129fc6d6f63b0fa06f4f44e42
4026531900;3766484901;1204;3766484900;0;1195;2147483844;0;15171619;4026531968;0;2147483844;1;f000008000000000800000c401;6f7be8c0968cbe31be26529128c0df11b4cd0ecb80051154b0b1ed98e98128d2
4026531900;3766484901;1204;4026531896;0;1206;2147483844;1;15171619;4026531972;0;2147483844;2;f000008400000000800000c402;d2c6582a7a93265657936e6f7a4cc65ee469f8572c29a42064e000e154ca9bfd
4026531968;0;1207;4026531972;0;1208;2147483844;2;15171619;4026531968;0;2147483844;3;f000008000000000800000c403;475e8551db4fdc251054d2c943ea0a6e7a727313074b881451da033990f6246b
4026531900;3766484901;1204;4026531968;0;1209;2147483844;3;15171619;3766484900;0;2147483848;0;e07fffa400000000800000c800;7b33741187ad38e8e750571f5127f6310ffdb1e66bf3ca8b62aeabe3a2d4a068
4026531872;3766484880;1176;3766484860;1;1198;2147483848;0;4274268035;4026531900;1;2147483852;0;f000003c00000001800000cc00;1523c56b153118db73440abbcf607cb208c9ab1e963e84415d594b5ed0ca2249
4026531900;1;1211;0;0;0;2147483852;0;1542035;4026531900;2;2147483856;0;f000003c00000002800000d000;5c16d898843c7c28a32c2888d200350f72576594dc7bc191f22fdee4668bf848
4026531872;3766484880;1176;4026531900;2;1212;2147483856;0;4277413411;3766484860;2;2147483860;0;e07fff7c00000002800000d400;2b331a25e28d7d7d2e98da30769756d8fc4bec1b43b1f86e6f4fdbdb74fa9a50
4026531872;3766484880;1176;3766484860;2;1213;2147483860;0;4274267907;4026531896;2;2147483864;0;f000003800000002800000d800;6afbea658244bc022e2a2df5412a4618bc0dbe83aae266d4d02792f310eb6118
4026531872;3766484880;1176;3766484836;70;1179;2147483864;0;4249102211;4026531900;70;2147483868;0;f000003c00000046800000dc00;df597cbbedf295afefdb15afded7531529f305fccc4fd59318674627ceb100f4
4026531896;2;1214;4026531900;70;1215;2147483868;0;4244073187;0;0;2147483824;0;0000000000000000800000b000;3b4f5e9db5bc6bd0b930084a2e0764c3dbb6dcb9b38855c05d73b561ed8ce620
4026531872;3766484880;1176;3766484856;3766484900;1181;2147483824;0;4270073603;4026531896;3766484900;2147483828;0;f0000038e07fffa4800000b400;973b0445d9f5a72e8cf13248952a4527b7305772563bf73c3caaeb5b464a14f4
4026531872;3766484880;1176;3766484860;2;1213;2147483828;0;4274268035;4026531900;2;2147483832;0;f000003c00000002800000b800;fc70e3d78a56338670ba49a49357177c1da62a607908f76f97ac0aef65b1f94d
4026531896;3766484900;1217;4026531900;2;1218;2147483832;0;16189363;4026531900;3766484902;2147483836;0;f000003ce07fffa6800000bc00;1a7a4e3f6823acce499daee10501b0cc699607a1a09e115c4b048833f9031440
4026531872;3766484880;1176;3766484840;0;1178;2147483836;0;4253296387;4026531896;0;2147483840;0;f000003800000000800000c000;672dd9c61078498f339db4a369deeecc0ddcf25dc85b55186c4224141774f14a
4026531896;0;1220;0;0;0;2147483840;0;267876115;4026531896;0;2147483844;0;f000003800000000800000c400;e9ba3d1f4dbfdd62a44f68bc4d728ed8fb0224e3e3d6d52bf3800c83a3d6fcda
4026531900;3766484902;1219;3766484900;0;1210;2147483844;0;15171619;4026531968;0;2147483844;1;f000008000000000800000c401;23db18c30c38f093112dd9bf49bb4975477efa6e25c82532342b2675598af330
4026531900;3766484902;1219;4026531896;0;1221;2147483844;1;15171619;4026531972;0;2147483844;2;f000008400000000800000c402;b0601fe7280b6e03611fe0844f099502adb251964c262f761bce6d724b648209
4026531968;0;1222;4026531972;0;1223;2147483844;2;15171619;4026531968;0;2147483844;3;f000008000000000800000c403;40967a6533e7288e24a3f859577220ca29465f2277579c6bc97edc1cc4a5c5c7
4026531900;3766484902;1219;4026531968;0;1224;2147483844;3;15171619;3766484900;0;2147483848;0;e07fffa400000000800000c800;6a5827f3a92022b4af9679891eb3ca8810a645a7dc5748648f3063d6c69f7587
4026531872;3766484880;1176;3766484860;2;1213;2147483848;0;4274268035;4026531900;2;2147483852;0;f000003c00000002800000cc00;11f15913f2734d11940d653b4a47bda0beaf5e3463dc83ad0ab955dd9bfd31a3
4026531900;2;1226;0;0;0;2147483852;0;1542035;4026531900;3;2147483856;0;f000003c00000003800000d000;eed1b46d9cf4a51145945e9a7687bf25898044ca3d456bb8e8d31c545d9d376d
4026531872;3766484880;1176;4026531900;3;1227;2147483856;0;4277413411;3766484860;3;2147483860;0;e07fff7c00000003800000d400;bb946daf030c2256a3e7ae77246be35757e133e9eb5f9d8ede84a4cef05ffb1f
4026531872;3766484880;1176;3766484860;3;1228;2147483860;0;4274267907;4026531896;3;2147483864;0;f000003800000003800000d800;acbff3ab33e8b746c59f9a88f1f83a91240f319673c135e324ab7032dd3ecd87
4026531872;3766484880;1176;3766484836;70;1179;2147483864;0;4249102211;4026531900;70;2147483868;0;f000003c00000046800000dc00;e93e6cc87a76bcee7acd939725628bb4c0c09e547ce7021c8a0e3ed85b031a5e
4026531896;3;1229;4026531900;70;1230;2147483868;0;4244073187;0;0;2147483824;0;0000000000000000800000b000;8fcad50872a8dc6b93a3fa0b6aad3a3ee2ebe97dbccf74e6fae3d62500826e15
4026531872;3766484880;1176;3766484856;3766484900;1181;2147483824;0;4270073603;4026531896;3766484900;2147483828;0;f0000038e07fffa4800000b400;2deaf1fccf9fb59e53ffd7c19bc2f7cb81aee6a6f0a37414835645966176c702
4026531872;3766484880;1176;3766484860;3;1228;2147483828;0;4274268035;4026531900;3;2147483832;0;f000003c00000003800000b800;74ed9d7e03d731e8d6f4acfe4ddd256bf3318386f0bce99d0799a5ca58dc538d
4026531896;3766484900;1232;4026531900;3;1233;2147483832;0;16189363;4026531900;3766484903;2147483836;0;f000003ce07fffa7800000bc00;85d9bf97113d05ecf02d085bc479dbf80b86c38000ad1252fffd1ff6f3750b99
4026531872;3766484880;1176;3766484840;0;1178;2147483836;0;4253296387;4026531896;0;2147483840;0;f000003800000000800000c000;cfa2391ea867511f7460513a1b0c3e3d658f4bc204a0ff25a5b550ab98bc3276
4026531896;0;1235;0;0;0;2147483840;0;267876115;4026531896;0;2147483844;0;f000003800000000800000c400;756bd92dc0d039c0860383bf6af5f64e8f37fba02d665a86ae2a9d84e5841d82
4026531900;3766484903;1234;3766484900;0;1225;2147483844;0;15171619;4026531968;0;2147483844;1;f000008000000000800000c401;fa17763436b78d54cafd893302dc5d1186576e7e4dfdcc2e452784092cbcc408
4026531900;3766484903;1234;4026531896;0;1236;2147483844;1;15171619;4026531972;0;2147483844;2;f000008400000000800000c402;e35801b533de147d327b4a2bceeaccc73da2b7bb4a0f7f0cad9adb45f0345661
4026531968;0;1237;4026531972;0;1238;2147483844;2;15171619;4026531968;0;2147483844;3;f000008000000000800000c403;6c667fb25f479ac6746230e8cf0bb298a7bbc4cfef845ff8a2c1560ba56524a7
4026531900;3766484903;1234;4026531968;0;1239;2147483844;3;15171619;3766484900;0;2147483848;0;e07fffa400000000800000c800;d47b81fd50825748e7f3bad9c6ec3b0afe6d13f52193594c7e9de672f532099e
4026531872;3766484880;1176;3766484860;3;1228;2147483848;0;4274268035;4026531900;3;2147483852;0;f000003c00000003800000cc00;4e391d54e011119f3905708923e21522aa2e4d6b7265caec055bd33ef74cf1e4
4026531900;3;1241;0;0;0;2147483852;0;1542035;4026531900;4;2147483856;0;f000003c00000004800000d000;044ec24759f77ed4594e99554e9f63ad667113a721640225af9c7ba00fdfacc5
4026531872;3766484880;1176;4026531900;4;1242;2147483856;0;4277413411;3766484860;4;2147483860;0;e07fff7c00000004800000d400;53f848526b09c74503a3447a06b4c8cdacd3ef69edb8a906c8ba4576fcb3f07a
4026531872;3766484880;1176;3766484860;4;1243;2147483860;0;4274267907;4026531896;4;2147483864;0;f000003800000004800000d800;de6af3d34617c5438171c1c092103b744563559b625d22dee9329587b9718bd2
4026531872;3766484880;1176;3766484836;70;1179;2147483864;0;4249102211;4026531900;70;2147483868;0;f000003c00000046800000dc00;7d2800e35c3c5afc8b23e9cada001e94ae927c0a112cfa2e68c1b099343d2ae7
4026531896;4;1244;4026531900;70;1245;2147483868;0;4244073187;0;0;2147483824;0;0000000000000000800000b000;54fb18026db50884b16fa51ed1897ba7c6e6ef3f431d42a26f2bc63764d9d43f
4026531872;3766484880;1176;3766484856;3766484900;1181;2147483824;0;4270073603;4026531896;3766484900;2147483828;0;f0000038e07fffa4800000b400;3b2587960ac9415f3d5acd125f24e894de032dc914ce37926491ceeb0627d30a
4026531872;3766484880;1176;3766484860;4;1243;2147483828;0;4274268035;4026531900;4;2147483832;0;f000003c00000004800000b800;3b36ab717c95ab9ab8cc10528a196496a616ec00958a769c084cec8b82facd6c
4026531896;3766484900;1247;4026531900;4;1248;2147483832;0;16189363;4026531900;3766484904;2147483836;0;f000003ce07fffa8800000bc00;52281b7936d2be389773180e70286b7d7f94341d00286898c169dafb54359819
4026531872;3766484880;1176;3766484840;0;1178;2147483836;0;4253296387;4026531896;0;2147483840;0;f000003800000000800000c000;ee29d5fd72ac6f34b399488470214a3ba416a9f98f8b0b8f27e523632fa27004
4026531896;0;1250;0;0;0;2147483840;0;267876115;4026531896;0;2147483844;0;f000003800000000800000c400;4383b8bf83ea10c96ad5c72f5898d1f86df7a8c905ea7b4444f5ff64929a43d6
4026531900;3766484904;1249;3766484904;0;1136;2147483844;0;15171619;4026531968;0;2147483844;1;f000008000000000800000c401;a147e08cd5c4915f9b14d295d7da1fa30acf4a19cdb5806c498e4e1b72434b38
4026531900;3766484904;1249;4026531896;0;1251;2147483844;1;15171619;4026531972;0;2147483844;2;f000008400000000800000c402;e37c0465f209c4e6d20e2789fed520f29d77680d4025e095ca66d120781fb530
4026531968;0;1252;4026531972;0;1253;2147483844;2;15171619;4026531968;0;2147483844;3;f000008000000000800000c403;3e5025887ed01f7435f2379dc73de52e226570f2835b27921a3423b9432dc331
4026531900;3766484904;1249;4026531968;0;1254;2147483844;3;15171619;3766484904;0;2147483848;0;e07fffa800000000800000c800;96d2539a87aae2f8febcf57332c1201ee215c056803443a4f95ea69510f42900
4026531872;3766484880;1176;3766484860;4;1243;2147483848;0;4274268035;4026531900;4;2147483852;0;f000003c00000004800000cc00;dbad886ef6e90f050cc23612499781623804b543e9764d811543aa4234240e64
4026531900;4;1256;0;0;0;2147483852;0;1542035;4026531900;5;2147483856;0;f000003c00000005800000d000;5f39659a9a92a5feb930e2334422dc64ad7199bfe50be091d03f3523fe54e753
4026531872;3766484880;1176;4026531900;5;1257;2147483856;0;4277413411;3766484860;5;2147483860;0;e07fff7c00000005800000d400;53d6bf4c895ccbf4d975e244d66804dd14c0af977cbd17f7a722061d2fc37dea
4026531872;3766484880;1176;3766484860;5;1258;2147483860;0;4274267907;4026531896;5;2147483864;0;f000003800000005800000d800;fd6f46baf41c8324ec962fafa43893a3f5c13d8a9e22820c0660866ab1ea2fdb
4026531872;3766484880;1176;3766484836;70;1179;2147483864;0;4249102211;4026531900;70;2147483868;0;f000003c00000046800000dc00;9ce652429afb8e2db4db19470475203541a142df39cb5bd167b97b197e6ed479
4026531896;5;1259;4026531900;70;1260;2147483868;0;4244073187;0;0;2147483824;0;0000000000000000800000b000;55d32161bc92b7df53861e45db6593cec0c24a4f9b6460438cf63a1b86e91477
4026531872;3766484880;1176;3766484856;3766484900;1181;2147483824;0;4270073603;4026531896;3766484900;2147483828;0;f0000038e07fffa4800000b400;45c09c705bf20b3dde69b23f60c532dc349bbd15375e405473d082c020975b60
4026531872;3766484880;1176;3766484860;5;1258;2147483828;0;4274268035;4026531900;5;2147483832;0;f000003c00000005800000b800;59f7e6161e5d64622793a7189a43e880d8265719514382d7206009ce1846699c
4026531896;3766484900;1262;4026531900;5;1263;2147483832;0;16189363;4026531900;3766484905;2147483836;0;f000003ce07fffa9800000bc00;04d0fcc8e65a0e3a67be8aaacb83b5e8466c3360587aab4cea8efc0ef57336d0
4026531872;3766484880;1176;3766484840;0;1178;2147483836;0;4253296387;4026531896;0;2147483840;0;f000003800000000800000c000;e9475b19aaf8c681b5a0fea55ae1fe4b41bc85567f34d833fa6c39f66479355c
4026531896;0;1265;0;0;0;2147483840;0;267876115;4026531896;0;2147483844;0;f000003800000000800000c400;c7ea504133b2ae4e1fdae1d173f93247c84c107d20062c56f665caf56cd61bdd
4026531900;3766484905;1264;3766484904;0;1255;2147483844;0;15171619;4026531968;0;2147483844;1;f000008000000000800000c401;732f33f52c9c36fa99a1cd51c609f1eaaa77d2af3f42202016bdae7a04b22318
4026531900;3766484905;1264;4026531896;0;1266;2147483844;1;15171619;4026531972;0;2147483844;2;f000008400000000800000c402;e66c67f1df25396a4035e9316e69d2e5f5fe448eaf930fe941681a160cebc48f
4026531968;0;1267;4026531972;0;1268;2147483844;2;15171619;4026531968;0;2147483844;3;f000008000000000800000c403;d4d79f1995587b7620b4393a936a8fe6d03c56482a8650fd656ffd0a4451e720
4026531900;3766484905;1264;4026531968;0;1269;2147483844;3;15171619;3766484904;0;2147483848;0;e07fffa800000000800000c800;9e9bb63776e5aae19ea9872779565bccb4098394bcbe1815167afb3c92e57e28
4026531872;3766484880;1176;3766484860;5;1258;2147483848;0;4274268035;4026531900;5;2147483852;0;f000003c00000005800000cc00;de8668893ab5f60e6e6f526d9bad80c74524e918a02a6e29564c993a21220150
4026531900;5;1271;0;0;0;2147483852;0;1542035;4026531900;6;2147483856;0;f000003c00000006800000d000;0626ed6466577a3009dcc6b7392042211305568417ce667f837b142a0587a336
4026531872;3766484880;1176;4026531900;6;1272;2147483856;0;4277413411;3766484860;6;2147483860;0;e07fff7c00000006800000d400;cde9e5fb8da48931acce9a3d16e8003a6e6b31412b1d0c24eb8faa6a61825162
4026531872;3766484880;1176;3766484860;6;1273;2147483860;0;4274267907;4026531896;6;2147483864;0;f000003800000006800000d800;0d61c4c21bb6345b0a8ef3ea02ae22c63115fe84f664def473656f94ce93f824
4026531872;3766484880;1176;3766484836;70;1179;2147483864;0;4249102211;4026531900;70;2147483868;0;f000003c00000046800000dc00;f8fc5ad4c6aa669822c91a79d37bfdd165d33c7d2f1d1cfdfa0e2ffeb871bbb4
4026531896;6;1274;4026531900;70;1275;2147483868;0;4244073187;0;0;2147483824;0;0000000000000000800000b000;f38dcf8b715aaa0510ed11c585a5d979a922fe4c0d371f4896b634d1a59862cb
4026531872;3766484880;1176;3766484856;3766484900;1181;2147483824;0;4270073603;4026531896;3766484900;2147483828;0;f0000038e07fffa4800000b400;116f8427673680678811e52cafd71e8846dda5d8eeac4760e28aecfcf417aee9
4026531872;3766484880;1176;3766484860;6;1273;2147483828;0;4274268035;4026531900;6;2147483832;0;f000003c00000006800000b800;6145066c06a14ab40ee7287bde18f0ec94e0f1be35ff7bcd16e9ee4e09eae448
4026531896;3766484900;1277;4026531900;6;1278;2147483832;0;16189363;4026531900;3766484906;2147483836;0;f000003ce07fffaa800000bc00;78b6c0c025bd592b56e6f82ec54d9f37c41f5bcaba8507e161eebc44d6d1a727
4026531872;3766484880;1176;3766484840;0;1178;2147483836;0;4253296387;4026531896;0;2147483840;0;f000003800000000800000c000;dcc30d8eeaaed3211885473c9dacbb9db3f503b584f8000960f4f2fb741ddbfe
4026531896;0;1280;0;0;0;2147483840;0;267876115;4026531896;0;2147483844;0;f000003800000000800000c400;2cdf465bb40d5b3bd3300618df9459ef998ef68a58a720bb6a44712e3ac16290
4026531900;3766484906;1279;3766484904;0;1270;2147483844;0;15171619;4026531968;0;2147483844;1;f000008000000000800000c401;bba356caceac02716525488c7d92b2db377b9559da0a981bdcdd3f1350cda8e5
4026531900;3766484906;1279;4026531896;0;1281;2147483844;1;15171619;4026531972;0;2147483844;2;f000008400000000800000c402;c477b819217f3e1b284de5eb28735f585d7b2731713b277b88b7ac5a8cfe513d
4026531968;0;1282;4026531972;0;1283;2147483844;2;15171619;4026531968;0;2147483844;3;f000008000000000800000c403;9168865ebda59bb087225c6804c363fc7fb9dbd458623669b15526119fc67805
4026531900;3766484906;1279;4026531968;0;1284;2147483844;3;15171619;3766484904;0;2147483848;0;e07fffa800000000800000c800;e1aea4630bdf1e18a1adfe9986c5729a8713d991fd82cfcc80f8fa0f87d5d7b4
4026531872;3766484880;1176;3766484860;6;1273;2147483848;0;4274268035;4026531900;6;2147483852;0;f000003c00000006800000cc00;5cd83a497a73a5e845f1e3262094fc71500c1163a8359f23d3456ba9de51e009
4026531900;6;1286;0;0;0;2147483852;0;1542035;4026531900;7;2147483856;0;f000003c00000007800000d000;36b957cb7b4e172ac16b830ab829103d495d263ac363a06ee6f7be902fbd491a
4026531872;3766484880;1176;4026531900;7;1287;2147483856;0;4277413411;3766484860;7;2147483860;0;e07fff7c00000007800000d400;986000887c03af5e695fb053efa38ef80f99e9e6806d92355eac6acc7d4ab2eb
4026531872;3766484880;1176;3766484860;7;1288;2147483860;0;4274267907;4026531896;7;2147483864;0;f000003800000007800000d800;a705a0c7f471ccd79afc11e80c665501c420462ac7b2bc2ca641b829621c6884
4026531872;3766484880;1176;3766484836;70;1179;2147483864;0;4249102211;4026531900;70;2147483868;0;f000003c00000046800000dc00;8a86913c213809dd7ec5b9420bfc6a146766a4d5b8d74cea501e97760ef953d0
4026531896;7;1289;4026531900;70;1290;2147483868;0;4244073187;0;0;2147483824;0;0000000000000000800000b000;f1220eb09ab399b683c6014bd7d1bc16b1a5bfe2da29a7e1a62aec6096ffd466
4026531872;3766484880;1176;3766484856;3766484900;1181;2147483824;0;4270073603;4026531896;3766484900;2147483828;0;f0000038e07fffa4800000b400;37c5270d8484fa3fb3fdddf4db478808d41eb6368d1ee5269a6c2e2242b902d1
4026531872;3766484880;1176;3766484860;7;1288;2147483828;0;4274268035;4026531900;7;2147483832;0;f000003c00000007800000b800;221b344bca6726dd55ec11f41d3b4d448a0afc2efb9efc96280db2ea1f10073a
4026531896;3766484900;1292;4026531900;7;1293;2147483832;0;16189363;4026531900;3766484907;2147483836;0;f000003ce07fffab800000bc00;d65edb40d7b4db20e24ccf2a360cd3c8a3e1cfe743bf7e8279b9d3efc514bf13
4026531872;3766484880;1176;3766484840;0;1178;2147483836;0;4253296387;4026531896;0;2147483840;0;f000003800000000800000c000;7a5ff5720890706ca2c4be75a002ea22227b4d256b21021d691e91f97b6e47b0
4026531896;0;1295;0;0;0;2147483840;0;267876115;4026531896;0;2147483844;0;f000003800000000800000c400;d4bc88923f065f2dd89b8042d37df15dff7a5893a9d391e987c3321309d7df47
4026531900;3766484907;1294;3766484904;0;1285;2147483844;0;15171619;4026531968;0;2147483844;1;f000008000000000800000c401;fcc312385648fa942ec7718ccce3cb6f53495b8a8a000437a6301c06cc28faa7
4026531900;3766484907;1294;4026531896;0;1296;2147483844;1;15171619;4026531972;0;2147483844;2;f000008400000000800000c402;a0f011282f87f2a7ee7d4e0e978c79b6b0a09b92ea3ad16ab37a81ee7c996f5d
4026531968;0;1297;4026531972;0;1298;2147483844;2;15171619;4026531968;0;2147483844;3;f000008000000000800000c403;7239d5b21ef194e389b9fe2bf8e2fedfab493a8783959d9fd9b57090ea6f158c
4026531900;3766484907;1294;4026531968;0;1299;2147483844;3;15171619;3766484904;0;2147483848;0;e07fffa800000000800000c800;90f157501f1629b605e8c9d9549d06a378f45dfeef77decece828b2fdfb38c93
4026531872;3766484880;1176;3766484860;7;1288;2147483848;0;4274268035;4026531900;7;2147483852;0;f000003c00000007800000cc00;67f80045af6bba9218e64b068766004c4fc7a5e6b34515f54047e359f5dfdacd
4026531900;7;1301;0;0;0;2147483852;0;1542035;4026531900;8;2147483856;0;f000003c00000008800000d000;0d211a6c526eeb0f2cd9b379ba82038ad38bd8375fe867544db3a941b2f3ad24
4026531872;3766484880;1176;4026531900;8;1302;2147483856;0;4277413411;3766484860;8;2147483860;0;e07fff7c00000008800000d400;7d0b317c147b36a0c785c417d2c5865cddfea2c7e80dd5ed7c78c0ed5049e01f
4026531872;3766484880;1176;3766484860;8;1303;2147483860;0;4274267907;4026531896;8;2147483864;0;f000003800000008800000d800;0e0d5c2a7236c2e1ec2f25962b272dfe7dc3d5b22e2cbe2973b358d7c72ece40
4026531872;3766484880;1176;3766484836;70;1179;2147483864;0;4249102211;4026531900;70;2147483868;0;f000003c00000046800000dc00;cf61e6d72590998b4cbb184908d21773776661d05057828c7a44013c389a5fff
4026531896;8;1304;4026531900;70;1305;2147483868;0;4244073187;0;0;2147483824;0;0000000000000000800000b000;b3afead0c41ab3a0c65580bc66a8513192234611c5cb278004540d64301d40f8
4026531872;3766484880;1176;3766484856;3766484900;1181;2147483824;0;4270073603;4026531896;3766484900;2147483828;0;f0000038e07fffa4800000b400;7b57374e31003deeff52232d5cbe4aa1c46722ce1ec7d396f05e76aa3ff539d8
4026531872;3766484880;1176;3766484860;8;1303;2147483828;0;4274268035;4026531900;8;2147483832;0;f000003c00000008800000b800;e461bde6f85a835b02dd062f54d08d68e344dfae481888041d2943f6609b2a9f
4026531896;3766484900;1307;4026531900;8;1308;2147483832;0;16189363;4026531900;3766484908;2147483836;0;f000003ce07fffac800000bc00;e112e4c58fbeccfef021e8944084d61415fdca032a525958c52e13ab54612be9
4026531872;3766484880;1176;3766484840;0;1178;2147483836;0;4253296387;4026531896;0;2147483840;0;f000003800000000800000c000;0bb30945608c29f95b68a529506c15b428e635cdc6e6f9fa2ff9836591b6eddf
4026531896;0;1310;0;0;0;2147483840;0;267876115;4026531896;0;2147483844;0;f000003800000000800000c400;6a5a37396bd7314d76410c7b008567d573a89e0be88f3a15bfe9bcb6ad06030f
4026531900;3766484908;1309;3766484908;0;1144;2147483844;0;15171619;4026531968;0;2147483844;1;f000008000000000800000c401;a68bebad8626b8cec95c28194032355eb405f693bab2e16d58671a3c9290eb26
4026531900;3766484908;1309;4026531896;0;1311;2147483844;1;15171619;4026531972;0;2147483844;2;f000008400000000800000c402;a20eb7021561c7f025528a4aaa8a2df847b54025180213c7f55c6090d80c4abf
4026531968;0;1312;4026531972;0;1313;2147483844;2;15171619;4026531968;0;2147483844;3;f000008000000000800000c403;defead1d09e5588b97e8c169d684ef70c1057a9dc288b883e3922963fe66f78a
4026531900;3766484908;1309;4026531968;0;1314;2147483844;3;15171619;3766484908;0;2147483848;0;e07fffac00000000800000c800;a0af9a6a4f22696a0ac61eebe85ddc908d388ba02bbf85cf4c6e6a9ca24a23fd
4026531872;3766484880;1176;3766484860;8;1303;2147483848;0;4274268035;4026531900;8;2147483852;0;f000003c00000008800000cc00;48d69abeee202754edba74d1ca01a4796ef1284b0288fe2adb62b8844efab08d
4026531900;8;1316;0;0;0;2147483852;0;1542035;4026531900;9;2147483856;0;f000003c00000009800000d000;aec225c9aedb1dd74680d14eef0750fee1b9137da20e9ee299ccbbcfcab56f3c
4026531872;3766484880;1176;4026531900;9;1317;2147483856;0;4277413411;3766484860;9;2147483860;0;e07fff7c00000009800000d400;c7a1fc535dcc506e08b9f112e091fa8ce0c90c78c2f03bcc9a980144f5308e6a
4026531872;3766484880;1176;3766484860;9;1318;2147483860;0;4274267907;4026531896;9;2147483864;0;f000003800000009800000d800;f933a2ac27484cd64c87e8842d1057b76906da44287f143718acb8cf306d0b37
4026531872;3766484880;1176;3766484836;70;1179;2147483864;0;4249102211;4026531900;70;2147483868;0;f000003c00000046800000dc00;7e65fcb1462ce84be074103ce89d7dcbde4fb1cb38bde460254ae35d977759a9
4026531896;9;1319;4026531900;70;1320;2147483868;0;4244073187;0;0;2147483824;0;0000000000000000800000b000;c635c260f32061a5f7537cdabf3b46c879e5b0a0912a9dbc816d3d5dbae256c7
4026531872;3766484880;1176;3766484856;3766484900;1181;2147483824;0;4270073603;4026531896;3766484900;2147483828;0;f0000038e07fffa4800000b400;050cb1db8301efa3dd76743dc29e4d83204a8c3d40a9fcfac2626dbdce688bfc
4026531872;3766484880;1176;3766484860;9;1318;2147483828;0;4274268035;4026531900;9;2147483832;0;f000003c00000009800000b800;37984df565337e9bb6052c0366c9302e75997c8febcfceb9cd9d035153e63f76
4026531896;3766484900;1322;4026531900;9;1323;2147483832;0;16189363;4026531900;3766484909;2147483836;0;f000003ce07fffad800000bc00;217ba22dfdff56cd59d9ee6818c132d591e741bc5db68751a44290693d128b99
4026531872;3766484880;1176;3766484840;0;1178;2147483836;0;4253296387;4026531896;0;2147483840;0;f000003800000000800000c000;85250a198c740405cd64e0a4a30220891183a28c71f18501858862efee412af9
4026531896;0;1325;0;0;0;2147483840;0;267876115;4026531896;0;2147483844;0;f000003800000000800000c400;f6430ffed63c7db01c8be35ae785cfda4b1550d33ac06c92ebe8d6332353b786
4026531900;3766484909;1324;3766484908;0;1315;2147483844;0;15171619;4026531968;0;2147483844;1;f000008000000000800000c401;8cd98b82f901c9a4c98bde1a86c34e543e4f9faf35f854aff1fd1c8099f88253
4026531900;3766484909;1324;4026531896;0;1326;2147483844;1;15171619;4026531972;0;2147483844;2;f000008400000000800000c402;79d2a268aa3f428a3b9b40c3a82c83c5b65041df44b1fc763c0f848df52e8fe7
4026531968;0;1327;4026531972;0;1328;2147483844;2;15171619;4026531968;0;2147483844;3;f000008000000000800000c403;3b40fc6343bdf6a0ba860e1645eb2030134274011330ddd55aaccdc0a7febbad
4026531900;3766484909;1324;4026531968;0;1329;2147483844;3;15171619;3766484908;0;2147483848;0;e07fffac00000000800000c800;fc5570716050ce0b0d8925c6de8e64aa3ad9171a9a7aec2acd4ab26f42eb49fa
4026531872;3766484880;1176;3766484860;9;1318;2147483848;0;4274268035;4026531900;9;2147483852;0;f000003c00000009800000cc00;590a9de43b7044fe299167d5187d19cddbfc13a9dcd64a4c5b977dd549c0625e
4026531900;9;1331;0;0;0;2147483852;0;1542035;4026531900;10;2147483856;0;f000003c0000000a800000d000;79d84150a6191603463f5a62f4a878b1ddfe5bf7644b7445a8f98a2182102085
4026531872;3766484880;1176;4026531900;10;1332;2147483856;0;4277413411;3766484860;10;2147483860;0;e07fff7c0000000a800000d400;b7dd82c310adc0f2b51b213d807261ffd7371edea25ffadee3b270f0686f3fe6
4026531872;3766484880;1176;3766484860;10;1333;2147483860;0;4274267907;4026531896;10;2147483864;0;f00000380000000a800000d800;63e6ff2399deda76c3f2b1b1990b5ae93f784cba2c0cf1852f12a02d5e98b29f
4026531872;3766484880;1176;3766484836;70;1179;2147483864;0;4249102211;4026531900;70;2147483868;0;f000003c00000046800000dc00;e15ae24fcb3000586c6a625d2fdc267842114e7df7dfd61dee4881ade6e22bb7
4026531896;10;1334;4026531900;70;1335;2147483868;0;4244073187;0;0;2147483824;0;0000000000000000800000b000;f0f4b85de4bc6c8274474f28d6cf13d9a2e142286523e3d9495180873e350bc2
4026531872;3766484880;1176;3766484856;3766484900;1181;2147483824;0;4270073603;4026531896;3766484900;2147483828;0;f0000038e07fffa4800000b400;750d978e79a904beb8faa9290dc9163c774587a084f61c7bc558ec3b1ef3fb2b
4026531872;3766484880;1176;3766484860;10;1333;2147483828;0;4274268035;4026531900;10;2147483832;0;f000003c0000000a800000b800;af5219a50918c7a30bca509029e39017203ad48eff7568df4204d94093943379
4026531896;3766484900;1337;4026531900;10;1338;2147483832;0;16189363;4026531900;3766484910;2147483836;0;f000003ce07fffae800000bc00;f9300092a689a07dec20132afe20125756eeb6a79efa6b4b4ae4236d0702259e
4026531872;3766484880;1176;3766484840;0;1178;2147483836;0;4253296387;4026531896;0;2147483840;0;f000003800000000800000c000;2b3a16f2cc3fd73a9d2d2eabe062b7cf6cbfdea72d1351f66f03b05a10c6812d
4026531896;0;1340;0;0;0;2147483840;0;267876115;4026531896;0;2147483844;0;f000003800000000800000c400;a510494d1d60d8660d81e72a7f808ac7409da75d8a463f8422c7d3328e4a0310
4026531900;3766484910;1339;3766484908;0;1330;2147483844;0;15171619;4026531968;0;2147483844;1;f000008000000000800000c401;d9c2a05a0df2b619048e2af1cbb45a2acfa453a48bf1bcdea00920c7f26f3017
4026531900;3766484910;1339;4026531896;0;1341;2147483844;1;15171619;4026531972;0;2147483844;2;f000008400000000800000c402;2f3c6906864faa729112ffe49a9b5fba025f2874575fb0667882b12873aac792
4026531968;0;1342;4026531972;0;1343;2147483844;2;15171619;4026531968;0;2147483844;3;f000008000000000800000c403;1bc24ec91f1543406324950d0c5a74699d3fb1288c7c3b2793bbd67638cbde94
4026531900;3766484910;1339;4026531968;0;1344;2147483844;3;15171619;3766484908;0;2147483848;0;e07fffac00000000800000c800;46f6501c098cd8aa20e21786074449c9b0f38a897011459eff062281133d0d4d
4026531872;3766484880;1176;3766484860;10;1333;2147483848;0;4274268035;4026531900;10;2147483852;0;f000003c0000000a800000cc00;dbceb5cff77e972ca0d81775ac105daae0f340e3114dfb93776ce0feb57c4599
4026531900;10;1346;0;0;0;2147483852;0;1542035;4026531900;11;2147483856;0;f000003c0000000b800000d000;16bc34e52f82f4b9c55c3182be6af780d2e55e1f4c17a9d389044f88f8608359
4026531872;3766484880;1176;4026531900;11;1347;2147483856;0;4277413411;3766484860;11;2147483860;0;e07fff7c0000000b800000d400;b3e7d6721a2d47b758117b02f350687673cb415ce4271168c720b9d38977ccf9
4026531872;3766484880;1176;3766484860;11;1348;2147483860;0;4274267907;4026531896;11;2147483864;0;f00000380000000b800000d800;6ac89b0d26c4bd9349bce923e17bfd6b45a0db52665ef9bb90b59cd0152b6f48
4026531872;3766484880;1176;3766484836;70;1179;2147483864;0;4249102211;4026531900;70;2147483868;0;f000003c00000046800000dc00;5115b913b82046ab510d1bec155eaca17d81abd7d8e2ffd55fec13026f2b5462
4026531896;11;1349;4026531900;70;1350;2147483868;0;4244073187;0;0;2147483824;0;0000000000000000800000b000;d54e836cb430379c8a24257f343fb7dbd99b8279d30e21cefa575f87ef85bd46
4026531872;3766484880;1176;3766484856;3766484900;1181;2147483824;0;4270073603;4026531896;3766484900;2147483828;0;f0000038e07fffa4800000b400;f00b317f0a9a57c511daf2d8d308c4a2950410c41428fca94c7aaa60a8b49d29
4026531872;3766484880;1176;3766484860;11;1348;2147483828;0;4274268035;4026531900;11;2147483832;0;f000003c0000000b800000b800;cadcf3b7089f51c2c97ef74fe6c71bfec84f96458790db2bf65632ffb76d05f3
4026531896;3766484900;1352;4026531900;11;1353;2147483832;0;16189363;4026531900;3766484911;2147483836;0;f000003ce07fffaf800000bc00;a84b984affc1c151a9cbfaa114f57985a76d062e03cc048174a6e444b14f2bda
4026531872;3766484880;1176;3766484840;0;1178;2147483836;0;4253296387;4026531896;0;2147483840;0;f000003800000000800000c000;cfce82bbd15d5547c741e82055e86fa1695f88108d53e8ba4d7140228d05fac2
4026531896;0;1355;0;0;0;2147483840;0;267876115;4026531896;0;2147483844;0;f000003800000000800000c400;2169a5c3a540403c82443cfce604113a50b71d96d9ab154758b9e30388de8b11
4026531900;3766484911;1354;3766484908;0;1345;2147483844;0;15171619;4026531968;0;2147483844;1;f000008000000000800000c401;7f33e59c81823b85792fb3a030576ba6f05d0970f884f13651bc1f235861a7d5
4026531900;3766484911;1354;4026531896;0;1356;2147483844;1;15171619;4026531972;0;2147483844;2;f000008400000000800000c402;a506478e122557231af277aeafe125555293118d4c2e1083e2ed6d528552f3f8
4026531968;0;1357;4026531972;0;1358;2147483844;2;15171619;4026531968;0;2147483844;3;f000008000000000800000c403;d7ebde02700f28c7c4b59098e9422c038c190314fd15cb3a07a09bbba6659827
4026531900;3766484911;1354;4026531968;0;1359;2147483844;3;15171619;3766484908;0;2147483848;0;e07fffac00000000800000c800;3bae1921e12dfb2d531a58d0a1f9f053710860db9fb54bd31d3ed96417dae3ae
4026531872;3766484880;1176;3766484860;11;1348;2147483848;0;4274268035;4026531900;11;2147483852;0;f000003c0000000b800000cc00;94d42bb02abc9d78a71a26d050989432b990d0130af53968dbc624b4631498c0
4026531900;11;1361;0;0;0;2147483852;0;1542035;4026531900;12;2147483856;0;f000003c0000000c800000d000;16ceb22babad26c2e08d42f8fccd104861165e1ea94a1a0adde5f7791e92ec12
4026531872;3766484880;1176;4026531900;12;1362;2147483856;0;4277413411;3766484860;12;2147483860;0;e07fff7c0000000c800000d400;5286d40ec4ea800ead0f5b68cbe08e4ccac4add1c82c1880c964b43af2546cb1
4026531872;3766484880;1176;3766484860;12;1363;2147483860;0;4274267907;4026531896;12;2147483864;0;f00000380000000c800000d800;488f68bb2a65ecd6e68314a3595dd98723250ee1c913b79d13469243bfea2b48
4026531872;3766484880;1176;3766484836;70;1179;2147483864;0;4249102211;4026531900;70;2147483868;0;f000003c00000046800000dc00;34dc5c8c94700233b29e060a5acdbf63de10079b65ad8b9391cbe7d30b251285
4026531896;12;1364;4026531900;70;1365;2147483868;0;4244073187;0;0;2147483824;0;0000000000000000800000b000;c7d68eef8ddc3126ea4b9a14010e86005acc8ad70dae462dff596d3cd7ac1c5b
4026531872;3766484880;1176;3766484856;3766484900;1181;2147483824;0;4270073603;4026531896;3766484900;2147483828;0;f0000038e07fffa4800000b400;9f6fc48f9f3889840b7d556ad412eea6e966935ec4f5be66d01ae096c9960388
4026531872;3766484880;1176;3766484860;12;1363;2147483828;0;4274268035;4026531900;12;2147483832;0;f000003c0000000c800000b800;ed7fb36d705e740af9cbb92fae7601709f089f6db2437904bd74fa3dcb545746
4026531896;3766484900;1367;4026531900;12;1368;2147483832;0;16189363;4026531900;3766484912;2147483836;0;f000003ce07fffb0800000bc00;a11876386e16d4010f1e214ae5f068c177583884907e9f8af77e194a48913ae0
4026531872;3766484880;1176;3766484840;0;1178;2147483836;0;4253296387;4026531896;0;2147483840;0;f000003800000000800000c000;5c5cc2f1f6161e15647e1d689145efedee5e19234c874a78d24ba77e2308d041
4026531896;0;1370;0;0;0;2147483840;0;267876115;4026531896;0;2147483844;0;f000003800000000800000c400;8cf721a2ac23e53418c971fb779e507d8f779833058d5aaef0c66d5c1482fa2f
4026531900;3766484912;1369;3766484912;0;261;2147483844;0;15171619;4026531968;0;2147483844;1;f000008000000000800000c401;f013ca1237f19dbfb601919a3c6ffc7ac49ef795bd644e8bee3b0ee3c7a6ed44
4026531900;3766484912;1369;4026531896;0;1371;2147483844;1;15171619;4026531972;0;2147483844;2;f000008400000000800000c402;d6bd0a84fd1c1e9538c0dfe12d52d18926c1305919e2ec5707f4b51456653bf0
4026531968;0;1372;4026531972;0;1373;2147483844;2;15171619;4026531968;0;2147483844;3;f000008000000000800000c403;ce0d44c125d9a1a8e72c2553c8e821d4f5f7be5c9be8a789283ef32b1ac09209
4026531900;3766484912;1369;4026531968;0;1374;2147483844;3;15171619;3766484912;0;2147483848;0;e07fffb000000000800000c800;49978c5c450ced2247ea79c300b2115f9759e1765efad500585ccdbce88c4465
4026531872;3766484880;1176;3766484860;12;1363;2147483848;0;4274268035;4026531900;12;2147483852;0;f000003c0000000c800000cc00;7ab74bd36e88b2a6306508d45bcdb96df302a73887a881d66eb0b252e8994089
4026531900;12;1376;0;0;0;2147483852;0;1542035;4026531900;13;2147483856;0;f000003c0000000d800000d000;96d302db0de708bb55662ee1a871f217183c52297f58fd9da86834f21864cb2f
4026531872;3766484880;1176;4026531900;13;1377;2147483856;0;4277413411;3766484860;13;2147483860;0;e07fff7c0000000d800000d400;167104f733e1f9e758138af5c6f664ea68b779ba0893c5d8479fe758e9db1796
4026531872;3766484880;1176;3766484860;13;1378;2147483860;0;4274267907;4026531896;13;2147483864;0;f00000380000000d800000d800;754bcdb3750155c7c4a25a56a3693a6bcf4237f58b58514d667e0c4d29656441
4026531872;3766484880;1176;3766484836;70;1179;2147483864;0;4249102211;4026531900;70;2147483868;0;f000003c00000046800000dc00;0d6dca3ff8b60a24591eaf4ccca53493a2707a2703475965ba838b4e0323c190
4026531896;13;1379;4026531900;70;1380;2147483868;0;4244073187;0;0;2147483824;0;0000000000000000800000b000;73a8cce08c7dff80fa92511aa58aace871d45aa5880e0666b7d8d90347b45a91
4026531872;3766484880;1176;3766484856;3766484900;1181;2147483824;0;4270073603;4026531896;3766484900;2147483828;0;f0000038e07fffa4800000b400;d4454e2afeb67012589b31bc85b7b1ca74a71267f8f7dc164cc4d8eeaae2c807
4026531872;3766484880;1176;3766484860;13;1378;2147483828;0;4274268035;4026531900;13;2147483832;0;f000003c0000000d800000b800;8951abb65a5954f8e1ba89f49804b1af49a71df63281a0a8b78a24be19bab1d1
4026531896;3766484900;1382;4026531900;13;1383;2147483832;0;16189363;4026531900;3766484913;2147483836;0;f000003ce07fffb1800000bc00;892f2f6ebc1ad2f1a41f249c85626769e6ad3daae9c83338e016c537259b1126
4026531872;3766484880;1176;3766484840;0;1178;2147483836;0;4253296387;4026531896;0;2147483840;0;f000003800000000800000c000;9becee7dad85d3139fb09584c0a27930b785dba93a3e382b97e3b26e4e6ffbe3
4026531896;0;1385;0;0;0;2147483840;0;267876115;4026531896;0;2147483844;0;f000003800000000800000c400;3641fe6409e472e1e8e352299a49ccc5498642b0185f2c6a0c1b45f83c67cf48
4026531900;3766484913;1384;3766484912;0;1375;2147483844;0;15171619;4026531968;0;2147483844;1;f000008000000000800000c401;31b77992cdbaf5009dc14f2f0b0d8b79f5a7f2d59c4a21e4a72e45a58bd3922f
4026531900;3766484913;1384;4026531896;0;1386;2147483844;1;15171619;4026531972;0;2147483844;2;f000008400000000800000c402;d1adce787770d87e3553a25cb27adf0ebfe4cbf2fb4aa51dc61b8d908f844846
4026531968;0;1387;4026531972;0;1388;2147483844;2;15171619;4026531968;0;2147483844;3;f000008000000000800000c403;983e9119cbf2417178e51945e84dc7e7ddb95838b0a0a3ad048cb5f5c4990505
4026531900;3766484913;1384;4026531968;0;1389;2147483844;3;15171619;3766484912;0;2147483848;0;e07fffb000000000800000c800;66c04a8646b62c6e26fbbf20e717ded9b2d1a6480409b9206c7af67f0f016b79
4026531872;3766484880;1176;3766484860;13;1378;2147483848;0;4274268035;4026531900;13;2147483852;0;f000003c0000000d800000cc00;4790e3f7d87b377afa6c7cb46472fe9c9468f20bac18e96452b75cad32edd601
4026531900;13;1391;0;0;0;2147483852;0;1542035;4026531900;14;2147483856;0;f000003c0000000e800000d000;b3a96fac5cab4effa7f7bb53fc4893efedee34a5b106eb41c80fb96890cd96b7
4026531872;3766484880;1176;4026531900;14;1392;2147483856;0;4277413411;3766484860;14;2147483860;0;e07fff7c0000000e800000d400;1a230797c4cc06e3f58d74ec886e75d99e8311ca7d0fb8a72135b5a749b54499
4026531872;3766484880;1176;3766484860;14;1393;2147483860;0;4274267907;4026531896;14;2147483864;0;f00000380000000e800000d800;d3618ebe51226410899e5cb00b74895c800cf14551b26886cb87285b1f75188d
4026531872;3766484880;1176;3766484836;70;1179;2147483864;0;4249102211;4026531900;70;2147483868;0;f000003c00000046800000dc00;e0d8fe35563b31bf02fb0fe8c9c0c77d35f4e5938aacf29b34272b3930f1962e
4026531896;14;1394;4026531900;70;1395;2147483868;0;4244073187;0;0;2147483824;0;0000000000000000800000b000;b14b243c333d1d6a0ec0a48749b7a70841fc3891560a74cbca2e7d536fbd02a0
4026531872;3766484880;1176;3766484856;3766484900;1181;2147483824;0;4270073603;4026531896;3766484900;2147483828;0;f0000038e07fffa4800000b400;536a1a7e8f574338dba976725b14e6f3771c68e0dfc40d2b9634a236bd2552bc
4026531872;3766484880;1176;3766484860;14;1393;2147483828;0;4274268035;4026531900;14;2147483832;0;f000003c0000000e800000b800;19327a0311cdf13676a33ab93134c8578c3a3e20d5f785c772898aa1b4e8e68e
4026531896;3766484900;1397;4026531900;14;1398;2147483832;0;16189363;4026531900;3766484914;2147483836;0;f000003ce07fffb2800000bc00;d655c591e05fe74b3baa5af537fdb772ac3f18d4c8988a94eed08abbefbe6447
4026531872;3766484880;1176;3766484840;0;1178;2147483836;0;4253296387;4026531896;0;2147483840;0;f000003800000000800000c000;168da38867e5019edacb9d55516afa25def91053f25ac125992b69cccd7581b3
4026531896;0;1400;0;0;0;2147483840;0;267876115;4026531896;0;2147483844;0;f000003800000000800000c400;ce92be941d438d72ef12d2bc0d61ea7b4c0d433b714ab5c018699f0343ca5d98
4026531900;3766484914;1399;3766484912;0;1390;2147483844;0;15171619;4026531968;0;2147483844;1;f000008000000000800000c401;c48101e441a1461e9d19533c1738f839047aeb6863ffabf7a94aba0de6416c80
4026531900;3766484914;1399;4026531896;0;1401;2147483844;1;15171619;4026531972;0;2147483844;2;f000008400000000800000c402;e927ebe57f24178b66cbfa98970fc99d7fa12baa55b681a4c2960a90cd2950f2
4026531968;0;1402;4026531972;0;1403;2147483844;2;15171619;4026531968;0;2147483844;3;f000008000000000800000c403;e33f8c3602966419d8b1ddc75dadf0b62bdceba0f606dfdb513cb8a2bc28a1b3
4026531900;3766484914;1399;4026531968;0;1404;2147483844;3;15171619;3766484912;0;2147483848;0;e07fffb000000000800000c800;e5fc7bb90201c728f2c1df681afd0366938f961e58e7ce9b1635009a9f7c0a48
4026531872;3766484880;1176;3766484860;14;1393;2147483848;0;4274268035;4026531900;14;2147483852;0;f000003c0000000e800000cc00;1430da75b4ec0c339a506020d80f002d8bb952dee66ca3dc38cee4054dc95481
4026531900;14;1406;0;0;0;2147483852;0;1542035;4026531900;15;2147483856;0;f000003c0000000f800000d000;8e7ccb2db3bfa0f616dc2ee3050a829cdf6e32a0608b8d09ccf797ff30bfa8df
4026531872;3766484880;1176;4026531900;15;1407;2147483856;0;4277413411;3766484860;15;2147483860;0;e07fff7c0000000f800000d400;d20606b40b778b90973ea27427702228dedbb6abfa650cc7b81d1eaf38151283
4026531872;3766484880;1176;3766484860;15;1408;2147483860;0;4274267907;4026531896;15;2147483864;0;f00000380000000f800000d800;83234127d5332af0e4d1733a35a7ba9bb1fba6eeaf031fb2f946c42e469d3e17
4026531872;3766484880;1176;3766484836;70;1179;2147483864;0;4249102211;4026531900;70;2147483868;0;f000003c00000046800000dc00;a784182409c15c31fcee1a7db6e5495b8e0b3167d075800135aebdc06da79e60
4026531896;15;1409;4026531900;70;1410;2147483868;0;4244073187;0;0;2147483824;0;0000000000000000800000b000;f5d0ef8c600fdaa5c7ba9c7f0d434850b1237a090e918d2d666726547b8aa69d
4026531872;3766484880;1176;3766484856;3766484900;1181;2147483824;0;4270073603;4026531896;3766484900;2147483828;0;f0000038e07fffa4800000b400;189756f1989d7e1251ebc77ece6bfbe60d058c3ad30aaac8feb73ef523a6be73
4026531872;3766484880;1176;3766484860;15;1408;2147483828;0;4274268035;4026531900;15;2147483832;0;f000003c0000000f800000b800;016e98014a56881738cf81d81e58e7de17fcc321360a570414427d6f95895529
4026531896;3766484900;1412;4026531900;15;1413;2147483832;0;16189363;4026531900;3766484915;2147483836;0;f000003ce07fffb3800000bc00;799fefb7b3aec7f1d4eb2e5cc1ecb795388b75bab787b3a6cec71d428fcf1d54
4026531872;3766484880;1176;3766484840;0;1178;2147483836;0;4253296387;4026531896;0;2147483840;0;f000003800000000800000c000;1eed1224c3f71b48c8aba0a66284b21a6cc5dec8175dfdb24658aea075319ad9
4026531896;0;1415;0;0;0;2147483840;0;267876115;4026531896;0;2147483844;0;f000003800000000800000c400;a57a3336ebe70cc95586b89a21461a0e570cf6968dd3bb6e7fb98907d6418b0e
4026531900;3766484915;1414;3766484912;0;1405;2147483844;0;15171619;4026531968;0;2147483844;1;f000008000000000800000c401;d078a5bfd97be232fb8f48cf28ec32ad1b04cc67671b97de764e3619fc57a75d
4026531900;3766484915;1414;4026531896;0;1416;2147483844;1;15171619;4026531972;0;2147483844;2;f000008400000000800000c402;39c695ebb4b42c5408247e0c72fad05c5233095c495085fbb982aa2965d766c1
4026531968;0;1417;4026531972;0;1418;2147483844;2;15171619;4026531968;0;2147483844;3;f000008000000000800000c403;3ae68641f59d6220b7f61abc74fcb712d9e32ac65cc017993d9028180f546cd6
4026531900;3766484915;1414;4026531968;0;1419;2147483844;3;15171619;3766484912;0;2147483848;0;e07fffb000000000800000c800;84933467077fad859e2edcfccfca9895791f4f3c0717c19c92bfb35ab6f2816d
4026531872;3766484880;1176;3766484860;15;1408;2147483848;0;4274268035;4026531900;15;2147483852;0;f000003c0000000f800000cc00;7b31464a9147fd474c901db256bd39a99d781bd9c7a88e918f8cd12c1d220ef1
4026531900;15;1421;0;0;0;2147483852;0;1542035;4026531900;16;2147483856;0;f000003c00000010800000d000;a7e35260b9be0d642a6270c3eedcfc4dc05b22d758d38ac8d2214b2e25979461
4026531872;3766484880;1176;4026531900;16;1422;2147483856;0;4277413411;3766484860;16;2147483860;0;e07fff7c00000010800000d400;e0e2bccada9c44c7d6935c12bc1a97b5c064a932029db1fa2b5ae575494d0d1e
4026531872;3766484880;1176;3766484860;16;1423;2147483860;0;4274267907;4026531896;16;2147483864;0;f000003800000010800000d800;8be83b6c11815a68023a451532d43c65054a8f2f7f7b6501df1f57b82f5d5096
4026531872;3766484880;1176;3766484836;70;1179;2147483864;0;4249102211;4026531900;70;2147483868;0;f000003c00000046800000dc00;0d23d7d59c347601423164931a3688fd0195ff3932df6bf1a44d0a3ce35b58e2
4026531896;16;1424;4026531900;70;1425;2147483868;0;4244073187;0;0;2147483824;0;0000000000000000800000b000;d990d92129d1a893e966c773585392ba091acbc6493c92bb401cb823265122ff
4026531872;3766484880;1176;3766484856;3766484900;1181;2147483824;0;4270073603;4026531896;3766484900;2147483828;0;f0000038e07fffa4800000b400;c6e462c6705e1d1cbbdb02e9d12de0d3448eefb3d537b39a2a5d9137c1ebb6cb
4026531872;3766484880;1176;3766484860;16;1423;2147483828;0;4274268035;4026531900;16;2147483832;0;f000003c00000010800000b800;cc64fcd9a89e6ec57a71f017eea9877f14651e52654508529e0b299b7903ef98
4026531896;3766484900;1427;4026531900;16;1428;2147483832;0;16189363;4026531900;3766484916;2147483836;0;f000003ce07fffb4800000bc00;cd0489d5c8c14af3f0b466d86923cdeda015ac9f773da96f776ef10f95f25f7a
4026531872;3766484880;1176;3766484840;0;1178;2147483836;0;4253296387;4026531896;0;2147483840;0;f000003800000000800000c000;0da36b06f73057696ba115482e85caba3c7784d15048cccc2e377d330b7b3146
4026531896;0;1430;0;0;0;2147483840;0;267876115;4026531896;0;2147483844;0;f000003800000000800000c400;17a9136afd3c340ce10ce853010f82070ac60fb981e091f563642ec035025eb1
4026531900;3766484916;1429;3766484916;0;321;2147483844;0;15171619;4026531968;0;2147483844;1;f000008000000000800000c401;da5f72843fd038fe9b01b858b1494ebfdbfc5435d6e48d8712ef0db95a759069
4026531900;3766484916;1429;4026531896;0;1431;2147483844;1;15171619;4026531972;0;2147483844;2;f000008400000000800000c402;7209e23e4295fc10f7bcd817f22916f92e0dd110ad244bfe8da7e38d7f196072
4026531968;0;1432;4026531972;0;1433;2147483844;2;15171619;4026531968;0;2147483844;3;f000008000000000800000c403;95d4d8edb134c73b78e1d9039484eb1f6d02acf82644a804bf07b3d501503c23
4026531900;3766484916;1429;4026531968;0;1434;2147483844;3;15171619;3766484916;0;2147483848;0;e07fffb400000000800000c800;ca993d0e0f8fa3526b3924b66059319c31133ebcc7a92c96cbd1989307058785
4026531872;3766484880;1176;3766484860;16;1423;2147483848;0;4274268035;4026531900;16;2147483852;0;f000003c00000010800000cc00;c3814b42b96c60db82346f6336acf22bf5ca4f5a99d20e62c245943eca56758a
4026531900;16;1436;0;0;0;2147483852;0;1542035;4026531900;17;2147483856;0;f000003c00000011800000d000;e639b5e63067d280e73b17ffcd6736452a4b64337822be95e45cd81e4c3807a2
4026531872;3766484880;1176;4026531900;17;1437;2147483856;0;4277413411;3766484860;17;2147483860;0;e07fff7c00000011800000d400;6d0178401a088123880fbecd4823279fba3d19ea39c78bcd1989910dd4b862f2
4026531872;3766484880;1176;3766484860;17;1438;2147483860;0;4274267907;4026531896;17;2147483864;0;f000003800000011800000d800;c593b6110a7ff5978c18ed6aab70010728d09bfd86947d45462619d33ea1c3e6
4026531872;3766484880;1176;3766484836;70;1179;2147483864;0;4249102211;4026531900;70;2147483868;0;f000003c00000046800000dc00;9afe24256acf5d6c62c217421538e6b9c1e9a59d114530fad0f105813d0fd36f
4026531896;17;1439;4026531900;70;1440;2147483868;0;4244073187;0;0;2147483824;0;0000000000000000800000b000;ed1de58421f180ead7445e2e600763b5af91d60af32d97722125b8dc1780ca1e
4026531872;3766484880;1176;3766484856;3766484900;1181;2147483824;0;4270073603;4026531896;3766484900;2147483828;0;f0000038e07fffa4800000b400;52c6bec7f64fec00a0750b7fdc41e21dde0e70d6dbe29be63b467a484b8e79cd
4026531872;3766484880;1176;3766484860;17;1438;2147483828;0;4274268035;4026531900;17;2147483832;0;f000003c00000011800000b800;351c2cf2c4b5ef6218474902a9ebef38e7e89269e3717a845c011d61005e0a46
4026531896;3766484900;1442;4026531900;17;1443;2147483832;0;16189363;4026531900;3766484917;2147483836;0;f000003ce07fffb5800000bc00;adf18edb56cb307f29d7e170d9b431d1dca18d68a4292f102195c911c1aa04a8
4026531872;3766484880;1176;3766484840;0;1178;2147483836;0;4253296387;4026531896;0;2147483840;0;f000003800000000800000c000;4f396d203f68f575863ec0c5e55a90db6d56611312ec953baf30515ff6e562a8
4026531896;0;1445;0;0;0;2147483840;0;267876115;4026531896;0;2147483844;0;f000003800000000800000c400;a072fde1d9235f3d233e11a3220aa65bb06814341be2147b9b1fea1666eeb6e8
4026531900;3766484917;1444;3766484916;0;1435;2147483844;0;15171619;4026531968;0;2147483844;1;f000008000000000800000c401;2264fd49e7433eb75c0c694f2e3d16627c2105809b193a1fd2544b9731a96895
4026531900;3766484917;1444;4026531896;0;1446;2147483844;1;15171619;4026531972;0;2147483844;2;f000008400000000800000c402;399b8843a082242b77c391eca0bbb7e4708e7736de86dff73e6be15672282775
4026531968;0;1447;4026531972;0;1448;2147483844;2;15171619;4026531968;0;2147483844;3;f000008000000000800000c403;b60f1f67f4df9ee5ad2999bc061498c8c5171dffc0ec5004c998d9cc3d24b5df
4026531900;3766484917;1444;4026531968;0;1449;2147483844;3;15171619;3766484916;0;2147483848;0;e07fffb400000000800000c800;d91a39a226bc330a49307d3f96bf0c397e5f0cfb5bc6b81885fba3dceaffd5c6
4026531872;3766484880;1176;3766484860;17;1438;2147483848;0;4274268035;4026531900;17;2147483852;0;f000003c00000011800000cc00;e61d03a53fca2d59cc266ddfb7763f3e96127ba7fa522c190ca7062fbb5983f7
4026531900;17;1451;0;0;0;2147483852;0;1542035;4026531900;18;2147483856;0;f000003c00000012800000d000;99f59fb2285da1631ce8cf1412cb7a175a19cb324d146d7406b9ed71fa834b86
4026531872;3766484880;1176;4026531900;18;1452;2147483856;0;4277413411;3766484860;18;2147483860;0;e07fff7c00000012800000d400;95147d60ac7ee834373ea414df711e10164f30f2d142f4ca4db83dff9b85c58d
4026531872;3766484880;1176;3766484860;18;1453;2147483860;0;4274267907;4026531896;18;2147483864;0;f000003800000012800000d800;5a95179aefa8dd78c19c30289fead2cb180f2bde9c624699bddb3f55c63b0211
4026531872;3766484880;1176;3766484836;70;1179;2147483864;0;4249102211;4026531900;70;2147483868;0;f000003c00000046800000dc00;4a356f1d9c0d1b7b3f34ada017c8f9f8225b5496a825b78c1504d2d87f9d443b
4026531896;18;1454;4026531900;70;1455;2147483868;0;4244073187;0;0;2147483824;0;0000000000000000800000b000;9091bf21ac9df3fb84cc89dacca4194642d1e991bdd3fc3444e5233ca9f52620
4026531872;3766484880;1176;3766484856;3766484900;1181;2147483824;0;4270073603;4026531896;3766484900;2147483828;0;f0000038e07fffa4800000b400;cf193c59e2ea84be276cefe1721b265482b0bcc35065b023a4b5af5e98266e14
4026531872;3766484880;1176;3766484860;18;1453;2147483828;0;4274268035;4026531900;18;2147483832;0;f000003c00000012800000b800;a561553968d1e55467e797d0102713effd157de23e1d0b02ebabd06a25bd4298
4026531896;3766484900;1457;4026531900;18;1458;2147483832;0;16189363;4026531900;3766484918;2147483836;0;f000003ce07fffb6800000bc00;00c7cf08b831cacac679db9816f9aa35485a0061d8c39b8ac3bdc7a15ca7f10c
4026531872;3766484880;1176;3766484840;0;1178;2147483836;0;4253296387;4026531896;0;2147483840;0;f000003800000000800000c000;6db4c243383ebefcbf449b20fc1c2563d1e46d55f736e93fe3b4bd4f3b8ca605
4026531896;0;1460;0;0;0;2147483840;0;267876115;4026531896;0;2147483844;0;f000003800000000800000c400;f8ae64f4ef53ad7274032844667509345f1b739e02096bfe2723901fa9b954c5
4026531900;3766484918;1459;3766484916;0;1450;2147483844;0;15171619;4026531968;0;2147483844;1;f000008000000000800000c401;f407382c55e9241cb5f558e950e37183e966fa4988d0371160afbea44ac9155e
4026531900;3766484918;1459;4026531896;0;1461;2147483844;1;15171619;4026531972;0;2147483844;2;f000008400000000800000c402;5a6aa55a72cdbaf758e3148bb06d33ee407fe882506fbc04fc60256a557deef0
4026531968;0;1462;4026531972;0;1463;2147483844;2;15171619;4026531968;0;2147483844;3;f000008000000000800000c403;3f661b52f4e1470e19bdc6ac2f462782a5d0860f49466004f83b8bd3351aaa9c
4026531900;3766484918;1459;4026531968;0;1464;2147483844;3;15171619;3766484916;0;2147483848;0;e07fffb400000000800000c800;e1717697d93c1a0b0c660f428f6bb001827b65afb37fa3c33994c59bcdff1c9a
4026531872;3766484880;1176;3766484860;18;1453;2147483848;0;4274268035;4026531900;18;2147483852;0;f000003c00000012800000cc00;483e9623344d5d6d244d13698ebe704f4e3fa644c95fd59c85919b72149093a0
4026531900;18;1466;0;0;0;2147483852;0;1542035;4026531900;19;2147483856;0;f000003c00000013800000d000;a21df08c623109ccf05cec8c5803f3fdeb2b96aacc3534949e2aaa92aa0900b6
4026531872;3766484880;1176;4026531900;19;1467;2147483856;0;4277413411;3766484860;19;2147483860;0;e07fff7c00000013800000d400;f66fafd1d677d0c1bfc2cd99c938fcae84732b093ce3b1dd945c09742abdcb7f
4026531872;3766484880;1176;3766484860;19;1468;2147483860;0;4274267907;4026531896;19;2147483864;0;f000003800000013800000d800;55d067686368c49d19ebcef1af897e03538e7773dd1a1b77acbcf71c307985b5
4026531872;3766484880;1176;3766484836;70;1179;2147483864;0;4249102211;4026531900;70;2147483868;0;f000003c00000046800000dc00;7313abb2c444e2436e714464247295475d30cda28e7f5602402aa0847ae14fa4
4026531896;19;1469;4026531900;70;1470;2147483868;0;4244073187;0;0;2147483824;0;0000000000000000800000b000;fe42d43bf18f4dd4444a815b9ab9a097d28e51d9cdf93795ab3e152fc0d360d4
4026531872;3766484880;1176;3766484856;3766484900;1181;2147483824;0;4270073603;4026531896;3766484900;2147483828;0;f0000038e07fffa4800000b400;e128d770e5bfbb1c038a3a87cefea4f2de87787b0603ca5f7c501e2f403825f9
4026531872;3766484880;1176;3766484860;19;1468;2147483828;0;4274268035;4026531900;19;2147483832;0;f000003c00000013800000b800;c5cd779f83d5e5b6a1b8246bb805f9b8f47dd0c3cb0e3110266658b9bc2ccdb7
4026531896;3766484900;1472;4026531900;19;1473;2147483832;0;16189363;4026531900;3766484919;2147483836;0;f000003ce07fffb7800000bc00;4553eca22213ee40de6027676a8e0d69f52957732299e5da54fa0fbf3f61058b
4026531872;3766484880;1176;3766484840;0;1178;2147483836;0;4253296387;4026531896;0;2147483840;0;f000003800000000800000c000;8d142ef77a229da92d8b8be1d07627fd27eab5c6e646e725a0b69177eb65a2fe
4026531896;0;1475;0;0;0;2147483840;0;267876115;4026531896;0;2147483844;0;f000003800000000800000c400;1a6715dbe7af866a777e3dd7ee17ba4812df7a295d8f328d258efa14b9739a62
4026531900;3766484919;1474;3766484916;0;1465;2147483844;0;15171619;4026531968;0;2147483844;1;f000008000000000800000c401;6d419cfbec55eb77a5c99205f41fd60da200e839ac03775c7665a30a4d3fdd27
4026531900;3766484919;1474;4026531896;0;1476;2147483844;1;15171619;4026531972;0;2147483844;2;f000008400000000800000c402;6fc9ab817cd7fa63316147e163d39b53eb900cd586722497e39475f4d29e71a4
4026531968;0;1477;4026531972;0;1478;2147483844;2;15171619;4026531968;0;2147483844;3;f000008000000000800000c403;e0ee14d9b6187e0f1735e5cd68f8bd5a22f21e9108e3c23a24762db2d173c458
4026531900;3766484919;1474;4026531968;0;1479;2147483844;3;15171619;3766484916;0;2147483848;0;e07fffb400000000800000c800;58227bd850a038a22082c2214756df41129e52dbbd9f3a16cd151dc0d83d7116
4026531872;3766484880;1176;3766484860;19;1468;2147483848;0;4274268035;4026531900;19;2147483852;0;f000003c00000013800000cc00;e4df385191f1737470a7326432b05d7495edeaefabbd2188dcf762ce377b1a45
4026531900;19;1481;0;0;0;2147483852;0;1542035;4026531900;20;2147483856;0;f000003c00000014800000d000;a69bba3c0accac6a1fad668bc5a23461ccd7f8c37587d14e3f8a4337876b2791
4026531872;3766484880;1176;4026531900;20;1482;2147483856;0;4277413411;3766484860;20;2147483860;0;e07fff7c00000014800000d400;b0783494199b28b3cec18fbbc44b925595609fb0939c81b6a33d3dd30c7250d6
4026531872;3766484880;1176;3766484860;20;1483;2147483860;0;4274267907;4026531896;20;2147483864;0;f000003800000014800000d800;8a03d5438a09b01bf78e4c81b8c8f6591e66fef1db0a67997478cff7b48390f1
4026531872;3766484880;1176;3766484836;70;1179;2147483864;0;4249102211;4026531900;70;2147483868;0;f000003c00000046800000dc00;2532257607bff6ce60cd791f5e65806bec5792b675d506086f1817a6bb9793df
4026531896;20;1484;4026531900;70;1485;2147483868;0;4244073187;0;0;2147483824;0;0000000000000000800000b000;5d6262acf6a84196d25dd2ea5fea1f95770789a769dac34836dcf837f8fd7f0f
4026531872;3766484880;1176;3766484856;3766484900;1181;2147483824;0;4270073603;4026531896;3766484900;2147483828;0;f0000038e07fffa4800000b400;038ec46d287ae266e615c21fa268a4048aef771278c26f5101b8ee1cb79db5e8
4026531872;3766484880;1176;3766484860;20;1483;2147483828;0;4274268035;4026531900;20;2147483832;0;f000003c00000014800000b800;e960b757d436005e6240987aeab7ce1178eff46f1e12319e0f70b97ca93617ba
4026531896;3766484900;1487;4026531900;20;1488;2147483832;0;16189363;4026531900;3766484920;2147483836;0;f000003ce07fffb8800000bc00;fbbb6e4db3b9126f8cd3e031ed9037f874ce506f1c3b4e5faff0b82920855e36
4026531872;3766484880;1176;3766484840;0;1178;2147483836;0;4253296387;4026531896;0;2147483840;0;f000003800000000800000c000;d520feb5215ee5278c51ec83fee47da3f3cbf7e9f00a92cc14278fbc33acd6f6
4026531896;0;1490;0;0;0;2147483840;0;267876115;4026531896;0;2147483844;0;f000003800000000800000c400;90ccc40cbb500bf52ba6658207cbf57ef1da4321ab86bcfb7979482dff3e67bb
4026531900;3766484920;1489;3766484920;0;381;2147483844;0;15171619;4026531968;0;2147483844;1;f000008000000000800000c401;36d8a703af4f57ed456ae11c683abbf4b7c888e87b769ec4b1f5843c81fd61c5
4026531900;3766484920;1489;4026531896;0;1491;2147483844;1;15171619;4026531972;0;2147483844;2;f000008400000000800000c402;a4025b289517065ddeceb4d05aa89721613d2e7ba25bfeef5e4d10bfd11d23c6
4026531968;0;1492;4026531972;0;1493;2147483844;2;15171619;4026531968;0;2147483844;3;f000008000000000800000c403;926a1e9a3b5d2a5404fec4f67e1640751665f23fad0884d0dcbd3f84db779caa
4026531900;3766484920;1489;4026531968;0;1494;2147483844;3;15171619;3766484920;0;2147483848;0;e07fffb800000000800000c800;db886a4b570ae93c6899225e6a2f9eb6308e368fad90d543cbb8db9a08f07c61
4026531872;3766484880;1176;3766484860;20;1483;2147483848;0;4274268035;4026531900;20;2147483852;0;f000003c00000014800000cc00;8fab1a1d6922b5d857f35013a9a82c61e34a53c1233b5cf7469ec6eebe487e87
4026531900;20;1496;0;0;0;2147483852;0;1542035;4026531900;21;2147483856;0;f000003c00000015800000d000;e1c3fc0bddf14619a589d4c4751c4680a266cd43720fc6649db3769718b1fd7f
4026531872;3766484880;1176;4026531900;21;1497;2147483856;0;4277413411;3766484860;21;2147483860;0;e07fff7c00000015800000d400;677a8bf9b180c894901665e986bfe0d2fcc65cba76418a05f68622d2a5f3d130
4026531872;3766484880;1176;3766484860;21;1498;2147483860;0;4274267907;4026531896;21;2147483864;0;f000003800000015800000d800;1077467d771f41e9633c0250d0776347ec4c5fcb0bf5caab7cfef990880b1780
4026531872;3766484880;1176;3766484836;70;1179;2147483864;0;4249102211;4026531900;70;2147483868;0;f000003c00000046800000dc00;f1c79767e03446cd587da4ff6ae1ebfcbad079288b2cde375c6b7bfc25657df0
4026531896;21;1499;4026531900;70;1500;2147483868;0;4244073187;0;0;2147483824;0;0000000000000000800000b000;cc13f9a918c72368ebe6c7d37b00c0425e53249fa129a5eb62d9c8c57a403eae
4026531872;3766484880;1176;3766484856;3766484900;1181;2147483824;0;4270073603;4026531896;3766484900;2147483828;0;f0000038e07fffa4800000b400;05ac4734a8403767ca2821553d37aa8c09abb9fe254441d63be9bff6d853522f
4026531872;3766484880;1176;3766484860;21;1498;2147483828;0;4274268035;4026531900;21;2147483832;0;f000003c00000015800000b800;0de7a5f2d0b6aee95123a5469368eb5510a3b537fa86c22b13bcfed7c197b715
4026531896;3766484900;1502;4026531900;21;1503;2147483832;0;16189363;4026531900;3766484921;2147483836;0;f000003ce07fffb9800000bc00;7621dd311b198ea0a6bc75b96d39b2e5a86ea3b06181535589cfeced6d7d82a0
4026531872;3766484880;1176;3766484840;0;1178;2147483836;0;4253296387;4026531896;0;2147483840;0;f000003800000000800000c000;d1c09da2ad3802de4a10fd37bcee0df0cbcc889fae966f03e6addaabf0eba1ef
4026531896;0;1505;0;0;0;2147483840;0;267876115;4026531896;0;2147483844;0;f000003800000000800000c400;4827711d81dcc58ad012563b564c984f2ceffb7a5a41050f3fd27618ab21524d
4026531900;3766484921;1504;3766484920;0;1495;2147483844;0;15171619;4026531968;0;2147483844;1;f000008000000000800000c401;db66a29bb5f4a66b954dcd164f6beee974e03b08608e743b3561eed2d4a76136
4026531900;3766484921;1504;4026531896;0;1506;2147483844;1;15171619;4026531972;0;2147483844;2;f000008400000000800000c402;9436698aff4d64b40d2e6a18871c91bcdd9b2616ba4f41f04166dbf3f7b194ef
4026531968;0;1507;4026531972;0;1508;2147483844;2;15171619;4026531968;0;2147483844;3;f000008000000000800000c403;f348001af23a6164567c4f5c4312e4c0e4a5092052b9046b54718d930d2642a7
4026531900;3766484921;1504;4026531968;0;1509;2147483844;3;15171619;3766484920;0;2147483848;0;e07fffb800000000800000c800;2ffc2aad24cb79086aee47002fcb5f02d8bb0f436a2feda0b61de2d10f67ef92
4026531872;3766484880;1176;3766484860;21;1498;2147483848;0;4274268035;4026531900;21;2147483852;0;f000003c00000015800000cc00;30dee7117f32026c56ae16c5fe8025fa99d151ba4afc79d0efa9f97cedb930ec
4026531900;21;1511;0;0;0;2147483852;0;1542035;4026531900;22;2147483856;0;f000003c00000016800000d000;a9db01df2b215c552feff33e2d8fd3d0ed2ace75aba557394e50c04a08a544c5
4026531872;3766484880;1176;4026531900;22;1512;2147483856;0;4277413411;3766484860;22;2147483860;0;e07fff7c00000016800000d400;8091ebbcdf1e204a45c0acd22603515cb89ac3ff44baa8eee853e5a770b03f32
4026531872;3766484880;1176;3766484860;22;1513;2147483860;0;4274267907;4026531896;22;2147483864;0;f000003800000016800000d800;45d566032a15ee9d8e6ad1a910198d23cca1cdc45716b54540cd8a439120087a
4026531872;3766484880;1176;3766484836;70;1179;2147483864;0;4249102211;4026531900;70;2147483868;0;f000003c00000046800000dc00;f38f3993a693aa1071f99c61c9fbb19f59f8e5f876689d0f5ca5ddf56398ee94
4026531896;22;1514;4026531900;70;1515;2147483868;0;4244073187;0;0;2147483824;0;0000000000000000800000b000;2b8c44cc2b4ddd2e437507dfb783f01e82c106ff40f7d9803ce85d2265643635
4026531872;3766484880;1176;3766484856;3766484900;1181;2147483824;0;4270073603;4026531896;3766484900;2147483828;0;f0000038e07fffa4800000b400;fc2f3cc4d8ef0923174d2996eb4549f4f6b7fa1cf1247c361a765fb60b0a47a4
4026531872;3766484880;1176;3766484860;22;1513;2147483828;0;4274268035;4026531900;22;2147483832;0;f000003c00000016800000b800;4a3eed4de70b78878ba70e1d59adde5ec68d2cda9108fc34dbfa5c52cfb33803
4026531896;3766484900;1517;4026531900;22;1518;2147483832;0;16189363;4026531900;3766484922;2147483836;0;f000003ce07fffba800000bc00;82136246a3e97fc54a21ebf05b53db072c67836e258459096a3c0891a26cb4ad
4026531872;3766484880;1176;3766484840;0;1178;2147483836;0;4253296387;4026531896;0;2147483840;0;f000003800000000800000c000;ff0edac1d078a39e20b3a152b1de7c110c3b63d570e7e4dafb7a262f1ef81940
4026531896;0;1520;0;0;0;2147483840;0;267876115;4026531896;0;2147483844;0;f000003800000000800000c400;d5548a2a77a3b9e104c98681186c1579ec544e482646f88ce339f704e3b63118
4026531900;3766484922;1519;3766484920;0;1510;2147483844;0;15171619;4026531968;0;2147483844;1;f000008000000000800000c401;dfc437ea7de2bb902a50c3c8b9a6ed47ed3b4c277faa8b193d5849563a690bf5
4026531900;3766484922;1519;4026531896;0;1521;2147483844;1;15171619;4026531972;0;2147483844;2;f000008400000000800000c402;b32802f8fae9fc5e6bd5601ea6292fb1c517c72e5c1fbcfea6caaaf63a7a21e7
4026531968;0;1522;4026531972;0;1523;2147483844;2;15171619;4026531968;0;2147483844;3;f000008000000000800000c403;31670baca22bbcf158281b064fb75ace273c5bea2a211747c5ff91878ae63e1c
4026531900;3766484922;1519;4026531968;0;1524;2147483844;3;15171619;3766484920;0;2147483848;0;e07fffb800000000800000c800;4d52ce9aa2e9904a6847187a1787df078db6747113ccd4fad9eb662c2a82ea95
4026531872;3766484880;1176;3766484860;22;1513;2147483848;0;4274268035;4026531900;22;2147483852;0;f000003c00000016800000cc00;3b20926a46a87d91b6c3d877642898760c45b69be21cff51d9f15902d7566ea8
4026531900;22;1526;0;0;0;2147483852;0;1542035;4026531900;23;2147483856;0;f000003c00000017800000d000;4a9f595d6b46be8507eed13865de6f150b3ec63788191cd8d037a931ef9cf4d7
4026531872;3766484880;1176;4026531900;23;1527;2147483856;0;4277413411;3766484860;23;2147483860;0;e07fff7c00000017800000d400;970e63b7329447dd29be253f5b0d79b6de63313a8a6723546832d653736d6e89
4026531872;3766484880;1176;3766484860;23;1528;2147483860;0;4274267907;4026531896;23;2147483864;0;f000003800000017800000d800;a8e07bbe11d617bd4da264e8f58ad573dc9747f75ef3ac8c91c59cc10d9d759c
4026531872;3766484880;1176;3766484836;70;1179;2147483864;0;4249102211;4026531900;70;2147483868;0;f000003c00000046800000dc00;7eba1729aa438472abc0cc4e9c07e4b06ad8283b72b4babea6778addc3f3a076
4026531896;23;1529;4026531900;70;1530;2147483868;0;4244073187;0;0;2147483824;0;0000000000000000800000b000;635cb0d4384485b4fefc675620576284f9d77dd98dea5478de796bdd42451254
4026531872;3766484880;1176;3766484856;3766484900;1181;2147483824;0;4270073603;4026531896;3766484900;2147483828;0;f0000038e07fffa4800000b400;62ee4e890dc1ba288f76a67f2309bee390d63dc011ec1eeba8e3bbda31a9ce38
4026531872;3766484880;1176;3766484860;23;1528;2147483828;0;4274268035;4026531900;23;2147483832;0;f000003c00000017800000b800;97ab92c8d7c0d7fc438ba833d196de7211106fa4b8e3a4069bd5ad1cad740291
4026531896;3766484900;1532;4026531900;23;1533;2147483832;0;16189363;4026531900;3766484923;2147483836;0;f000003ce07fffbb800000bc00;0ad1b0675eda2f38d06cb0c91a3f433516b0e8c25ed9c3c5f1ba5a38b7f7574b
4026531872;3766484880;1176;3766484840;0;1178;2147483836;0;4253296387;4026531896;0;2147483840;0;f000003800000000800000c000;cc3f327429f220f20aab3c43b68e8ca40121f1209f1547f25abf03c61212812c
4026531896;0;1535;0;0;0;2147483840;0;267876115;4026531896;0;2147483844;0;f000003800000000800000c400;bface7528ac7900737b035ab7c698708177ff6b391b97bfc66e17659021fac56
4026531900;3766484923;1534;3766484920;0;1525;2147483844;0;15171619;4026531968;0;2147483844;1;f000008000000000800000c401;14927323e2da80e1fc9591d813d53d6fc73c08afd8592c3b231609f9deb8b78d
4026531900;3766484923;1534;4026531896;0;1536;2147483844;1;15171619;4026531972;0;2147483844;2;f000008400000000800000c402;5b8dfc37b7a6fbce473c39939bc2caf8115ef699b2f4dbf72c103f1030f9c08f
4026531968;0;1537;4026531972;0;1538;2147483844;2;15171619;4026531968;0;2147483844;3;f000008000000000800000c403;968c55f739067a20bdfc5013c8c148c8f76c89cb960b4fb51cf9c6087882b3e9
4026531900;3766484923;1534;4026531968;0;1539;2147483844;3;15171619;3766484920;0;2147483848;0;e07fffb800000000800000c800;b92e0be96a56a5f53caa4f6c91002e62e972a5b54fd67e06901f5198dc94ca9e
4026531872;3766484880;1176;3766484860;23;1528;2147483848;0;4274268035;4026531900;23;2147483852;0;f000003c00000017800000cc00;9ed8c3e76617f75427316b6a6fcc0d0654aacb677c48fed0dcc9d2a8f944ec97
4026531900;23;1541;0;0;0;2147483852;0;1542035;4026531900;24;2147483856;0;f000003c00000018800000d000;10bc59abc622e6cdcfeee2c02b310466118cf3fff0c97edd50045f7b66109ee5
4026531872;3766484880;1176;4026531900;24;1542;2147483856;0;4277413411;3766484860;24;2147483860;0;e07fff7c00000018800000d400;9ebdec831d440621cc63b2416b48fae5836194e0b78d8695bb774a0d00efbaec
4026531872;3766484880;1176;3766484860;24;1543;2147483860;0;4274267907;4026531896;24;2147483864;0;f000003800000018800000d800;429de3c30e4098195f04df0a850ff3ce4f66abb772bf7991f8c4d86454e1749f
4026531872;3766484880;1176;3766484836;70;1179;2147483864;0;4249102211;4026531900;70;2147483868;0;f000003c00000046800000dc00;4054f19aecf47d166850ad09992414d84c2da9860329dfdcdf0e56c333fb2ac4
4026531896;24;1544;4026531900;70;1545;2147483868;0;4244073187;0;0;2147483824;0;0000000000000000800000b000;94ff11e9b11c536194f646bf2de8f87449bef85177cbdf1fe296d14845f4f8d9
4026531872;3766484880;1176;3766484856;3766484900;1181;2147483824;0;4270073603;4026531896;3766484900;2147483828;0;f0000038e07fffa4800000b400;18a4fb70fbc19643714401d89bc036f39f3b46eb728276d982c27cea57373621
4026531872;3766484880;1176;3766484860;24;1543;2147483828;0;4274268035;4026531900;24;2147483832;0;f000003c00000018800000b800;865e9e38b777abdc114119a23aa377ab241505a5a81ab78138e3584b84850506
4026531896;3766484900;1547;4026531900;24;1548;2147483832;0;16189363;4026531900;3766484924;2147483836;0;f000003ce07fffbc800000bc00;6396d348ce16324c38eff2a468e8f9d18616f5c9c165768ea61fd5ba900e3055
4026531872;3766484880;1176;3766484840;0;1178;2147483836;0;4253296387;4026531896;0;2147483840;0;f000003800000000800000c000;ab987225037d960bab63a6356934ea54c1e0a9858919b066ffea5883492978f9
4026531896;0;1550;0;0;0;2147483840;0;267876115;4026531896;0;2147483844;0;f000003800000000800000c400;b7b1962346bc95b5e47a9cec67700a04b60ef44baf48b621d846f309478490e8
4026531900;3766484924;1549;3766484924;0;441;2147483844;0;15171619;4026531968;0;2147483844;1;f000008000000000800000c401;c52d7bc79269eca90c74d9a3b22952be9028bb047aad802a1dddb8db86b7b984
4026531900;3766484924;1549;4026531896;0;1551;2147483844;1;15171619;4026531972;0;2147483844;2;f000008400000000800000c402;c2af4a25c1a85d87a487c1fff354caef5a3f19c681a978aec1f4c03514f48fd4
4026531968;0;1552;4026531972;0;1553;2147483844;2;15171619;4026531968;0;2147483844;3;f000008000000000800000c403;c105e83c9d980390f76a0652a4cddf44e56650e0aab27c2976c418af94980482
4026531900;3766484924;1549;4026531968;0;1554;2147483844;3;15171619;3766484924;0;2147483848;0;e07fffbc00000000800000c800;2b396b19a1fecccaf711ddb7697d58a31b5468b4b5633d28d154d0cb35246bdc
4026531872;3766484880;1176;3766484860;24;1543;2147483848;0;4274268035;4026531900;24;2147483852;0;f000003c00000018800000cc00;e19190db8302c08b7dddb5b86993439d244f75e29fdaf81d3956d76443016b0f
4026531900;24;1556;0;0;0;2147483852;0;1542035;4026531900;25;2147483856;0;f000003c00000019800000d000;2c76ef686e279802b646e0435d07cf42bf7c481c7e971c8c7f8c539ea699a7b6
4026531872;3766484880;1176;4026531900;25;1557;2147483856;0;4277413411;3766484860;25;2147483860;0;e07fff7c00000019800000d400;9ca39ffe46e13f6672b416d6b5339c2560988f70b9915c600e58feb06cedf546
4026531872;3766484880;1176;3766484860;25;1558;2147483860;0;4274267907;4026531896;25;2147483864;0;f000003800000019800000d800;797f7777e632d0345c65787bcc11602655d77300a76de3d7a8c3574287567c04
4026531872;3766484880;1176;3766484836;70;1179;2147483864;0;4249102211;4026531900;70;2147483868;0;f000003c00000046800000dc00;e4804c9d24a7bb743dee073ec05a744a0f6b297b4b8ebd6218d3e27fd3e07bf4
4026531896;25;1559;4026531900;70;1560;2147483868;0;4244073187;0;0;2147483824;0;0000000000000000800000b000;9decd2152c75b79fef8b7761d29f3c000bec63b49e064f677db9e37ba43ed5e7
4026531872;3766484880;1176;3766484856;3766484900;1181;2147483824;0;4270073603;4026531896;3766484900;2147483828;0;f0000038e07fffa4800000b400;8b4e256e2b2ef9b8d28c0f1dc4303538f05dfd3124526e0ad690bb54190cfe38
4026531872;3766484880;1176;3766484860;25;1558;2147483828;0;4274268035;4026531900;25;2147483832;0;f000003c00000019800000b800;0e4e5bd64097a44336f1cbf97223ab87185fac310343fb24680dd0b878357c14
4026531896;3766484900;1562;4026531900;25;1563;2147483832;0;16189363;4026531900;3766484925;2147483836;0;f000003ce07fffbd800000bc00;1b0aedc37297b20c5e03972c3962d71d67c89554cac9d8a25d8275373c58786f
4026531872;3766484880;1176;3766484840;0;1178;2147483836;0;4253296387;4026531896;0;2147483840;0;f000003800000000800000c000;e88d2237ddbaa42229501df0c1a03877be3143b49c6f2d6f679c8e197ed83234
4026531896;0;1565;0;0;0;2147483840;0;267876115;4026531896;0;2147483844;0;f000003800000000800000c400;d2b0d9ae90ac10c2489bea17e00435097fad325b02d563dbd475cd7efe42f04a
4026531900;3766484925;1564;3766484924;0;1555;2147483844;0;15171619;4026531968;0;2147483844;1;f000008000000000800000c401;9ddcec0d7a0e75d9c877b38c1e49b0aec9f4bc8e784801fda76b735d68ac30c6
4026531900;3766484925;1564;4026531896;0;1566;2147483844;1;15171619;4026531972;0;2147483844;2;f000008400000000800000c402;8a0212a0ab80bdcde3e48eb961bd625b1458d0021f8321905546790ab45bd666
4026531968;0;1567;4026531972;0;1568;2147483844;2;15171619;4026531968;0;2147483844;3;f000008000000000800000c403;57e7dc5e55c708ad336510e4ccba37732a9d0804d7b1add82c507c55fee12ee9
4026531900;3766484925;1564;4026531968;0;1569;2147483844;3;15171619;3766484924;0;2147483848;0;e07fffbc00000000800000c800;b7a621e9f93e5b889507312baf3e508d32f5470f1a32057d5559edcb15092495
4026531872;3766484880;1176;3766484860;25;1558;2147483848;0;4274268035;4026531900;25;2147483852;0;f000003c00000019800000cc00;64c00b36d18ac7ebb8e809307bb29bd3a007eab608c373293d23f4ffad987abb
4026531900;25;1571;0;0;0;2147483852;0;1542035;4026531900;26;2147483856;0;f000003c0000001a800000d000;a34c3886d7c5ce744b076be1a5db17c8e16de6f93f03a8e915d497a9ebae69c9
4026531872;3766484880;1176;4026531900;26;1572;2147483856;0;4277413411;3766484860;26;2147483860;0;e07fff7c0000001a800000d400;ad1714fa4faa489ec95feea81c3485debdd4b89a9e74d84f2485dffaaa569ade
4026531872;3766484880;1176;3766484860;26;1573;2147483860;0;4274267907;4026531896;26;2147483864;0;f00000380000001a800000d800;2eebf9b3ad03f6a633f10280bfe64694e621b2a18afad29a4aa2809598947b9f
4026531872;3766484880;1176;3766484836;70;1179;2147483864;0;4249102211;4026531900;70;2147483868;0;f000003c00000046800000dc00;0e4f94867c6752818742ec4df913061ba138c6b85226ef3f9bf0910f5208244c
4026531896;26;1574;4026531900;70;1575;2147483868;0;4244073187;0;0;2147483824;0;0000000000000000800000b000;5b7b83f1ffa3f21c002652f12b2bee7078f4e56ddce34cfb19a535cebc7ed33f
4026531872;3766484880;1176;3766484856;3766484900;1181;2147483824;0;4270073603;4026531896;3766484900;2147483828;0;f0000038e07fffa4800000b400;cf948fed290f6cfbbfaeaf3b14da8daff37e6b97d086b01912abfc891f0e82d7
4026531872;3766484880;1176;3766484860;26;1573;2147483828;0;4274268035;4026531900;26;2147483832;0;f000003c0000001a800000b800;8169d5135c0228475f04b00196587a040bef605fb4aa2eecc109cecc9062eefa
4026531896;3766484900;1577;4026531900;26;1578;2147483832;0;16189363;4026531900;3766484926;2147483836;0;f000003ce07fffbe800000bc00;0f4c51781bc25bbaa6a55f955c92aff65621f442e3e1808ae98387abb742a3d8
4026531872;3766484880;1176;3766484840;0;1178;2147483836;0;4253296387;4026531896;0;2147483840;0;f000003800000000800000c000;41f1cc570d6672cf5b53d753d3f8ee804c3be7cdaf14d8ce2133ef79a6e20a54
4026531896;0;1580;0;0;0;2147483840;0;267876115;4026531896;0;2147483844;0;f000003800000000800000c400;a0510c04376377da2d12cf21f5ccca1202dcb08f3fb7894c43b130f5ee9d596b
4026531900;3766484926;1579;3766484924;0;1570;2147483844;0;15171619;4026531968;0;2147483844;1;f000008000000000800000c401;208e80c5b5fb01bb60d779d67a8d7f799df72e787bcc50f1abe1bc933e0a6801
4026531900;3766484926;1579;4026531896;0;1581;2147483844;1;15171619;4026531972;0;2147483844;2;f000008400000000800000c402;a77d032d0c82c7bc84b96e8376276b8b9b1995b4ab272c3b6e7b55eb943668a3
4026531968;0;1582;4026531972;0;1583;2147483844;2;15171619;4026531968;0;2147483844;3;f000008000000000800000c403;e1e7a71fbfc773885008f25f7f705997d8e224dc2019758996aacedc9b3a04c9
4026531900;3766484926;1579;4026531968;0;1584;2147483844;3;15171619;3766484924;0;2147483848;0;e07fffbc00000000800000c800;28f03025d14792034ede6cf6f9be34fe0b18c5c54fe29bdc72576bd15d15f4d3
4026531872;3766484880;1176;3766484860;26;1573;2147483848;0;4274268035;4026531900;26;2147483852;0;f000003c0000001a800000cc00;741db15a1c1c3f707200428a699b6fc5fd172c269a8a00d39c6ce9d4d4c22497
4026531900;26;1586;0;0;0;2147483852;0;1542035;4026531900;27;2147483856;0;f000003c0000001b800000d000;5bf629425dc9ba8fea7d1f304cf3845f21efec288fdc6cbffca1389697a581bb
4026531872;3766484880;1176;4026531900;27;1587;2147483856;0;4277413411;3766484860;27;2147483860;0;e07fff7c0000001b800000d400;3ce51647cdd1dcf8c961d63cb2986bac3dcf60a3c96b97503b71c88aa7f177e7
4026531872;3766484880;1176;3766484860;27;1588;2147483860;0;4274267907;4026531896;27;2147483864;0;f00000380000001b800000d800;79af914d3bdaa7bfe3db21d3096e4cb4b48f2e4bd36dfa313001e7aa39bc7630
4026531872;3766484880;1176;3766484836;70;1179;2147483864;0;4249102211;4026531900;70;2147483868;0;f000003c00000046800000dc00;3dbd58eea7f6dfbdd5d6e10dd126b1ae34fff3d0f0a87a50b632029135e1b6c7
4026531896;27;1589;4026531900;70;1590;2147483868;0;4244073187;0;0;2147483824;0;0000000000000000800000b000;949b6b9d1cd135e4a205e2e1aa8469b321fe16681e916a76a2897c965f0f0b33
4026531872;3766484880;1176;3766484856;3766484900;1181;2147483824;0;4270073603;4026531896;3766484900;2147483828;0;f0000038e07fffa4800000b400;ea64c394f290345f8a125c87eaef56794636c5bbae5acd430862f264b123f9d0
4026531872;3766484880;1176;3766484860;27;1588;2147483828;0;4274268035;4026531900;27;2147483832;0;f000003c0000001b800000b800;edfbf4122a50fee1b14f5e4dff3e46f111798484dade1b4d0d00ac054a17ada5
4026531896;3766484900;1592;4026531900;27;1593;2147483832;0;16189363;4026531900;3766484927;2147483836;0;f000003ce07fffbf800000bc00;ac51af05b1076e4e09c209df264a5bf02f5cf4e8744b2147e57ecb699a8aa6ec
4026531872;3766484880;1176;3766484840;0;1178;2147483836;0;4253296387;4026531896;0;2147483840;0;f000003800000000800000c000;63779cad45c6794f6c74dc3cf9c907fbdfccd52ad2c6fcdfc8df1b4cc5d07f08
4026531896;0;1595;0;0;0;2147483840;0;267876115;4026531896;0;2147483844;0;f000003800000000800000c400;cea6711ecd9288816380fbb620ac191ffbc395ecb83134d445b26893501e8369
4026531900;3766484927;1594;3766484924;0;1585;2147483844;0;15171619;4026531968;0;2147483844;1;f000008000000000800000c401;2d6fad61fd6daa695117098cfaf7805fc386551ae136cd6405a2caac22f2ec4d
4026531900;3766484927;1594;4026531896;0;1596;2147483844;1;15171619;4026531972;0;2147483844;2;f000008400000000800000c402;e0ecf6d5cc1120ce85f37460e135eedab9e9b068ee550fffbf2b133bc7ca0b91
4026531968;0;1597;4026531972;0;1598;2147483844;2;15171619;4026531968;0;2147483844;3;f000008000000000800000c403;75a4b06e467a7db1dd50500a4e4fcb2300ef65b526a7d0672cc3062425a58612
4026531900;3766484927;1594;4026531968;0;1599;2147483844;3;15171619;3766484924;0;2147483848;0;e07fffbc00000000800000c800;7fbdaf5d2cc28ead35e06f5fdeaad125489d4eaefc7e7539a945170d76c7b967
4026531872;3766484880;1176;3766484860;27;1588;2147483848;0;4274268035;4026531900;27;2147483852;0;f000003c0000001b800000cc00;db286304823a40924c1aec1988dc8679bcc56047e00b9237b75a45151ed0afce
4026531900;27;1601;0;0;0;2147483852;0;1542035;4026531900;28;2147483856;0;f000003c0000001c800000d000;78f73417c57e2dff26c743f133ace08958f3e9d2420dcbc53e670f4c0b5194af
4026531872;3766484880;1176;4026531900;28;1602;2147483856;0;4277413411;3766484860;28;2147483860;0;e07fff7c0000001c800000d400;c7813578a0a3089eb90497dc01847b218fb3ea605fcc6f7ec998e8a1ffdea876
4026531872;3766484880;1176;3766484860;28;1603;2147483860;0;4274267907;4026531896;28;2147483864;0;f00000380000001c800000d800;0e6cd3a1275308bc020ea6f13e1a78af0e0b1c028f3a6c5571e1e0c4a52eb466
4026531872;3766484880;1176;3766484836;70;1179;2147483864;0;4249102211;4026531900;70;2147483868;0;f000003c00000046800000dc00;ff0182a9c9d838ed7c3b79d502f31b4f4e9bebdca616e408ebe2546ecddfb098
4026531896;28;1604;4026531900;70;1605;2147483868;0;4244073187;0;0;2147483824;0;0000000000000000800000b000;9cd3b7dc572ef4d0b42c95142bfff5cde2e5d149652b8129c93c6f43a854697e
4026531872;3766484880;1176;3766484856;3766484900;1181;2147483824;0;4270073603;4026531896;3766484900;2147483828;0;f0000038e07fffa4800000b400;26e2896684666aac4ebbd86534d020073956a254ff5e42104d903c0444681a1a
4026531872;3766484880;1176;3766484860;28;1603;2147483828;0;4274268035;4026531900;28;2147483832;0;f000003c0000001c800000b800;9ae69e0edd40647d8e099d2ca76b1d8cd6e8ef7778e27b727fe4f67ffd90bc20
4026531896;3766484900;1607;4026531900;28;1608;2147483832;0;16189363;4026531900;3766484928;2147483836;0;f000003ce07fffc0800000bc00;25ced116af1fe82d540471fae135d82dddc88a38292dd3f537598d872cc564d2
4026531872;3766484880;1176;3766484840;0;1178;2147483836;0;4253296387;4026531896;0;2147483840;0;f000003800000000800000c000;6861f2d59796ae94c98caba82c508f18bcd2514af5d672a4a6f3d51d52db72ea
4026531896;0;1610;0;0;0;2147483840;0;267876115;4026531896;0;2147483844;0;f000003800000000800000c400;402217b66593b62ed46e6bb1782f4c9cb2802132df962ae76bcdfe12ee85e07a
4026531900;3766484928;1609;3766484928;0;501;2147483844;0;15171619;4026531968;0;2147483844;1;f000008000000000800000c401;2ea0f1c08c473aca1a449c3fd10ea9a0f7127427cf9cbc0bbb9659fa06e31382
4026531900;3766484928;1609;4026531896;0;1611;2147483844;1;15171619;4026531972;0;2147483844;2;f000008400000000800000c402;7138324dda5d7e11bba673a07d6ac83791e923267385c3549d1bdd68c49334e3
4026531968;0;1612;4026531972;0;1613;2147483844;2;15171619;4026531968;0;2147483844;3;f000008000000000800000c403;5161f752061ac33700338addb4fb90cbe3e8d2c399f3471036e3d006d77caf62
4026531900;3766484928;1609;4026531968;0;1614;2147483844;3;15171619;3766484928;0;2147483848;0;e07fffc000000000800000c800;6e6947e1cd84d10ef14a6be11812631832f2bd60edc5b7b4e559b936e9936533
4026531872;3766484880;1176;3766484860;28;1603;2147483848;0;4274268035;4026531900;28;2147483852;0;f000003c0000001c800000cc00;d587aeef842cf0212a5d61cbeaa58ac39de2e846e7631c4d98b3f451b01a6146
4026531900;28;1616;0;0;0;2147483852;0;1542035;4026531900;29;2147483856;0;f000003c0000001d800000d000;8a6dec6450c31e25970ed6b5fee6aaa18d8d443716735389ba2f4682f9458977
4026531872;3766484880;1176;4026531900;29;1617;2147483856;0;4277413411;3766484860;29;2147483860;0;e07fff7c0000001d800000d400;98b8f155feddd46c6b126bccb12b4524da9353abf4d1778a834de8322ecfce33
4026531872;3766484880;1176;3766484860;29;1618;2147483860;0;4274267907;4026531896;29;2147483864;0;f00000380000001d800000d800;31816eb8bb140a3923672c027633aad66037dec1980387be1b8e2216db1e0f54
4026531872;3766484880;1176;3766484836;70;1179;2147483864;0;4249102211;4026531900;70;2147483868;0;f000003c00000046800000dc00;a89d42f1d6e4e544d2d08a7ae83b4409595259d998fa76459b4c59a53eb72431
4026531896;29;1619;4026531900;70;1620;2147483868;0;4244073187;0;0;2147483824;0;0000000000000000800000b000;2c00a4e0990d4fac06add2dea02a5da25111b46c1702b963d498cf1652f64d55
4026531872;3766484880;1176;3766484856;3766484900;1181;2147483824;0;4270073603;4026531896;3766484900;2147483828;0;f0000038e07fffa4800000b400;abc23e836c7206f889ca902303da47a5e6dbc1e56bd9382b4257a94d8b97ec52
4026531872;3766484880;1176;3766484860;29;1618;2147483828;0;4274268035;4026531900;29;2147483832;0;f000003c0000001d800000b800;989682d1724f20dbc87790a707452db117461c94f777b567be85b88c4c207356
4026531896;3766484900;1622;4026531900;29;1623;2147483832;0;16189363;4026531900;3766484929;2147483836;0;f000003ce07fffc1800000bc00;14cbff1934783ec490dc233ca712d3eba63f6dc0a023baed28642aaf42ecb9e9
4026531872;3766484880;1176;3766484840;0;1178;2147483836;0;4253296387;4026531896;0;2147483840;0;f000003800000000800000c000;6571cd9d33c109e8c58298ea711417b9991c2269d76a4a268c8fae3cd8252e8d
4026531896;0;1625;0;0;0;2147483840;0;267876115;4026531896;0;2147483844;0;f000003800000000800000c400;936a329acb5339da54e82514744700e21267c3e1095eb5ed4075fef8c9fdfd56
4026531900;3766484929;1624;3766484928;0;1615;2147483844;0;15171619;4026531968;0;2147483844;1;f000008000000000800000c401;72415f8f5893763be2aae6f701b44de7278b7a917198078f035f0d5adeeacf97
4026531900;3766484929;1624;4026531896;0;1626;2147483844;1;15171619;4026531972;0;2147483844;2;f000008400000000800000c402;4ba5843a198905eb72bfe6b8ee2e272affa22ad8b56dd354ed21d9de8e3d59fe
4026531968;0;1627;4026531972;0;1628;2147483844;2;15171619;4026531968;0;2147483844;3;f000008000000000800000c403;2230ccf599edd2b2c31da84edec1b8fbd87b3ea7a3a30ac899b61f34275ef23b
4026531900;3766484929;1624;4026531968;0;1629;2147483844;3;15171619;3766484928;0;2147483848;0;e07fffc000000000800000c800;93a69ff7321ab4f865ccefae7979516042ba459ca4deedd98c5b64974e960b4d
4026531872;3766484880;1176;3766484860;29;1618;2147483848;0;4274268035;4026531900;29;2147483852;0;f000003c0000001d800000cc00;e1a7852d14a03b549309db79d8c3691be6aead0cec34c94112cb5579033323ff
4026531900;29;1631;0;0;0;2147483852;0;1542035;4026531900;30;2147483856;0;f000003c0000001e800000d000;edebf0f5e79bf1e5ea9e20a59e6d8ad400d7fc3ccfa01684b9b2e1c7a0ed4a09
4026531872;3766484880;1176;4026531900;30;1632;2147483856;0;4277413411;3766484860;30;2147483860;0;e07fff7c0000001e800000d400;f71db913e19180b694879e879a121ea95cecd753f6b68f52ea0a32d85330722f
4026531872;3766484880;1176;3766484860;30;1633;2147483860;0;4274267907;4026531896;30;2147483864;0;f00000380000001e800000d800;ec027ea7522d6a676ef2c94f0f8329ad699073284f3f76744f4aed6a091a64f2
4026531872;3766484880;1176;3766484836;70;1179;2147483864;0;4249102211;4026531900;70;2147483868;0;f000003c00000046800000dc00;461778604fd755cbcefd694f07206f68435c979d740a060ff3fd6742f56118b3
4026531896;30;1634;4026531900;70;1635;2147483868;0;4244073187;0;0;2147483824;0;0000000000000000800000b000;8facec1274312015d1ca00b0a57e1fbf80d13856a44f5870586aa2dbdfc3d58b
4026531872;3766484880;1176;3766484856;3766484900;1181;2147483824;0;4270073603;4026531896;3766484900;2147483828;0;f0000038e07fffa4800000b400;f75914dd8cde0a8366af0131c5daaf526de27755dc533f9bafbce8de3a876d90
4026531872;3766484880;1176;3766484860;30;1633;2147483828;0;4274268035;4026531900;30;2147483832;0;f000003c0000001e800000b800;bf61e97ea22835cbbabc7eb90220015c6f3ade07fbf635d80f844973ee0e369d
4026531896;3766484900;1637;4026531900;30;1638;2147483832;0;16189363;4026531900;3766484930;2147483836;0;f000003ce07fffc2800000bc00;c52b69fa2a228da8d162b9e22acd8f4bda103d632b4fad05a9d77350c2525d50
4026531872;3766484880;1176;3766484840;0;1178;2147483836;0;4253296387;4026531896;0;2147483840;0;f000003800000000800000c000;a2503dd4f32a5d98def107f2fc856e32f57221f7e6371abfb22137b2d4e0525a
4026531896;0;1640;0;0;0;2147483840;0;267876115;4026531896;0;2147483844;0;f000003800000000800000c400;af0c8957216ed02fd3e2e7aeb05930e36fd1a2361054f40d7c8bd840779302c3
4026531900;3766484930;1639;3766484928;0;1630;2147483844;0;15171619;4026531968;0;2147483844;1;f000008000000000800000c401;a1d82c07be32e670ad201dae5339fe20cc6781af9e67fe0c92d213e58bd7c894
4026531900;3766484930;1639;4026531896;0;1641;2147483844;1;15171619;4026531972;0;2147483844;2;f000008400000000800000c402;df4393db2e508905620c93dab5da381e299450a9c3a0fcaa446f8bfff952ed5b
4026531968;0;1642;4026531972;0;1643;2147483844;2;15171619;4026531968;0;2147483844;3;f000008000000000800000c403;18d07237e0e487006785069b08b93039247351ffdb72e64f9beeb2cfb6d355aa
4026531900;3766484930;1639;4026531968;0;1644;2147483844;3;15171619;3766484928;0;2147483848;0;e07fffc000000000800000c800;b9e88259649105a9db2e695df3689aaef4bf8b798d9731291c0a5cdb3e9dc454
4026531872;3766484880;1176;3766484860;30;1633;2147483848;0;4274268035;4026531900;30;2147483852;0;f000003c0000001e800000cc00;59044654eb15f487925a78dbd275209c4851293d5aca85edc2962b88cd4510ba
4026531900;30;1646;0;0;0;2147483852;0;1542035;4026531900;31;2147483856;0;f000003c0000001f800000d000;14c11f4e7b8aa5367306a48173b45813f65805693729f9c8eadbf69208623c20
4026531872;3766484880;1176;4026531900;31;1647;2147483856;0;4277413411;3766484860;31;2147483860;0;e07fff7c0000001f800000d400;69c00b85cf6919277f9889845cc2a008c9b46c324dbbcec4adb93329e85144c6
4026531872;3766484880;1176;3766484860;31;1648;2147483860;0;4274267907;4026531896;31;2147483864;0;f00000380000001f800000d800;dc3a245a0e6057582ce9345b71673f50a6c4e444fbffe445736fac25708d4b01
4026531872;3766484880;1176;3766484836;70;1179;2147483864;0;4249102211;4026531900;70;2147483868;0;f000003c00000046800000dc00;cfc33f6eb1de491cd5223fe5e83ae6c1903e5ea6c261e19d7b859da8ab77b6a3
4026531896;31;1649;4026531900;70;1650;2147483868;0;4244073187;0;0;2147483824;0;0000000000000000800000b000;804a668d6825902a7c17c71e2c9ecee22cccfc31c2f4c3df98c3ab867ee3332e
4026531872;3766484880;1176;3766484856;3766484900;1181;2147483824;0;4270073603;4026531896;3766484900;2147483828;0;f0000038e07fffa4800000b400;f66d500bb3e787d44e3dd1691e89a3cf27d9e011e548088fabb768e39142e361
4026531872;3766484880;1176;3766484860;31;1648;2147483828;0;4274268035;4026531900;31;2147483832;0;f000003c0000001f800000b800;e621a09e9fc1010cf29def4b63676c68ddb6450116cce482087b8a97a220474c
4026531896;3766484900;1652;4026531900;31;1653;2147483832;0;16189363;4026531900;3766484931;2147483836;0;f000003ce07fffc3800000bc00;9ef5e4a0561ec2e9c417ae8693e489003dfe61f7834e5cc752bbd4498087f46e
4026531872;3766484880;1176;3766484840;0;1178;2147483836;0;4253296387;4026531896;0;2147483840;0;f000003800000000800000c000;ff032d5560a6448f61684587ef6c45b005cef1af6972b860e5e617bf862340db
4026531896;0;1655;0;0;0;2147483840;0;267876115;4026531896;0;2147483844;0;f000003800000000800000c400;7d201d4cd7ea4f03a7d4e0941763607a7d49aad8b2b16ae4165db710202edeab
4026531900;3766484931;1654;3766484928;0;1645;2147483844;0;15171619;4026531968;0;2147483844;1;f000008000000000800000c401;a7990014c34654aa8130ed0110e2482f6b4d77d1085274294a004b7b01a60b45
4026531900;3766484931;1654;4026531896;0;1656;2147483844;1;15171619;4026531972;0;2147483844;2;f000008400000000800000c402;108d2859dde81d0da6ead58d45dbb131deefb7764db97c32a6709ee29cfbee58
4026531968;0;1657;4026531972;0;1658;2147483844;2;15171619;4026531968;0;2147483844;3;f000008000000000800000c403;e7af066ab35e130cb112e5aaab35b8e03fc6ff0d4e0538317a72d0309b39f6c5
4026531900;3766484931;1654;4026531968;0;1659;2147483844;3;15171619;3766484928;0;2147483848;0;e07fffc000000000800000c800;fdf8f1b1402f09d942c91899f5fd1db17ad1b193d24326d6a3fee5c06a38be40
4026531872;3766484880;1176;3766484860;31;1648;2147483848;0;4274268035;4026531900;31;2147483852;0;f000003c0000001f800000cc00;04ba6b3b15d0020effd872d054768c51b84e0fe674bb113bbcfe403b360f440e
4026531900;31;1661;0;0;0;2147483852;0;1542035;4026531900;32;2147483856;0;f000003c00000020800000d000;1e03b7ec3810ffcf549fe968595987206fb8b4ca7d04cbfe44d7d03619e568ca
4026531872;3766484880;1176;4026531900;32;1662;2147483856;0;4277413411;3766484860;32;2147483860;0;e07fff7c00000020800000d400;5b1197bfe5f6a49087dba2325a635361ce4fb6a18c7f7d6f310fa377570d69c8
4026531872;3766484880;1176;3766484860;32;1663;2147483860;0;4274267907;4026531896;32;2147483864;0;f000003800000020800000d800;29188fa09ba55e764bb14c45fea289b517a1e1b51fa10a9d31a44973caebfe29
4026531872;3766484880;1176;3766484836;70;1179;2147483864;0;4249102211;4026531900;70;2147483868;0;f000003c00000046800000dc00;4f796f791907ac17e79837fc3d72f565fc7d95f6267b86151d85a2c53b2a4b02
4026531896;32;1664;4026531900;70;1665;2147483868;0;4244073187;0;0;2147483824;0;0000000000000000800000b000;01a4d8ffbc74872796b2eb50c84499e7fa27e79474dddf50ef4dd9986c1ee207
4026531872;3766484880;1176;3766484856;3766484900;1181;2147483824;0;4270073603;4026531896;3766484900;2147483828;0;f0000038e07fffa4800000b400;84eb71f82f302a98738f52c7c9d569d46dcfae121d51d16693997dbd551fdf55
4026531872;3766484880;1176;3766484860;32;1663;2147483828;0;4274268035;4026531900;32;2147483832;0;f000003c00000020800000b800;886dc087f97e7bc371fa83afd199bdeefc63ca61784c296c27d9970697e62e8a
4026531896;3766484900;1667;4026531900;32;1668;2147483832;0;16189363;4026531900;3766484932;2147483836;0;f000003ce07fffc4800000bc00;ad707dd79e990e180b6f626e5b8b20523b4154a9a80ecb57fad2180f7b4d2832
4026531872;3766484880;1176;3766484840;0;1178;2147483836;0;4253296387;4026531896;0;2147483840;0;f000003800000000800000c000;b0799e4c78081fe80ae1cfae7eb126712882fef7f6f64f85422e7f761f21995b
4026531896;0;1670;0;0;0;2147483840;0;267876115;4026531896;0;2147483844;0;f000003800000000800000c400;766abe4ac6e12329f8f8534c1b3f278309202269621af4a2fb1f22030cd9fab3
4026531900;3766484932;1669;3766484932;0;561;2147483844;0;15171619;4026531968;0;2147483844;1;f000008000000000800000c401;3f8d0391649633f9d24b2a2260863f086e194955cfa82c8be087f0bd05ea091b
4026531900;3766484932;1669;4026531896;0;1671;2147483844;1;15171619;4026531972;0;2147483844;2;f000008400000000800000c402;a351285cd8ef994184f5f21cf1fd8291a81b8d648db3067508a6c20828f4177b
4026531968;0;1672;4026531972;0;1673;2147483844;2;15171619;4026531968;0;2147483844;3;f000008000000000800000c403;606d06a4f86bee51cad40b33b0e5204f772e089d0475c2e26871963828617c9e
4026531900;3766484932;1669;4026531968;0;1674;2147483844;3;15171619;3766484932;0;2147483848;0;e07fffc400000000800000c800;6d4a0480bd69d7f20e5d77918c3995e9e42fd2b4e0faef7d0aecfca7729b99aa
4026531872;3766484880;1176;3766484860;32;1663;2147483848;0;4274268035;4026531900;32;2147483852;0;f000003c00000020800000cc00;61b3227045edbde96df6879ceb0dedaac2ee27125f6610093a85d760219dc79b
4026531900;32;1676;0;0;0;2147483852;0;1542035;4026531900;33;2147483856;0;f000003c00000021800000d000;5ab3a20d46abb5b1c3dd75493aaf8fc56d6e29a53d9589b272e4bc7796112e83
4026531872;3766484880;1176;4026531900;33;1677;2147483856;0;4277413411;3766484860;33;2147483860;0;e07fff7c00000021800000d400;9643d1c6e868ee5fac729b60d06b10c0f3c8c44aaf76d528e9e065511c363958
4026531872;3766484880;1176;3766484860;33;1678;2147483860;0;4274267907;4026531896;33;2147483864;0;f000003800000021800000d800;931654cd8c0b13d83ffbd42512aa7f0d0d9f71fdc4cbf2292ad129823c19441e
4026531872;3766484880;1176;3766484836;70;1179;2147483864;0;4249102211;4026531900;70;2147483868;0;f000003c00000046800000dc00;c5c8c76c1c2211cfb94e3f4915ffd7d7659d75fd4bc46baad1c0b4a6ae1a135f
4026531896;33;1679;4026531900;70;1680;2147483868;0;4244073187;0;0;2147483824;0;0000000000000000800000b000;a43ff45baceac974b11aa11de2872517a22f289d6de1f25a891e3a64f94ef743
4026531872;3766484880;1176;3766484856;3766484900;1181;2147483824;0;4270073603;4026531896;3766484900;2147483828;0;f0000038e07fffa4800000b400;d91ce8d31eecafce720c6ec6780ad3eba6baee60f9d66a513c4df2e246b63ea1
4026531872;3766484880;1176;3766484860;33;1678;2147483828;0;4274268035;4026531900;33;2147483832;0;f000003c00000021800000b800;23547b1f0cb7a930f4d149ddcc72f05140b37d89465027516355cf1270c6e06c
4026531896;3766484900;1682;4026531900;33;1683;2147483832;0;16189363;4026531900;3766484933;2147483836;0;f000003ce07fffc5800000bc00;021ed61864fe2c73cc446b23d34f34d81c917eafa242e5063094fb0bda40d5db
4026531872;3766484880;1176;3766484840;0;1178;2147483836;0;4253296387;4026531896;0;2147483840;0;f000003800000000800000c000;cc3c0b96be560f8a83b5b79e6dbc55ef1b819d72bc789c71f5231e3f16619d5b
4026531896;0;1685;0;0;0;2147483840;0;267876115;4026531896;0;2147483844;0;f000003800000000800000c400;077afe85a96c74537c6d8dcd56b14bb07c89071776b69546958905b503c48eae
4026531900;3766484933;1684;3766484932;0;1675;2147483844;0;15171619;4026531968;0;2147483844;1;f000008000000000800000c401;7688d5581c2f4697be1d44cbb94b29d62fac9e7d7d0dda7f4565c404b0f5d570
4026531900;3766484933;1684;4026531896;0;1686;2147483844;1;15171619;4026531972;0;2147483844;2;f000008400000000800000c402;9f79f529e2a1a70c75ea5875a0fc65259e19a81069d40a95b9850c717c9fa1bb
4026531968;0;1687;4026531972;0;1688;2147483844;2;15171619;4026531968;0;2147483844;3;f000008000000000800000c403;be694b2fdec68727ee2997ac1cd29f11c53c67c86103116552201d1bf496ff25
4026531900;3766484933;1684;4026531968;0;1689;2147483844;3;15171619;3766484932;0;2147483848;0;e07fffc400000000800000c800;eeac084cf4a078c60a5129cd092bd8399ab06653311be3dbc3e9998ebe7aa05b
4026531872;3766484880;1176;3766484860;33;1678;2147483848;0;4274268035;4026531900;33;2147483852;0;f000003c00000021800000cc00;077afe17cf03de97f40afbd45401f84ccafcec3437eb706c3339f7852f1c42ce
4026531900;33;1691;0;0;0;2147483852;0;1542035;4026531900;34;2147483856;0;f000003c00000022800000d000;4cb29fcf6d88f717dd40135d93d4a31331e1068e9e35dfd8a2e6bdbfc8364029
4026531872;3766484880;1176;4026531900;34;1692;2147483856;0;4277413411;3766484860;34;2147483860;0;e07fff7c00000022800000d400;3671545f5dff407c0c913dc39a4191116ad392fbc118b1579d4c646d073c30e9
4026531872;3766484880;1176;3766484860;34;1693;2147483860;0;4274267907;4026531896;34;2147483864;0;f000003800000022800000d800;05035866458554eb7c3bf39f2cdeba09b8b1e94b04e1166ee2e7caae25f6ae21
4026531872;3766484880;1176;3766484836;70;1179;2147483864;0;4249102211;4026531900;70;2147483868;0;f000003c00000046800000dc00;dee2b0686bb2c2ef08bd584bd2d741376d7db6989a725082290076efa7f89314
4026531896;34;1694;4026531900;70;1695;2147483868;0;4244073187;0;0;2147483824;0;0000000000000000800000b000;b79f1c73866d08c24a50f6da47a6749471aa209a79c3ed7fe22c2d027bb51372
4026531872;3766484880;1176;3766484856;3766484900;1181;2147483824;0;4270073603;4026531896;3766484900;2147483828;0;f0000038e07fffa4800000b400;91e783518a3a3c2436de6caf8f59fb778b717bca420133d52808a7d3d9c5aa5c
4026531872;3766484880;1176;3766484860;34;1693;2147483828;0;4274268035;4026531900;34;2147483832;0;f000003c00000022800000b800;de20943291e67401cad60ddf7e75f1f1fd353632bd6bf1cbe4a53124d82fcae7
4026531896;3766484900;1697;4026531900;34;1698;2147483832;0;16189363;4026531900;3766484934;2147483836;0;f000003ce07fffc6800000bc00;f5b85c88a9f56a31f8fdf1e81b55d019261851b417a25a2f584896bb393ecce3
4026531872;3766484880;1176;3766484840;0;1178;2147483836;0;4253296387;4026531896;0;2147483840;0;f000003800000000800000c000;95cb331a77174d6229bb6a6d8db95739093fca44242b5d8d8e29448c6542954d
4026531896;0;1700;0;0;0;2147483840;0;267876115;4026531896;0;2147483844;0;f000003800000000800000c400;b0a02ca4782a095d14dcace52028a8f8261192119a963e4f96c9b5c518e52517
4026531900;3766484934;1699;3766484932;0;1690;2147483844;0;15171619;4026531968;0;2147483844;1;f000008000000000800000c401;0110e3534160e7a908ed12d9d8f5587e9c033b0c4b344ebb0aedd9bee2eebdb1
4026531900;3766484934;1699;4026531896;0;1701;2147483844;1;15171619;4026531972;0;2147483844;2;f000008400000000800000c402;0edd9c8e1258fda28281d414bf182433fa36263814cb5f9ae46a4c19cff46542
4026531968;0;1702;4026531972;0;1703;2147483844;2;15171619;4026531968;0;2147483844;3;f000008000000000800000c403;4ab97f353841be332ef0709e1c5ab7600c6c097e07ecbb07ac789acb051899d2
4026531900;3766484934;1699;4026531968;0;1704;2147483844;3;15171619;3766484932;0;2147483848;0;e07fffc400000000800000c800;6a896fb5fab4add971ae3564537dcff978f423499e3fa542dc4eaa694de28cb9
4026531872;3766484880;1176;3766484860;34;1693;2147483848;0;4274268035;4026531900;34;2147483852;0;f000003c00000022800000cc00;81f8482f3e007226c0aa2d68ccccd9dc0d1f9e5fb104647b8fca26f14ed8cb52
4026531900;34;1706;0;0;0;2147483852;0;1542035;4026531900;35;2147483856;0;f000003c00000023800000d000;6d7726133e70960b348ba2100e41d989b052519d3ac248dacf2feeda9927caac
4026531872;3766484880;1176;4026531900;35;1707;2147483856;0;4277413411;3766484860;35;2147483860;0;e07fff7c00000023800000d400;3e1b5bebf3c733395269602b7beb18215aa5dae31eb7c13ff8b3a38985406323
4026531872;3766484880;1176;3766484860;35;1708;2147483860;0;4274267907;4026531896;35;2147483864;0;f000003800000023800000d800;73127d49019bdd6c062ff2c62961beffabefc9d764acbaa86435cf236cdceb53
4026531872;3766484880;1176;3766484836;70;1179;2147483864;0;4249102211;4026531900;70;2147483868;0;f000003c00000046800000dc00;367de5a47730f1da65e90e80f378e72706541981d7e560dadffe03e86f1ae0fe
4026531896;35;1709;4026531900;70;1710;2147483868;0;4244073187;0;0;2147483824;0;0000000000000000800000b000;02480479a5ade92c581238c39046aedcfdedf3c9f7479327aa714b72e8a3d268
4026531872;3766484880;1176;3766484856;3766484900;1181;2147483824;0;4270073603;4026531896;3766484900;2147483828;0;f0000038e07fffa4800000b400;285ef0d8b8f20cb96c0f06a1f534730ce312e5d0e954e1326bea9c1a2d0b0f13
4026531872;3766484880;1176;3766484860;35;1708;2147483828;0;4274268035;4026531900;35;2147483832;0;f000003c00000023800000b800;57a13ff8590a51a6506c9b5f2175a7319e7490705c432868ce7a378b1d16e2e2
4026531896;3766484900;1712;4026531900;35;1713;2147483832;0;16189363;4026531900;3766484935;2147483836;0;f000003ce07fffc7800000bc00;fa6da74aacd5b7ef9f0bf44880e2968ff2584200ad3e02834931b32a3db8d5d0
4026531872;3766484880;1176;3766484840;0;1178;2147483836;0;4253296387;4026531896;0;2147483840;0;f000003800000000800000c000;3b24e68f8469d6129057b4757a926573b0692f985e9b95af01a0b308700f7aff
4026531896;0;1715;0;0;0;2147483840;0;267876115;4026531896;0;2147483844;0;f000003800000000800000c400;8b013b86ea484d9c12164895ddf365e67ce1e44c4fedb0bedee404c4558ef70b
4026531900;3766484935;1714;3766484932;0;1705;2147483844;0;15171619;4026531968;0;2147483844;1;f000008000000000800000c401;66a8ca74643413bcccb1cbe86021c7df72883b91abadf224635f3ee981aecbdb
4026531900;3766484935;1714;4026531896;0;1716;2147483844;1;15171619;4026531972;0;2147483844;2;f000008400000000800000c402;bdada8734c850de6c628b005dc442cf40ecb52289fe78366534679c3c4cf7b65
4026531968;0;1717;4026531972;0;1718;2147483844;2;15171619;4026531968;0;2147483844;3;f000008000000000800000c403;04d93d568a23f8195b0cf820031f78f60f285a84da4f7a38279ae179a434d6fe
4026531900;3766484935;1714;4026531968;0;1719;2147483844;3;15171619;3766484932;0;2147483848;0;e07fffc400000000800000c800;f4828d4b2a399ac1d899533347c709b8290441b32bc1e5fa405c0945db7cb62d
4026531872;3766484880;1176;3766484860;35;1708;2147483848;0;4274268035;4026531900;35;2147483852;0;f000003c00000023800000cc00;50a19b3a7cbf8227b41b6eae54129b2a01822525ff09ec29116359b98722d2c0
4026531900;35;1721;0;0;0;2147483852;0;1542035;4026531900;36;2147483856;0;f000003c00000024800000d000;fd24a542139e82e5a831d620b89725a97f70421b4764d7c6efa5defea187aab4
4026531872;3766484880;1176;4026531900;36;1722;2147483856;0;4277413411;3766484860;36;2147483860;0;e07fff7c00000024800000d400;d1813fa61dd6eb080cb12e6f31b5e9e0334f3b9ac8ee1ded1126ae2b1ec6c613
4026531872;3766484880;1176;3766484860;36;1723;2147483860;0;4274267907;4026531896;36;2147483864;0;f000003800000024800000d800;5e450c675ca14b343223c160dfde6f8b4b824c760bb4cb8ec3422866299682c2
4026531872;3766484880;1176;3766484836;70;1179;2147483864;0;4249102211;4026531900;70;2147483868;0;f000003c00000046800000dc00;0285c25c61c398cbdda4c0df889b26adfe97fa874885eba59c0a9289b429a69c
4026531896;36;1724;4026531900;70;1725;2147483868;0;4244073187;0;0;2147483824;0;0000000000000000800000b000;161fefeee5ae193124bcfbc99c6b6cbcc84e47d9605ad0b1a108d63d16c82ca3
4026531872;3766484880;1176;3766484856;3766484900;1181;2147483824;0;4270073603;4026531896;3766484900;2147483828;0;f0000038e07fffa4800000b400;334969228418b4b4d6e8c6439764b0d2602449b9581900e4e9e832eb50fd9dee
4026531872;3766484880;1176;3766484860;36;1723;2147483828;0;4274268035;4026531900;36;2147483832;0;f000003c00000024800000b800;1cfcb144a11291e58015838470c574e671432161e44ed7fbd0af557f91fdd6d9
4026531896;3766484900;1727;4026531900;36;1728;2147483832;0;16189363;4026531900;3766484936;2147483836;0;f000003ce07fffc8800000bc00;cc038116f9ef9871edf793811362980bd37912586fe150184e901f4465768fd3
4026531872;3766484880;1176;3766484840;0;1178;2147483836;0;4253296387;4026531896;0;2147483840;0;f000003800000000800000c000;aeb4977c18fb84063e307b9c563a91d3f3fb87e0277983290cf0e5ea092101fc
4026531896;0;1730;0;0;0;2147483840;0;267876115;4026531896;0;2147483844;0;f000003800000000800000c400;5a8b6201d2d72733f085e3bd7b708d95dc9952c100dff5d50c4c2cd144f93b14
4026531900;3766484936;1729;3766484936;0;621;2147483844;0;15171619;4026531968;0;2147483844;1;f000008000000000800000c401;f0ecf4c72ffc54c73853372dc5f7294dc54eff06d141a25c3392e6e40c349909
4026531900;3766484936;1729;4026531896;0;1731;2147483844;1;15171619;4026531972;0;2147483844;2;f000008400000000800000c402;0ea8d89efd01cba31a5278b20dd45d6e949a65b6d84637130a09d9ae2ca08e36
4026531968;0;1732;4026531972;0;1733;2147483844;2;15171619;4026531968;0;2147483844;3;f000008000000000800000c403;45d6805a768ef290ec1b241e09bc1af54343a3adbac59949d7b18b2b57bf9399
4026531900;3766484936;1729;4026531968;0;1734;2147483844;3;15171619;3766484936;0;2147483848;0;e07fffc800000000800000c800;9c14251efb536a47ef82162e49939d0621ccdf5578aea69fe66a5306ec9bd517
4026531872;3766484880;1176;3766484860;36;1723;2147483848;0;4274268035;4026531900;36;2147483852;0;f000003c00000024800000cc00;515466d482a2c0170b5c254c8948479bdb4ae8f58006ebcf4b9172a4de545715
4026531900;36;1736;0;0;0;2147483852;0;1542035;4026531900;37;2147483856;0;f000003c00000025800000d000;7c64743f7d5655a6e133992b5ab3d4329b395a52c72b5496ade207a8d9997278
4026531872;3766484880;1176;4026531900;37;1737;2147483856;0;4277413411;3766484860;37;2147483860;0;e07fff7c00000025800000d400;999318ed3ff00053c93c17966acc12bbf63ccfb1d7ca4195181a90cd17bfc9cb
4026531872;3766484880;1176;3766484860;37;1738;2147483860;0;4274267907;4026531896;37;2147483864;0;f000003800000025800000d800;adcda3ffa6a1d85026dcbc852e16412e5c2eb1f7fd3328ac9c3a321e1fd576f8
4026531872;3766484880;1176;3766484836;70;1179;2147483864;0;4249102211;4026531900;70;2147483868;0;f000003c00000046800000dc00;3aeb35975f39ebaeaf6d457c4ec0d984f49466a6f31b8866bbe990bcbe59d83e
4026531896;37;1739;4026531900;70;1740;2147483868;0;4244073187;0;0;2147483824;0;0000000000000000800000b000;5a7ba30373fca402bbfaa5257958b379d61b7468cf813e47b0ae38b473d44915
4026531872;3766484880;1176;3766484856;3766484900;1181;2147483824;0;4270073603;4026531896;3766484900;2147483828;0;f0000038e07fffa4800000b400;5dd5d3f29fac6e2a2c11845e09e1a89de4c74c038a9c9b131488d38c49550681
4026531872;3766484880;1176;3766484860;37;1738;2147483828;0;4274268035;4026531900;37;2147483832;0;f000003c00000025800000b800;d5f56a91b4fcc53e53b742c23f7093cc816f4a5762876bf350d29877f9c9b797
4026531896;3766484900;1742;4026531900;37;1743;2147483832;0;16189363;4026531900;3766484937;2147483836;0;f000003ce07fffc9800000bc00;e4586f1325e69f05f7d9207d390d37cfd6f96f4133112314a8934051b7d5155f
4026531872;3766484880;1176;3766484840;0;1178;2147483836;0;4253296387;4026531896;0;2147483840;0;f000003800000000800000c000;ad8e7ac8a584f7c312ed48b52ed170a27ff0bf928233391c80ab4f131202e2f5
4026531896;0;1745;0;0;0;2147483840;0;267876115;4026531896;0;2147483844;0;f000003800000000800000c400;a3d69358e6c6a136dd5c3d4ceeb0ef32c4dad7fbdbafe6143e75730474a0e495
4026531900;3766484937;1744;3766484936;0;1735;2147483844;0;15171619;4026531968;0;2147483844;1;f000008000000000800000c401;fd452b983f3c3a2c580b486cb641229ccf592e36c457fe8d14c39c80bbb6b9e3
4026531900;3766484937;1744;4026531896;0;1746;2147483844;1;15171619;4026531972;0;2147483844;2;f000008400000000800000c402;9de6bc514864d97c8d987913fac7dee3ca55b84f10107071fe583133768e89ba
4026531968;0;1747;4026531972;0;1748;2147483844;2;15171619;4026531968;0;2147483844;3;f000008000000000800000c403;f09fa15fc7d4022425be05ef8601fbde1877e9de079304846f2187097f6373ad
4026531900;3766484937;1744;4026531968;0;1749;2147483844;3;15171619;3766484936;0;2147483848;0;e07fffc800000000800000c800;5e03fb50aba4a5cb863e4e64594d25dae88b58ab8d14c7d35a333f57a75733d4
4026531872;3766484880;1176;3766484860;37;1738;2147483848;0;4274268035;4026531900;37;2147483852;0;f000003c00000025800000cc00;e8f097b9d0fb1eef7e451081c04bd59670be2eef36e5044b2f778d53e64f8f31
4026531900;37;1751;0;0;0;2147483852;0;1542035;4026531900;38;2147483856;0;f000003c00000026800000d000;79a4a865653394446a2e0026cf8c5472532da6959b977648e9f42c1e49dd3065
4026531872;3766484880;1176;4026531900;38;1752;2147483856;0;4277413411;3766484860;38;2147483860;0;e07fff7c00000026800000d400;5ca6d6854d05c5a7de0eca6751f35dc735965df92b568f644ec587befa9f79a4
4026531872;3766484880;1176;3766484860;38;1753;2147483860;0;4274267907;4026531896;38;2147483864;0;f000003800000026800000d800;561c665e29f1619c4fa7d74f99612033550c0d1d7f8cf54a89c26df52d75632c
4026531872;3766484880;1176;3766484836;70;1179;2147483864;0;4249102211;4026531900;70;2147483868;0;f000003c00000046800000dc00;75102ff7cf9829f4293f9e29eeacf6722e2fba4032647c5bf1c3015bb3aff613
4026531896;38;1754;4026531900;70;1755;2147483868;0;4244073187;0;0;2147483824;0;0000000000000000800000b000;79ebaff446ca73b902099b6ca0c00b0091c2adbc1d9ead63d0253c4194ed398c
4026531872;3766484880;1176;3766484856;3766484900;1181;2147483824;0;4270073603;4026531896;3766484900;2147483828;0;f0000038e07fffa4800000b400;a60c8b317bb0e46ba2072a85f3059b1375b8249ae872fc14972b544a4a89f764
4026531872;3766484880;1176;3766484860;38;1753;2147483828;0;4274268035;4026531900;38;2147483832;0;f000003c00000026800000b800;17215e58f7dbd9180d6706256c634d6f99614da95464f0ee66f024811440d848
4026531896;3766484900;1757;4026531900;38;1758;2147483832;0;16189363;4026531900;3766484938;2147483836;0;f000003ce07fffca800000bc00;a58df96567c7d1865be5524ce88fcf82bc881c5264851ff50b2bc33c1bf1a262
4026531872;3766484880;1176;3766484840;0;1178;2147483836;0;4253296387;4026531896;0;2147483840;0;f000003800000000800000c000;0d8102de686d2d1dce788686117a38c6fbccb47101ab8e5b0d1e9f2289c9f8c7
4026531896;0;1760;0;0;0;2147483840;0;267876115;4026531896;0;2147483844;0;f000003800000000800000c400;4df48c10bdd0790df238404aab9ea51e8547d777773e21a9e8fd0d2b080fe617
4026531900;3766484938;1759;3766484936;0;1750;2147483844;0;15171619;4026531968;0;2147483844;1;f000008000000000800000c401;1e4f23911ce25e6841cfe945f1ceb7ac4ed1753f718580daf15b9e8e5b526520
4026531900;3766484938;1759;4026531896;0;1761;2147483844;1;15171619;4026531972;0;2147483844;2;f000008400000000800000c402;25d2feacf7e63b12f796f38871d1d04502a66bd6ddd484f93be2f4ca2ff579cb
4026531968;0;1762;4026531972;0;1763;2147483844;2;15171619;4026531968;0;2147483844;3;f000008000000000800000c403;6631d9817c1fa13687401114fe423a341f0f19b297f5183b41dfeeb1b89e35b5
4026531900;3766484938;1759;4026531968;0;1764;2147483844;3;15171619;3766484936;0;2147483848;0;e07fffc800000000800000c800;a3e7e6f4bd1b5dd28df4add7716b832aca0e2d8c6d06ee944bf57e67b07ead0b
4026531872;3766484880;1176;3766484860;38;1753;2147483848;0;4274268035;4026531900;38;2147483852;0;f000003c00000026800000cc00;fc5d67ebbc62e552dc3a569565bd34481311bbea0392cad74a251d062ce08509
4026531900;38;1766;0;0;0;2147483852;0;1542035;4026531900;39;2147483856;0;f000003c00000027800000d000;6bbd009a115550a9e7101f36fe1b9f208b5f3ebae1f340f8ce87abd7b6b60cb9
4026531872;3766484880;1176;4026531900;39;1767;2147483856;0;4277413411;3766484860;39;2147483860;0;e07fff7c00000027800000d400;c36db6313c12f8cdf9b173532d8eff74e89267966af3f4a73af0d4d3be085403
4026531872;3766484880;1176;3766484860;39;1768;2147483860;0;4274267907;4026531896;39;2147483864;0;f000003800000027800000d800;28ec3bf0d15d850f94728c0405b657f9578ac1ec18d8c78d265cbd9730794dd3
4026531872;3766484880;1176;3766484836;70;1179;2147483864;0;4249102211;4026531900;70;2147483868;0;f000003c00000046800000dc00;e8e9281ab7ca6b1a312a6b3c8890134c5555ec48f9869cc50ffe549d228789ca
4026531896;39;1769;4026531900;70;1770;2147483868;0;4244073187;0;0;2147483824;0;0000000000000000800000b000;407bac44eaf0478c662c1c2eb4bb58d16223d7c6ba3acd7401812e5a845e7b55
4026531872;3766484880;1176;3766484856;3766484900;1181;2147483824;0;4270073603;4026531896;3766484900;2147483828;0;f0000038e07fffa4800000b400;fd0d379bbb5249e75638b95b5d00c6127a6d43e5f26cba7aa76941dc7910869b
4026531872;3766484880;1176;3766484860;39;1768;2147483828;0;4274268035;4026531900;39;2147483832;0;f000003c00000027800000b800;aa8c0d7a8df2bc6e02027ee8490870501e528df4dda930cbd371bf807ec3fa51
4026531896;3766484900;1772;4026531900;39;1773;2147483832;0;16189363;4026531900;3766484939;2147483836;0;f000003ce07fffcb800000bc00;c5ac17f8985a132f318a2ab3562e582b1f62039c4b87efe5ffeb0f59b6ce5b6f
4026531872;3766484880;1176;3766484840;0;1178;2147483836;0;4253296387;4026531896;0;2147483840;0;f000003800000000800000c000;9fe209b6e4df0ef6e788b577cb6634ed8033fa0821bbfff3d0dc436cf195e7be
4026531896;0;1775;0;0;0;2147483840;0;267876115;4026531896;0;2147483844;0;f000003800000000800000c400;126f4df76e6ab63e7747d769797840a29ed4eaceb40abe3bdf7d9cfc39be8d79
4026531900;3766484939;1774;3766484936;0;1765;2147483844;0;15171619;4026531968;0;2147483844;1;f000008000000000800000c401;f28fcb0cfc60d8a73d81a43689d8b899225647f2770853b4a4d127a65c934822
4026531900;3766484939;1774;4026531896;0;1776;2147483844;1;15171619;4026531972;0;2147483844;2;f000008400000000800000c402;3c2900c8d74e4739d3182ebace2a7eadb6c2958c5f4b5a86ad3d16f3350bb374
4026531968;0;1777;4026531972;0;1778;2147483844;2;15171619;4026531968;0;2147483844;3;f000008000000000800000c403;62102b3325e47fbd4081eb8ee9e14cfd0f80fa1bc677f28dd7b60cc266b0126f
4026531900;3766484939;1774;4026531968;0;1779;2147483844;3;15171619;3766484936;0;2147483848;0;e07fffc800000000800000c800;c12cbdd130a662a007332c29218bf19cb6993757940a43a9a1e99063aa6ccdaa
4026531872;3766484880;1176;3766484860;39;1768;2147483848;0;4274268035;4026531900;39;2147483852;0;f000003c00000027800000cc00;3257949e5cc0df6c831fe50c0426548e03f4e37344825f25f332091a7dcd9cc2
4026531900;39;1781;0;0;0;2147483852;0;1542035;4026531900;40;2147483856;0;f000003c00000028800000d000;d5ad3febfe8baea1760f5a6b0a6c3720c5333beebce553bf9d858e20eef47856
4026531872;3766484880;1176;4026531900;40;1782;2147483856;0;4277413411;3766484860;40;2147483860;0;e07fff7c00000028800000d400;cfb53c33bca6c683d46a557296459dbf3579c83980aefb224dab7bb3008d32e7
4026531872;3766484880;1176;3766484860;40;1783;2147483860;0;4274267907;4026531896;40;2147483864;0;f000003800000028800000d800;11cdab90930cce37e230445f2dc32ad2a7d74574c679ddf5023a05c4a25d0569
4026531872;3766484880;1176;3766484836;70;1179;2147483864;0;4249102211;4026531900;70;2147483868;0;f000003c00000046800000dc00;30198d4d9471ca7c6bd2022adf532e220625f7a64bd956f72a61f3f9609b1e38
4026531896;40;1784;4026531900;70;1785;2147483868;0;4244073187;0;0;2147483824;0;0000000000000000800000b000;beacf6eb09a5a588298cf56aecee36fdfa5a9fafc4cc2708b7f1abfa26c17fba
4026531872;3766484880;1176;3766484856;3766484900;1181;2147483824;0;4270073603;4026531896;3766484900;2147483828;0;f0000038e07fffa4800000b400;836b8dce7d55b265fa0bb5decca46708aa32d311e1540cb7bf3594265fd8bff5
4026531872;3766484880;1176;3766484860;40;1783;2147483828;0;4274268035;4026531900;40;2147483832;0;f000003c00000028800000b800;2c7cb09c0d9a080357bbd111bdaf0fe2a833d76a7bd9defcb878556ac157285b
4026531896;3766484900;1787;4026531900;40;1788;2147483832;0;16189363;4026531900;3766484940;2147483836;0;f000003ce07fffcc800000bc00;302f9a9bb4019b8911106641835eae98717b7e469109e8ca789f0deadd6d7afe
4026531872;3766484880;1176;3766484840;0;1178;2147483836;0;4253296387;4026531896;0;2147483840;0;f000003800000000800000c000;c443af54c31464347bd2f5c3b92c98d908552b141b0c45fee9a1f15630ba0c8e
4026531896;0;1790;0;0;0;2147483840;0;267876115;4026531896;0;2147483844;0;f000003800000000800000c400;6f61fa7884d6f0a952fbb122a54ab3a9af265859ed0343b4e8afdd3c96b1474b
4026531900;3766484940;1789;3766484940;0;681;2147483844;0;15171619;4026531968;0;2147483844;1;f000008000000000800000c401;e71f0dcc79dc02fa3f2ae9f4da547f20bc0e31a4dacb25217b9cd0124f4d6d00
4026531900;3766484940;1789;4026531896;0;1791;2147483844;1;15171619;4026531972;0;2147483844;2;f000008400000000800000c402;608156a9b58df5eb85d0488ac2351c22528b4ffcbeb7972504b00df21afcf400
4026531968;0;1792;4026531972;0;1793;2147483844;2;15171619;4026531968;0;2147483844;3;f000008000000000800000c403;2cc25260bca008e31a2de07c78c825669ffd30fb4f628d30c69dc738d82df1b8
4026531900;3766484940;1789;4026531968;0;1794;2147483844;3;15171619;3766484940;0;2147483848;0;e07fffcc00000000800000c800;3f3d25a2da0d51e84fbf0e1716d4db6ccaea09f0c90a3a3eaa2509ac710c0249
4026531872;3766484880;1176;3766484860;40;1783;2147483848;0;4274268035;4026531900;40;2147483852;0;f000003c00000028800000cc00;b3cd817cb0226aff3660d90ab7a757fbc670a3ab6ccefa24740e9651d2220602
4026531900;40;1796;0;0;0;2147483852;0;1542035;4026531900;41;2147483856;0;f000003c00000029800000d000;04d54c76022008f3ab3dedcd502ee596c540437235bbb155cae949d070e3cc21
4026531872;3766484880;1176;4026531900;41;1797;2147483856;0;4277413411;3766484860;41;2147483860;0;e07fff7c00000029800000d400;486d2dae31302362a2ae96ea9e5776c98bb5697487475f6057b29f2d7ed1a6e8
4026531872;3766484880;1176;3766484860;41;1798;2147483860;0;4274267907;4026531896;41;2147483864;0;f000003800000029800000d800;9da6457004bef09d16d219d0f46b53715495b5bacf24a754d93fc0c272825131
4026531872;3766484880;1176;3766484836;70;1179;2147483864;0;4249102211;4026531900;70;2147483868;0;f000003c00000046800000dc00;faf0928848057c1b9ab9255edc94ba7f2c3d904b21ec54ba2efa64c92d521504
4026531896;41;1799;4026531900;70;1800;2147483868;0;4244073187;0;0;2147483824;0;0000000000000000800000b000;d1678c4f9dee1efc739fa60cc260a3f6ed748bea34ef9cb651eeeb5363024d6b
4026531872;3766484880;1176;3766484856;3766484900;1181;2147483824;0;4270073603;4026531896;3766484900;2147483828;0;f0000038e07fffa4800000b400;e741ab919bd0d78a85010367f52102c2aad6efc5df0756f82d4c9ef6bb18ace3
4026531872;3766484880;1176;3766484860;41;1798;2147483828;0;4274268035;4026531900;41;2147483832;0;f000003c00000029800000b800;3f1f184d10301b642589b74b7af802c3975a2c0b69b9fa15de34a5c43e25b447
4026531896;3766484900;1802;4026531900;41;1803;2147483832;0;16189363;4026531900;3766484941;2147483836;0;f000003ce07fffcd800000bc00;f48a5b7db63d8052f8fc66c5bdd3f291fa3b186ddeaa2aea599b97e861e78426
4026531872;3766484880;1176;3766484840;0;1178;2147483836;0;4253296387;4026531896;0;2147483840;0;f000003800000000800000c000;1d3328ca6e5e94496ce33ec9c03e5191d4fa51c6ef4c4fd3e0d0fbe3a68cd3c4
4026531896;0;1805;0;0;0;2147483840;0;267876115;4026531896;0;2147483844;0;f000003800000000800000c400;7e71d51662b17863a452bc742a676fedddfb0f0a483591528a63b49039c00bf9
4026531900;3766484941;1804;3766484940;0;1795;2147483844;0;15171619;4026531968;0;2147483844;1;f000008000000000800000c401;b3e2567d34806f786ebe1bfad5a2403bbf4919a9d6434efb39408cade5e8eaf6
4026531900;3766484941;1804;4026531896;0;1806;2147483844;1;15171619;4026531972;0;2147483844;2;f000008400000000800000c402;17d441afcc93cf174f3e7a240a75e66fe83b94f77f518363f7646fd7e3e8bdc8
4026531968;0;1807;4026531972;0;1808;2147483844;2;15171619;4026531968;0;2147483844;3;f000008000000000800000c403;5c1929d4b2d00607aeaf616c337dc05cdffa42e2a09f2ae44e7be2d6a4b86bef
4026531900;3766484941;1804;4026531968;0;1809;2147483844;3;15171619;3766484940;0;2147483848;0;e07fffcc00000000800000c800;60de3715fea65b96711e497c2fbc7d3ccf2b7a6bc67dfba4007b15ee7233bcaa
4026531872;3766484880;1176;3766484860;41;1798;2147483848;0;4274268035;4026531900;41;2147483852;0;f000003c00000029800000cc00;13af72e3fdb0de882c560a9044a5d21454d391386339f67a25bb4a3b36b858ff
4026531900;41;1811;0;0;0;2147483852;0;1542035;4026531900;42;2147483856;0;f000003c0000002a800000d000;531be0a37f9347119926f064e2ef402f0c5f896c857f2bb42c3f0dc9e16167d6
4026531872;3766484880;1176;4026531900;42;1812;2147483856;0;4277413411;3766484860;42;2147483860;0;e07fff7c0000002a800000d400;c015a627ad3ae919b2d099ab42208a20723de45a1614c315fcd4bf332ccb32ec
4026531872;3766484880;1176;3766484860;42;1813;2147483860;0;4274267907;4026531896;42;2147483864;0;f00000380000002a800000d800;41955f3d3d88a602249920a3ed45bea955cb91f285b2e181457b22a4c260de4d
4026531872;3766484880;1176;3766484836;70;1179;2147483864;0;4249102211;4026531900;70;2147483868;0;f000003c00000046800000dc00;c24ed6382177d431491fe7f7cfda38c8ede74213a7c44744363a83ae48b3a0c9
4026531896;42;1814;4026531900;70;1815;2147483868;0;4244073187;0;0;2147483824;0;0000000000000000800000b000;dfcaaad250176b1049083ebcb38a00bb827a1a06eb83cefc24bfe8a7f3658b6d
4026531872;3766484880;1176;3766484856;3766484900;1181;2147483824;0;4270073603;4026531896;3766484900;2147483828;0;f0000038e07fffa4800000b400;4e8c378327844fbd1f52bd0c5d2453c4ee2f5c8e09619e924fa6ad3405518e95
4026531872;3766484880;1176;3766484860;42;1813;2147483828;0;4274268035;4026531900;42;2147483832;0;f000003c0000002a800000b800;729eafd15fc4b275a117b59b4c96ce4c034c3c4486489ced76e573002069a2b3
4026531896;3766484900;1817;4026531900;42;1818;2147483832;0;16189363;4026531900;3766484942;2147483836;0;f000003ce07fffce800000bc00;f3fc4ef4482947ff34fdca834a6af85de47f457faf3971328fc6e9e845d8d99c
4026531872;3766484880;1176;3766484840;0;1178;2147483836;0;4253296387;4026531896;0;2147483840;0;f000003800000000800000c000;72ef117d906f4b016ceee35531c6f3f1dac0306725bf6e7db8c611c1c56ec1a5
4026531896;0;1820;0;0;0;2147483840;0;267876115;4026531896;0;2147483844;0;f000003800000000800000c400;890d570fa9a89150d91deb8516cb5dbf0bddf6cddb8d2f7941cf25285877aa93
4026531900;3766484942;1819;3766484940;0;1810;2147483844;0;15171619;4026531968;0;2147483844;1;f000008000000000800000c401;683c3d25dacf8a1d191a1c556c20e2e4c1df521c9faf04d42815603e10ed440b
4026531900;3766484942;1819;4026531896;0;1821;2147483844;1;15171619;4026531972;0;2147483844;2;f000008400000000800000c402;470d9c36e6fa000309eb9780db621b8509e2c641da316463230b5e79e50fe2de
4026531968;0;1822;4026531972;0;1823;2147483844;2;15171619;4026531968;0;2147483844;3;f000008000000000800000c403;3f7c75f1a94abc1dc5e9f6ebca46911996ec44bd1337ba71a6e30385ec05dc16
4026531900;3766484942;1819;4026531968;0;1824;2147483844;3;15171619;3766484940;0;2147483848;0;e07fffcc00000000800000c800;ffdd79469a7857547a6278c4c6b4b5c2caef81ddc05896c4b81aa4e6612e2cd5
4026531872;3766484880;1176;3766484860;42;1813;2147483848;0;4274268035;4026531900;42;2147483852;0;f000003c0000002a800000cc00;2596daf65f38cfc876c7b7dd37d9ff8e871523c2b1f11a43bdf9f5aeb140e36c
4026531900;42;1826;0;0;0;2147483852;0;1542035;4026531900;43;2147483856;0;f000003c0000002b800000d000;65f9b8b30b76e94874eba74b038a166ad3eedfbe4ee62f91abe59a3fac01200b
4026531872;3766484880;1176;4026531900;43;1827;2147483856;0;4277413411;3766484860;43;2147483860;0;e07fff7c0000002b800000d400;dd4d012f890121ef6490625654a509093662965b456de010d5b09a39200f339d
4026531872;3766484880;1176;3766484860;43;1828;2147483860;0;4274267907;4026531896;43;2147483864;0;f00000380000002b800000d800;d072ef4b03d35d2863e924a2fdf8549e1c4e7665743337b172ab8338d2014ff4
4026531872;3766484880;1176;3766484836;70;1179;2147483864;0;4249102211;4026531900;70;2147483868;0;f000003c00000046800000dc00;6b4e8eff53e4b6fb4feded2b8895541c0abfcaa5488f20bd6dc5c181bb6be98e
4026531896;43;1829;4026531900;70;1830;2147483868;0;4244073187;0;0;2147483824;0;0000000000000000800000b000;1989f68c7b57970afffd028bc6a17b680df30a5802eac847f47c102d0b6783e2
4026531872;3766484880;1176;3766484856;3766484900;1181;2147483824;0;4270073603;4026531896;3766484900;2147483828;0;f0000038e07fffa4800000b400;6a2f181c3005f871ae9a0fd006adf2beceb0714c0fc49543b5088c4e7873dee2
4026531872;3766484880;1176;3766484860;43;1828;2147483828;0;4274268035;4026531900;43;2147483832;0;f000003c0000002b800000b800;535e63e508221de929cccb26cab8a1b2033fe633f1f881c5de76fe5fd65c2253
4026531896;3766484900;1832;4026531900;43;1833;2147483832;0;16189363;4026531900;3766484943;2147483836;0;f000003ce07fffcf800000bc00;ffedbbe27f7100c6f48b0112fde8d032ccf86f513320d09c0aac08c6085ea672
4026531872;3766484880;1176;3766484840;0;1178;2147483836;0;4253296387;4026531896;0;2147483840;0;f000003800000000800000c000;52ea38231dc0ca2e4ea24ee304a269675269a6b0cdf8d6f448d721dd92953261
4026531896;0;1835;0;0;0;2147483840;0;267876115;4026531896;0;2147483844;0;f000003800000000800000c400;ce7f2fcb7ca595a3067a2368ba8da09c09a3944bc8d944e3196e5670b85e7a63
4026531900;3766484943;1834;3766484940;0;1825;2147483844;0;15171619;4026531968;0;2147483844;1;f000008000000000800000c401;67e62d5c635a59ee63188f0bbad41b56b0fbfeb619fb883b40fa1f757af996b2
4026531900;3766484943;1834;4026531896;0;1836;2147483844;1;15171619;4026531972;0;2147483844;2;f000008400000000800000c402;b92881c762b8779260d24f12f6cdc83a80e6d17d25b18f396f7dfd366a0d3448
4026531968;0;1837;4026531972;0;1838;2147483844;2;15171619;4026531968;0;2147483844;3;f000008000000000800000c403;3118e40ff92eb94406b489c28a4fcb5c5520ce1be7ea882f6843d8c920624895
4026531900;3766484943;1834;4026531968;0;1839;2147483844;3;15171619;3766484940;0;2147483848;0;e07fffcc00000000800000c800;1498062b99c5602923c3b673e2433d855f727328d729b287a6d99be95cce7812
4026531872;3766484880;1176;3766484860;43;1828;2147483848;0;4274268035;4026531900;43;2147483852;0;f000003c0000002b800000cc00;ac4d20590d35001b64292bab690215da6f8173eabc4153dc59a6231774aabfc8
4026531900;43;1841;0;0;0;2147483852;0;1542035;4026531900;44;2147483856;0;f000003c0000002c800000d000;e678ff4a9a91f8ddde4055e8b83c7bd49a5d3ff748f2a1a2c3b1a6144d9ac2a0
4026531872;3766484880;1176;4026531900;44;1842;2147483856;0;4277413411;3766484860;44;2147483860;0;e07fff7c0000002c800000d400;700c2470862594ac91f2c1b409526cbe048cf666bcfeea3b5b223f5eafca3850
4026531872;3766484880;1176;3766484860;44;1843;2147483860;0;4274267907;4026531896;44;2147483864;0;f00000380000002c800000d800;7aa4fbc29d01d0d95dfefa444f94087a8e8d676b8d39deae7c54836003490e8c
4026531872;3766484880;1176;3766484836;70;1179;2147483864;0;4249102211;4026531900;70;2147483868;0;f000003c00000046800000dc00;f79209b9afce0ddb45259882829afe71e4f6bec70e80d684552e22ddc4b1459c
4026531896;44;1844;4026531900;70;1845;2147483868;0;4244073187;0;0;2147483824;0;0000000000000000800000b000;7311c465c760dc7e9e73b9a1cd61ed867c74501d8f342607da2391ea2b8ac84a
4026531872;3766484880;1176;3766484856;3766484900;1181;2147483824;0;4270073603;4026531896;3766484900;2147483828;0;f0000038e07fffa4800000b400;f0d15f50d308daa4b16d47b890e466f05a1c48a3bac03341a2470e999ee2ec15
4026531872;3766484880;1176;3766484860;44;1843;2147483828;0;4274268035;4026531900;44;2147483832;0;f000003c0000002c800000b800;f9df94529a0e8de0c3d98d879f127b60dcda8de857df67712929920e12f2e5c0
4026531896;3766484900;1847;4026531900;44;1848;2147483832;0;16189363;4026531900;3766484944;2147483836;0;f000003ce07fffd0800000bc00;8d9bf17ae25f9e27ec2d4d62af6bddb07d135f72bb0292b434f47e00ed8b629f
4026531872;3766484880;1176;3766484840;0;1178;2147483836;0;4253296387;4026531896;0;2147483840;0;f000003800000000800000c000;3e3f8deee0c2438f51370dddb831627310d60c3237fb51faf05726317425689d
4026531896;0;1850;0;0;0;2147483840;0;267876115;4026531896;0;2147483844;0;f000003800000000800000c400;ac848013573977d1dd98c19a2084f6004e8ad2bb530a760c6c250d125918f1c5
4026531900;3766484944;1849;3766484944;0;741;2147483844;0;15171619;4026531968;0;2147483844;1;f000008000000000800000c401;065bd900de30ca24896c708d37583102e7dbae9c5d4e93a47b8db77a6e2caef1
4026531900;3766484944;1849;4026531896;0;1851;2147483844;1;15171619;4026531972;0;2147483844;2;f000008400000000800000c402;0790291496932dc21d0613e2d4631badd80a923416fe0d6471d59307291c627f
4026531968;0;1852;4026531972;0;1853;2147483844;2;15171619;4026531968;0;2147483844;3;f000008000000000800000c403;b57a3519a8ed76b08cc2c5fecc3205ab3d0b855227911ae6b6ce9afa9d367af3
4026531900;3766484944;1849;4026531968;0;1854;2147483844;3;15171619;3766484944;0;2147483848;0;e07fffd000000000800000c800;14f5c2b401084683672c1024cdc913df4676530cdd47a9b51d48810e53059914
4026531872;3766484880;1176;3766484860;44;1843;2147483848;0;4274268035;4026531900;44;2147483852;0;f000003c0000002c800000cc00;ad8de4bb7f11829e215faf43882ee4ff6a196addb87157260fca596109b05956
4026531900;44;1856;0;0;0;2147483852;0;1542035;4026531900;45;2147483856;0;f000003c0000002d800000d000;efab7aa7c763faa96ba45c9edac298eec31f7dabb0a4124b1ece6a297a3ef037
4026531872;3766484880;1176;4026531900;45;1857;2147483856;0;4277413411;3766484860;45;2147483860;0;e07fff7c0000002d800000d400;99fa2be8ec4ea47cb4750d637e64da3ba0482f3881e845962f52bb70fa20b54d
4026531872;3766484880;1176;3766484860;45;1858;2147483860;0;4274267907;4026531896;45;2147483864;0;f00000380000002d800000d800;81cc1dbf0ce447b46683b0bd9aafd50b17b8223cea6364d6a8deb8b81af6e775
4026531872;3766484880;1176;3766484836;70;1179;2147483864;0;4249102211;4026531900;70;2147483868;0;f000003c00000046800000dc00;caa345d44426388a093541c3d3eb886a98aa62c713478cf68af5c40838f86e28
4026531896;45;1859;4026531900;70;1860;2147483868;0;4244073187;0;0;2147483824;0;0000000000000000800000b000;1c1ff7d18572f6350a25bb2ec3f29910e675efb70bee7f9a3ab8858811b24067
4026531872;3766484880;1176;3766484856;3766484900;1181;2147483824;0;4270073603;4026531896;3766484900;2147483828;0;f0000038e07fffa4800000b400;c09c66d5149f6be1175cf9b963f2ef27b52c3185b973f91f8a3e60f6d6df7b32
4026531872;3766484880;1176;3766484860;45;1858;2147483828;0;4274268035;4026531900;45;2147483832;0;f000003c0000002d800000b800;e36f5d556587d190d98e6043fe2ff1c60cc6e5dca3e586d445e0e0073e555321
4026531896;3766484900;1862;4026531900;45;1863;2147483832;0;16189363;4026531900;3766484945;2147483836;0;f000003ce07fffd1800000bc00;70a92b1a3211778095c5457540431238d7178b3767b7f0b31ac9ff81614ad3b8
4026531872;3766484880;1176;3766484840;0;1178;2147483836;0;4253296387;4026531896;0;2147483840;0;f000003800000000800000c000;5977cdd18f61b5d3ffe6500e6efbf2b3b6930821ec2835e1d06599df2c56034e
4026531896;0;1865;0;0;0;2147483840;0;267876115;4026531896;0;2147483844;0;f000003800000000800000c400;bfc02267ab05ec49f662210f01bfed2adebbebafb57ac915410878dddd338f1f
4026531900;3766484945;1864;3766484944;0;1855;2147483844;0;15171619;4026531968;0;2147483844;1;f000008000000000800000c401;200af07bd45a42e115a75ea7b56100858ba3dee4e61b2ba9a726971446878aa9
4026531900;3766484945;1864;4026531896;0;1866;2147483844;1;15171619;4026531972;0;2147483844;2;f000008400000000800000c402;ff58f0b752e82de3d58adbbe5a3f080952622bd2d1284a451607e2e3bc7e6ea6
4026531968;0;1867;4026531972;0;1868;2147483844;2;15171619;4026531968;0;2147483844;3;f000008000000000800000c403;d418174c9e86743515263ff307f67962ed08280a52aae28caddda848152c0d70
4026531900;3766484945;1864;4026531968;0;1869;2147483844;3;15171619;3766484944;0;2147483848;0;e07fffd000000000800000c800;8513d651784781f2e9bdb310c9047b2f746bf34cc5cd75e0b05cd3033e9cd62f
4026531872;3766484880;1176;3766484860;45;1858;2147483848;0;4274268035;4026531900;45;2147483852;0;f000003c0000002d800000cc00;8f2b81159be0a05be3e9fd61c8fb3a724fe8ea472f3fcb75a28d8df76f518682
4026531900;45;1871;0;0;0;2147483852;0;1542035;4026531900;46;2147483856;0;f000003c0000002e800000d000;08d855119aa555a81c9baa67b51cdd1383d4dbe7563d59b9d5cbcc9a414f3267
4026531872;3766484880;1176;4026531900;46;1872;2147483856;0;4277413411;3766484860;46;2147483860;0;e07fff7c0000002e800000d400;1f88d4f7cdf607bd21a3684785b240acdbcc601e828e0b11d58401143f70d919
4026531872;3766484880;1176;3766484860;46;1873;2147483860;0;4274267907;4026531896;46;2147483864;0;f00000380000002e800000d800;c1dc28dd901c614868630704b208ea0b899463c597b4158912fcfeb2fe907126
4026531872;3766484880;1176;3766484836;70;1179;2147483864;0;4249102211;4026531900;70;2147483868;0;f000003c00000046800000dc00;4792c6a391e6c92b02f1b59f2680c7cadf867289bb4816f401aec5b9f36f3d31
4026531896;46;1874;4026531900;70;1875;2147483868;0;4244073187;0;0;2147483824;0;0000000000000000800000b000;b6cb431d99f037d9bf1658b23b13dd178c85b43ee6a01e3bd1243962c7a19c67
4026531872;3766484880;1176;3766484856;3766484900;1181;2147483824;0;4270073603;4026531896;3766484900;2147483828;0;f0000038e07fffa4800000b400;6d08581baf112cd6f1fc72e1a2a56f3e5729f5df9f899bdbc911cbb5fc50d943
4026531872;3766484880;1176;3766484860;46;1873;2147483828;0;4274268035;4026531900;46;2147483832;0;f000003c0000002e800000b800;22c607cd1836da25ecb2dc35cd49c3c54402b48a4de422e369e372be125f99bd
4026531896;3766484900;1877;4026531900;46;1878;2147483832;0;16189363;4026531900;3766484946;2147483836;0;f000003ce07fffd2800000bc00;2112c7b18b95267ef94ad96b68014e64fc2385d6ed5c5e2c7470495130f1819d
4026531872;3766484880;1176;3766484840;0;1178;2147483836;0;4253296387;4026531896;0;2147483840;0;f000003800000000800000c000;87e959e648b6c4c7c3b204f080b1bcd9ad3537956e22a2a204a553be629edf54
4026531896;0;1880;0;0;0;2147483840;0;267876115;4026531896;0;2147483844;0;f000003800000000800000c400;25ae3d90ac17c710dc6324c9224483a70144d6d0c16ea900669712c893dea0fd
4026531900;3766484946;1879;3766484944;0;1870;2147483844;0;15171619;4026531968;0;2147483844;1;f000008000000000800000c401;ea592aa03fb62296926ae003eac21d9909e5fd44a2407ca71a199b6c34a91d9a
4026531900;3766484946;1879;4026531896;0;1881;2147483844;1;15171619;4026531972;0;2147483844;2;f000008400000000800000c402;307925e3f4116a0fc0f4ef0fbb0b3beeabd56ce1db8ff0a1adafe01400d303ee
4026531968;0;1882;4026531972;0;1883;2147483844;2;15171619;4026531968;0;2147483844;3;f000008000000000800000c403;f0098fa4cd0af17d5dc75dfc4456242eb2c39801be916f85a8c1ff8122ea9620
4026531900;3766484946;1879;4026531968;0;1884;2147483844;3;15171619;3766484944;0;2147483848;0;e07fffd000000000800000c800;0cb8c42a850b76d2933e85d4db2dcf64790e273f3ecf2e0434bc9a7147df50ac
4026531872;3766484880;1176;3766484860;46;1873;2147483848;0;4274268035;4026531900;46;2147483852;0;f000003c0000002e800000cc00;5d3f5630025bcc7f0077f6393355bde21633d7480eeb86c3495d6cd323acd3dd
4026531900;46;1886;0;0;0;2147483852;0;1542035;4026531900;47;2147483856;0;f000003c0000002f800000d000;22c16031d706bef95f196f6421f8bfcd0d62695f00d5dab68559a1cbc5a6d735
4026531872;3766484880;1176;4026531900;47;1887;2147483856;0;4277413411;3766484860;47;2147483860;0;e07fff7c0000002f800000d400;477b6f4fdba8daa417888c8e50e4d313c225d0afa87e114f8eec84e0802bee5b
4026531872;3766484880;1176;3766484860;47;1888;2147483860;0;4274267907;4026531896;47;2147483864;0;f00000380000002f800000d800;020652f4214ea838923f8cc4ad8ecfae2012ef6406a2fd8fbb3a1c46c3280c49
4026531872;3766484880;1176;3766484836;70;1179;2147483864;0;4249102211;4026531900;70;2147483868;0;f000003c00000046800000dc00;c584a0f589b4a162839d0d690046f7955c0f4c2c516e9623df0b2b17d50bbfb3
4026531896;47;1889;4026531900;70;1890;2147483868;0;4244073187;0;0;2147483824;0;0000000000000000800000b000;bf3cd0d9cfe9c6da82f9e2214b0f619e1f55ad754c0d6d732321b5be5e47f0dd
4026531872;3766484880;1176;3766484856;3766484900;1181;2147483824;0;4270073603;4026531896;3766484900;2147483828;0;f0000038e07fffa4800000b400;66933242c1548b926c22c212cb6e730f5e68ca5cf0ff0e7e8368d8e36580aac2
4026531872;3766484880;1176;3766484860;47;1888;2147483828;0;4274268035;4026531900;47;2147483832;0;f000003c0000002f800000b800;4bf81786e9afd7217d9dce1695a25c93d2a9f034fc9d28355bc99409ebfc4e4a
4026531896;3766484900;1892;4026531900;47;1893;2147483832;0;16189363;4026531900;3766484947;2147483836;0;f000003ce07fffd3800000bc00;719a59291d7f4997ca3ec33fb41598cf1f432134e97ebd0a9a8cefb53aba6ad7
4026531872;3766484880;1176;3766484840;0;1178;2147483836;0;4253296387;4026531896;0;2147483840;0;f000003800000000800000c000;1e98d1b42cdf4837286993c390c61dc29a57a922af7242e62524b23adf86c1be
4026531896;0;1895;0;0;0;2147483840;0;267876115;4026531896;0;2147483844;0;f000003800000000800000c400;da6a83779f268ae2de2d78a4e558eb30b6374269612fd3f8bd2e96277e0c3698
4026531900;3766484947;1894;3766484944;0;1885;2147483844;0;15171619;4026531968;0;2147483844;1;f000008000000000800000c401;cafa9d9ce8782913b08f0648a57ffdad366dd18b072c2c54c7daa743d85c7be6
4026531900;3766484947;1894;4026531896;0;1896;2147483844;1;15171619;4026531972;0;2147483844;2;f000008400000000800000c402;dbb5b7c8a65cf8999f092ef66c3390e3ccaa39c8a8b3094ceda0e26907218aac
4026531968;0;1897;4026531972;0;1898;2147483844;2;15171619;4026531968;0;2147483844;3;f000008000000000800000c403;ca299a18245ccf2ebe2313d2dfc8e377472e3369a8800204a888d8c0a98761c0
4026531900;3766484947;1894;4026531968;0;1899;2147483844;3;15171619;3766484944;0;2147483848;0;e07fffd000000000800000c800;0ecd5077b5146325066ef5f730b4317fbb80385b5d7fa5fe5a87b3bedc28f94c
4026531872;3766484880;1176;3766484860;47;1888;2147483848;0;4274268035;4026531900;47;2147483852;0;f000003c0000002f800000cc00;8da939e2f6ada39f159932a01f86f1cec68be6824c387b7f49e9417f44241f9c
4026531900;47;1901;0;0;0;2147483852;0;1542035;4026531900;48;2147483856;0;f000003c00000030800000d000;4d85f1e28071c727294924b3e11b1a59dae12ce7f7425a9dfc19d9e5a7a2f735
4026531872;3766484880;1176;4026531900;48;1902;2147483856;0;4277413411;3766484860;48;2147483860;0;e07fff7c00000030800000d400;783e3097abf0066932de37af34c8a0c136161d46445dd04038dff70a39411a03
4026531872;3766484880;1176;3766484860;48;1903;2147483860;0;4274267907;4026531896;48;2147483864;0;f000003800000030800000d800;37108b43db5ad14ac4bf65809cb20a4a562b87a0b1e12d44ce4ca7b7c466c1e9
4026531872;3766484880;1176;3766484836;70;1179;2147483864;0;4249102211;4026531900;70;2147483868;0;f000003c00000046800000dc00;fa8c89349f8fbb1eeed0bf5851c4e3d8ed4c56b84e8e82eb85e0d61fe2498179
4026531896;48;1904;4026531900;70;1905;2147483868;0;4244073187;0;0;2147483824;0;0000000000000000800000b000;fbea8cb2fef1574ffce8ab8cb583961a227b185fa058586ae2a9a128de092b3f
4026531872;3766484880;1176;3766484856;3766484900;1181;2147483824;0;4270073603;4026531896;3766484900;2147483828;0;f0000038e07fffa4800000b400;e0c640d5309204732b2a5337fc28ea5cc315a230817ac84dae0a9cdf20921f84
4026531872;3766484880;1176;3766484860;48;1903;2147483828;0;4274268035;4026531900;48;2147483832;0;f000003c00000030800000b800;9a1d29ab443cd000f7c959a6087e7dab42113eee4cc5913ee3e866d6467fefbe
4026531896;3766484900;1907;4026531900;48;1908;2147483832;0;16189363;4026531900;3766484948;2147483836;0;f000003ce07fffd4800000bc00;da15b836bc681ae7f31d73d1058f8ab011984e26544c3ed98cb680172f0c3e46
4026531872;3766484880;1176;3766484840;0;1178;2147483836;0;4253296387;4026531896;0;2147483840;0;f000003800000000800000c000;38567d9998bb2eb0b21d4d1c467d1b154b10f5433deab1bd541bcc381731b6c1
4026531896;0;1910;0;0;0;2147483840;0;267876115;4026531896;0;2147483844;0;f000003800000000800000c400;3bd67b11c8772fc9f2fd440326bba2ce1c25797c34111008b8ce54ba7c53bc2d
4026531900;3766484948;1909;3766484948;0;801;2147483844;0;15171619;4026531968;0;2147483844;1;f000008000000000800000c401;921e5b60d5625cd5b9857c673cff3a04fd3fd9b79f73588b1248a511963db4ed
4026531900;3766484948;1909;4026531896;0;1911;2147483844;1;15171619;4026531972;0;2147483844;2;f000008400000000800000c402;1770da317a885d6b538e831cd2e7d2f64a18c1a94ad40e0004c0178816a06d6b
4026531968;0;1912;4026531972;0;1913;2147483844;2;15171619;4026531968;0;2147483844;3;f000008000000000800000c403;b28235099263e3808371b1c760dfb40f4b801ce89b79f036247de7c8bef0b579
4026531900;3766484948;1909;4026531968;0;1914;2147483844;3;15171619;3766484948;0;2147483848;0;e07fffd400000000800000c800;130f2a323b8d314a290a7edbc92d8c5b81ba707c562ae3560a08e4fb3572642f
4026531872;3766484880;1176;3766484860;48;1903;2147483848;0;4274268035;4026531900;48;2147483852;0;f000003c00000030800000cc00;90e89b118e81128ae9002309e518d723a2cfcbf62bd0374467088d169da4abfd
4026531900;48;1916;0;0;0;2147483852;0;1542035;4026531900;49;2147483856;0;f000003c00000031800000d000;2e5632653893df1e63f1b54985ace46ae491e2221122508bca6eb3dc9a1c2b5e
4026531872;3766484880;1176;4026531900;49;1917;2147483856;0;4277413411;3766484860;49;2147483860;0;e07fff7c00000031800000d400;3607e067a34c270cf1bbb8fd9be12043c8823dd52941a202748a2ebf1ec89731
4026531872;3766484880;1176;3766484860;49;1918;2147483860;0;4274267907;4026531896;49;2147483864;0;f000003800000031800000d800;3c698b258c51a000d60d1ff7dc3896b0977392f7b84f38245326bf7de6d6f2a6
4026531872;3766484880;1176;3766484836;70;1179;2147483864;0;4249102211;4026531900;70;2147483868;0;f000003c00000046800000dc00;fd088a5b606850ad19e61d5b2b03d314f388a6f53452a4eeed28cd2c898fc7fa
4026531896;49;1919;4026531900;70;1920;2147483868;0;4244073187;0;0;2147483824;0;0000000000000000800000b000;805dbd8f39f3650b8fa130ee26923e77a4499a20d317d9e5aab92c4de1691af7
4026531872;3766484880;1176;3766484856;3766484900;1181;2147483824;0;4270073603;4026531896;3766484900;2147483828;0;f0000038e07fffa4800000b400;9b38880c77244d5ee9743c1c272ff0a7e01141949cbfb83e9cc74f5c51b8b1be
4026531872;3766484880;1176;3766484860;49;1918;2147483828;0;4274268035;4026531900;49;2147483832;0;f000003c00000031800000b800;15a38967f51fcc05d145ea22d20a2b7cf2bcfe8f8f459046ace777f9ef666769
4026531896;3766484900;1922;4026531900;49;1923;2147483832;0;16189363;4026531900;3766484949;2147483836;0;f000003ce07fffd5800000bc00;656e88b9bbcf23d2b168ca2aac942d6504255df8451764f00bfc0fe342947274
4026531872;3766484880;1176;3766484840;0;1178;2147483836;0;4253296387;4026531896;0;2147483840;0;f000003800000000800000c000;bf4cc07143ec887b6a6fcb28598672e4e491192b993367adea372fb0e5d6ec6c
4026531896;0;1925;0;0;0;2147483840;0;267876115;4026531896;0;2147483844;0;f000003800000000800000c400;571fd1279b16cdfee2ae6141c193e5a1633b49dc288c67033b2b5a7a26bedaf7
4026531900;3766484949;1924;3766484948;0;1915;2147483844;0;15171619;4026531968;0;2147483844;1;f000008000000000800000c401;9c643a7ce4fb37d451ba943db9a6a2c65e08257670092b1d675713d97f8f6548
4026531900;3766484949;1924;4026531896;0;1926;2147483844;1;15171619;4026531972;0;2147483844;2;f000008400000000800000c402;f138a3218c692d6f0398b7beb29a766d414f05846267a07ecc1787bbfdd1fc41
4026531968;0;1927;4026531972;0;1928;2147483844;2;15171619;4026531968;0;2147483844;3;f000008000000000800000c403;a6a3813785190de5a40c547c931cbd20ee0e708a89c45fedf2018d245e7aebd7
4026531900;3766484949;1924;4026531968;0;1929;2147483844;3;15171619;3766484948;0;2147483848;0;e07fffd400000000800000c800;9e69dd2a59798d8c60ad9f5a295be01ac18444bbca4221ca4e8fb6079ee75fc0
4026531872;3766484880;1176;3766484860;49;1918;2147483848;0;4274268035;4026531900;49;2147483852;0;f000003c00000031800000cc00;65322cc7899120d4f9c7356240bc2a0390016c7f981ac3c9785d833de4db7bb2
4026531900;49;1931;0;0;0;2147483852;0;1542035;4026531900;50;2147483856;0;f000003c00000032800000d000;e68d9c13965ca532a8fc676ed8cc66f3d554b2d1d718b31e4e5f94cf8e42b4ee
4026531872;3766484880;1176;4026531900;50;1932;2147483856;0;4277413411;3766484860;50;2147483860;0;e07fff7c00000032800000d400;ac33a42cd6d2157a7ac8f11d7ae2935766a79d79530f36c4e0f99cd3c2860d5a
4026531872;3766484880;1176;3766484860;50;1933;2147483860;0;4274267907;4026531896;50;2147483864;0;f000003800000032800000d800;06ee8012c6aa543e1bb8a5c75ec02b423703d75c817cfd64a64ba346d10088b2
4026531872;3766484880;1176;3766484836;70;1179;2147483864;0;4249102211;4026531900;70;2147483868;0;f000003c00000046800000dc00;e9adde77eafff77ee2e774e662204ca289dbfdbdfa4ab58c6546359d740cb0fe
4026531896;50;1934;4026531900;70;1935;2147483868;0;4244073187;0;0;2147483824;0;0000000000000000800000b000;2990c9fe0cb0da32afb8377b5a7b399b6d551aab2cc0a319c9c7afcc72cd4eba
4026531872;3766484880;1176;3766484856;3766484900;1181;2147483824;0;4270073603;4026531896;3766484900;2147483828;0;f0000038e07fffa4800000b400;ed8b385a5ffe4843f5b6dfd329074cf647068979181a20674cb37a84a07530ac
4026531872;3766484880;1176;3766484860;50;1933;2147483828;0;4274268035;4026531900;50;2147483832;0;f000003c00000032800000b800;9ed3d8d74148037d7731936fa9371e525837affbd9e3dd51ef7f36b50068790c
4026531896;3766484900;1937;4026531900;50;1938;2147483832;0;16189363;4026531900;3766484950;2147483836;0;f000003ce07fffd6800000bc00;01463216c312a03f601ce7ab9a6242c829f98e2fab31836e197324e899b554ae
4026531872;3766484880;1176;3766484840;0;1178;2147483836;0;4253296387;4026531896;0;2147483840;0;f000003800000000800000c000;c04513c7011155a5fc92a8a811ba9f88921652408761c2ec01ebe56b460937ca
4026531896;0;1940;0;0;0;2147483840;0;267876115;4026531896;0;2147483844;0;f000003800000000800000c400;3a02ea82d34a0df3c4038e057e475fb5aaf9dbf6d59a76f62d729bfa59871bcf
4026531900;3766484950;1939;3766484948;0;1930;2147483844;0;15171619;4026531968;0;2147483844;1;f000008000000000800000c401;e6576c05066754a017fdca1de966a11f461760f2f2fb5f87b7edead2236acdd4
4026531900;3766484950;1939;4026531896;0;1941;2147483844;1;15171619;4026531972;0;2147483844;2;f000008400000000800000c402;97e5fe8d46841d0ccf419386aa10e56cab27ab238d4d7a1fe5e4fc0ec6d51d6e
4026531968;0;1942;4026531972;0;1943;2147483844;2;15171619;4026531968;0;2147483844;3;f000008000000000800000c403;a8c0903ade9e5f856d9d7b47f1c33da2539bc9f9b8469f1db9d66d983e2dfe4f
4026531900;3766484950;1939;4026531968;0;1944;2147483844;3;15171619;3766484948;0;2147483848;0;e07fffd400000000800000c800;10ae6f3bf28c78b86fdd28f67969fea87cd8598e40b36863a1e80b4453ec48ff
4026531872;3766484880;1176;3766484860;50;1933;2147483848;0;4274268035;4026531900;50;2147483852;0;f000003c00000032800000cc00;b54dce8067e0dd219319aac852af39a1853cde007592bbe12e5a5131ba5930ff
4026531900;50;1946;0;0;0;2147483852;0;1542035;4026531900;51;2147483856;0;f000003c00000033800000d000;ae329146e5a8cee89a892892727233b03cca18788ca772c67d52d8e0b01eefb9
4026531872;3766484880;1176;4026531900;51;1947;2147483856;0;4277413411;3766484860;51;2147483860;0;e07fff7c00000033800000d400;2a06b9ecb94b3b02b706e5069e9db0b92d928f5d3e4a5c91d6209bb2273b63cc
4026531872;3766484880;1176;3766484860;51;1948;2147483860;0;4274267907;4026531896;51;2147483864;0;f000003800000033800000d800;3cc2152f482e5ed8af412e0ad514d95ca24fa84b4b9911e83d401c72acf086f5
4026531872;3766484880;1176;3766484836;70;1179;2147483864;0;4249102211;4026531900;70;2147483868;0;f000003c00000046800000dc00;50687ed4f12d10dc699b5e66b31c3a4bb2722b8eb83678bc437fc9e7726032de
4026531896;51;1949;4026531900;70;1950;2147483868;0;4244073187;0;0;2147483824;0;0000000000000000800000b000;f0c34685ba808f347cd82dfe099c718325a01a4c51dc59f3c20be00323458d5e
4026531872;3766484880;1176;3766484856;3766484900;1181;2147483824;0;4270073603;4026531896;3766484900;2147483828;0;f0000038e07fffa4800000b400;b281504c8b71156a0b0153cb41271f4bf32e607dce050ee6550c5b0ff50aee70
4026531872;3766484880;1176;3766484860;51;1948;2147483828;0;4274268035;4026531900;51;2147483832;0;f000003c00000033800000b800;e2ddf73d2cdbc25af288ec818f8c545c6d772c8c0b5319cd7a1720344e0d9aaf
4026531896;3766484900;1952;4026531900;51;1953;2147483832;0;16189363;4026531900;3766484951;2147483836;0;f000003ce07fffd7800000bc00;db87453704f866a2b5eac6437487e064dfe5f063794fbbd3cbe318ef27a31742
4026531872;3766484880;1176;3766484840;0;1178;2147483836;0;4253296387;4026531896;0;2147483840;0;f000003800000000800000c000;a709abf654516572e1c4961dbfad07f2c1501d4e8b964559487b843e30d2b717
4026531896;0;1955;0;0;0;2147483840;0;267876115;4026531896;0;2147483844;0;f000003800000000800000c400;aed5d9194b15758673f71680b1c08d85f74b31ab3432f8ba394f728170294aa7
4026531900;3766484951;1954;3766484948;0;1945;2147483844;0;15171619;4026531968;0;2147483844;1;f000008000000000800000c401;bf7907d23fc18c05fd37384fc42adeed013d8ebcd4317baa918ce2415672c3af
4026531900;3766484951;1954;4026531896;0;1956;2147483844;1;15171619;4026531972;0;2147483844;2;f000008400000000800000c402;b18100a7ef647b53972acab31c3d602484491838924c06cab3b96cae3459f5f4
4026531968;0;1957;4026531972;0;1958;2147483844;2;15171619;4026531968;0;2147483844;3;f000008000000000800000c403;5f5b57c800dba417675bbaad81647b7717ea93f9a92eccf0047ec97e5489aac9
4026531900;3766484951;1954;4026531968;0;1959;2147483844;3;15171619;3766484948;0;2147483848;0;e07fffd400000000800000c800;e2b9cfcc8258721a791e1e406b8fef4b3f7f67a3d99e47914ebe4cfc028366f9
4026531872;3766484880;1176;3766484860;51;1948;2147483848;0;4274268035;4026531900;51;2147483852;0;f000003c00000033800000cc00;5b9bc8f283691b23e123e8d0e0d703fd01260c5605ad1247df012db9a46fcd49
4026531900;51;1961;0;0;0;2147483852;0;1542035;4026531900;52;2147483856;0;f000003c00000034800000d000;d0bed433a3864518354c978d45237fdbb8902105b2b2a07244a6190c1a5d2b61
4026531872;3766484880;1176;4026531900;52;1962;2147483856;0;4277413411;3766484860;52;2147483860;0;e07fff7c00000034800000d400;98f9f943c7f38f9219dd0fe8e9eb303b5e45d90d8f4963af8318e03e43ce5817
4026531872;3766484880;1176;3766484860;52;1963;2147483860;0;4274267907;4026531896;52;2147483864;0;f000003800000034800000d800;823862a7b452859ca01d035ebbc665e11fcf3190f76e9bcaa72f22835123d286
4026531872;3766484880;1176;3766484836;70;1179;2147483864;0;4249102211;4026531900;70;2147483868;0;f000003c00000046800000dc00;2b2cfd172c649f5d8240bba541e71f13dfb2ecf8a44a12a822c4032981665738
4026531896;52;1964;4026531900;70;1965;2147483868;0;4244073187;0;0;2147483824;0;0000000000000000800000b000;a445af252c2d4fe54e0dbfdb47c97619d351ce4dc4cafb241d7ec27d3feb133e
4026531872;3766484880;1176;3766484856;3766484900;1181;2147483824;0;4270073603;4026531896;3766484900;2147483828;0;f0000038e07fffa4800000b400;5e11a2d5e7051d204409856b84da51bb24171a9b694b01814e108c47a73a1afb
4026531872;3766484880;1176;3766484860;52;1963;2147483828;0;4274268035;4026531900;52;2147483832;0;f000003c00000034800000b800;626bb8baa0084cf90b3643723b00eb23dff33232dd1034e4db4ccd190333cbc9
4026531896;3766484900;1967;4026531900;52;1968;2147483832;0;16189363;4026531900;3766484952;2147483836;0;f000003ce07fffd8800000bc00;36c04ffa10115489e1fbc9f5b649e50333cacf9497166922618733a1b845bda7
4026531872;3766484880;1176;3766484840;0;1178;2147483836;0;4253296387;4026531896;0;2147483840;0;f000003800000000800000c000;ae939ab642843b6487bf8ac7a88a90654cc84f67b0334f7a08301bef6845380c
4026531896;0;1970;0;0;0;2147483840;0;267876115;4026531896;0;2147483844;0;f000003800000000800000c400;b6263773336131b2f0f2b3645e5e50be0681139cfb16a7f608d98cc7b8e42bd6
4026531900;3766484952;1969;3766484952;0;861;2147483844;0;15171619;4026531968;0;2147483844;1;f000008000000000800000c401;512794bdfcae562a4b316834ddeba2a84c0bf4e38219317e506b90a3dba86677
4026531900;3766484952;1969;4026531896;0;1971;2147483844;1;15171619;4026531972;0;2147483844;2;f000008400000000800000c402;e371752563276d58c3f7a8e1c678c1b4aaeb2e9653c5fa10c9eee5c9632fbdff
4026531968;0;1972;4026531972;0;1973;2147483844;2;15171619;4026531968;0;2147483844;3;f000008000000000800000c403;5e155775c489b929ff214740875d5dfc761ef7beccf7ea278e18f52d3281df60
4026531900;3766484952;1969;4026531968;0;1974;2147483844;3;15171619;3766484952;0;2147483848;0;e07fffd800000000800000c800;5eedd5a03fa7e3b7b6e382b139664379467634dfc5aa1707fb40af65df8a05f6
4026531872;3766484880;1176;3766484860;52;1963;2147483848;0;4274268035;4026531900;52;2147483852;0;f000003c00000034800000cc00;e1eaf9c6d690614860a4b53cb18769c72857adb3a96438d0463e410ffe8a3cc8
4026531900;52;1976;0;0;0;2147483852;0;1542035;4026531900;53;2147483856;0;f000003c00000035800000d000;df9ed7f345574af4fda060766bda1e64a32f45bd22ca33e285bf4940e08746b4
4026531872;3766484880;1176;4026531900;53;1977;2147483856;0;4277413411;3766484860;53;2147483860;0;e07fff7c00000035800000d400;4a2e49fc03fe847e2c0ac275ad721c562af877e1270d9eeaa3dc0489ba79d8bc
4026531872;3766484880;1176;3766484860;53;1978;2147483860;0;4274267907;4026531896;53;2147483864;0;f000003800000035800000d800;8f05a511c99072410b574a2b41215926a87e08b867c60dbab6799626f4cb3347
4026531872;3766484880;1176;3766484836;70;1179;2147483864;0;4249102211;4026531900;70;2147483868;0;f000003c00000046800000dc00;38b7c626648b1b603d2899771b4b87d93f19cb34aa93d067a6355a94cf9b7902
4026531896;53;1979;4026531900;70;1980;2147483868;0;4244073187;0;0;2147483824;0;0000000000000000800000b000;3473498eba845223b383f7514df349b83669828dac80f9e4ff63923453a9e81e
4026531872;3766484880;1176;3766484856;3766484900;1181;2147483824;0;4270073603;4026531896;3766484900;2147483828;0;f0000038e07fffa4800000b400;d8fb970505aebd652ea96c4f5eb34230c807d79ba6df770fdf0d8f400febd610
4026531872;3766484880;1176;3766484860;53;1978;2147483828;0;4274268035;4026531900;53;2147483832;0;f000003c00000035800000b800;b3908388aa0cf7573f39f61b23b99ef1fe35e61c575255c617688df81c7d0efd
4026531896;3766484900;1982;4026531900;53;1983;2147483832;0;16189363;4026531900;3766484953;2147483836;0;f000003ce07fffd9800000bc00;6adae91e0ca4623a1fdbb49b1f767dfe574967267c10ac9286aba4967fd242e0
4026531872;3766484880;1176;3766484840;0;1178;2147483836;0;4253296387;4026531896;0;2147483840;0;f000003800000000800000c000;43965db814f1d2307a3d371804d119c8feb13c98d775d63cb993969a18cb047b
4026531896;0;1985;0;0;0;2147483840;0;267876115;4026531896;0;2147483844;0;f000003800000000800000c400;00bcd515a2cceca5caccc61030466cc191e63df2a221cb2767458cbccf042e7d
4026531900;3766484953;1984;3766484952;0;1975;2147483844;0;15171619;4026531968;0;2147483844;1;f000008000000000800000c401;29f158ccf47571174fdac2a89d9ccdf0575d44b9b1d568963382d3cfa8c392d3
4026531900;3766484953;1984;4026531896;0;1986;2147483844;1;15171619;4026531972;0;2147483844;2;f000008400000000800000c402;115c91c8dc6372610cb284255ab66c764aa5efbe17ae682c533dd2a5d9be2ca5
4026531968;0;1987;4026531972;0;1988;2147483844;2;15171619;4026531968;0;2147483844;3;f000008000000000800000c403;d2bef6ac87bf868d00257360b85911ca609a72981e24285876f29d8df35e31af
4026531900;3766484953;1984;4026531968;0;1989;2147483844;3;15171619;3766484952;0;2147483848;0;e07fffd800000000800000c800;14eb86193fac62717d0c9babb520e1a6888790c410dfa842882bd2136644cc4d
4026531872;3766484880;1176;3766484860;53;1978;2147483848;0;4274268035;4026531900;53;2147483852;0;f000003c00000035800000cc00;016cf259835f7d511199fc32f65097c806d6e6cd0a8564aea5af8c8ac3dbef93
4026531900;53;1991;0;0;0;2147483852;0;1542035;4026531900;54;2147483856;0;f000003c00000036800000d000;2080438190d7392fb964abc74e4a0d227f2224c672ea1f9fff6c136358044c2b
4026531872;3766484880;1176;4026531900;54;1992;2147483856;0;4277413411;3766484860;54;2147483860;0;e07fff7c00000036800000d400;d6030c26f4f705de22096cb84150a0a8ff984264335d11d46ff48deed4557d53
4026531872;3766484880;1176;3766484860;54;1993;2147483860;0;4274267907;4026531896;54;2147483864;0;f000003800000036800000d800;02685be066a478bc46afb759fffcda2fac0b097207ddeac0bf7261fee6ac3c5a
4026531872;3766484880;1176;3766484836;70;1179;2147483864;0;4249102211;4026531900;70;2147483868;0;f000003c00000046800000dc00;4dee8af3e7f755e191279f87ec6f946b737d63ff6ac07cd22c85e4a0fccda68c
4026531896;54;1994;4026531900;70;1995;2147483868;0;4244073187;0;0;2147483824;0;0000000000000000800000b000;c6ff42e4e6195fb35bee4aece3f6895725206832182bc4cedbb69ada3921be6f
4026531872;3766484880;1176;3766484856;3766484900;1181;2147483824;0;4270073603;4026531896;3766484900;2147483828;0;f0000038e07fffa4800000b400;ba484e529dc1394e8d172c3800a8871c8fb1fa48fd9ba3e3f6de4b1c56e53f98
4026531872;3766484880;1176;3766484860;54;1993;2147483828;0;4274268035;4026531900;54;2147483832;0;f000003c00000036800000b800;c6914b5ecc6a68643d9c67129556bfe5bfd1d9e8aaaf71a2ca5f65bbef2796dc
4026531896;3766484900;1997;4026531900;54;1998;2147483832;0;16189363;4026531900;3766484954;2147483836;0;f000003ce07fffda800000bc00;1f74c3cf577c49ffe88fa8aaf67e590a5f0680d3bf996536253a8275065aa9fb
4026531872;3766484880;1176;3766484840;0;1178;2147483836;0;4253296387;4026531896;0;2147483840;0;f000003800000000800000c000;589b6fe7c471ab433da81038f4d903f130990a5895d1ffff6d74dd560bae5842
4026531896;0;2000;0;0;0;2147483840;0;267876115;4026531896;0;2147483844;0;f000003800000000800000c400;974b30608cd627c9b82034a63789f6462001ffdf54c1641a1f4022d041c2b7df
4026531900;3766484954;1999;3766484952;0;1990;2147483844;0;15171619;4026531968;0;2147483844;1;f000008000000000800000c401;de429e67ba3e5b263df43750767da2a3c41d58f8ebd865c208c386b0edf45253
4026531900;3766484954;1999;4026531896;0;2001;2147483844;1;15171619;4026531972;0;2147483844;2;f000008400000000800000c402;d5020abeb12fcf9034863b8edea4756f890c14bc749e4b622dd48c43d5a6762c
4026531968;0;2002;4026531972;0;2003;2147483844;2;15171619;4026531968;0;2147483844;3;f000008000000000800000c403;4d26af73a4a00bc2d42eb6b87752659f348070de3ead5874140761e2f685b741
4026531900;3766484954;1999;4026531968;0;2004;2147483844;3;15171619;3766484952;0;2147483848;0;e07fffd800000000800000c800;66a60609ec3c1e01ff8e39fdc38fcd03938de7315b7813c4c284d41425302645
4026531872;3766484880;1176;3766484860;54;1993;2147483848;0;4274268035;4026531900;54;2147483852;0;f000003c00000036800000cc00;d70ed770745f0f838d532385fad21d9d292c72fef4ed6b015354c470b1dea141
4026531900;54;2006;0;0;0;2147483852;0;1542035;4026531900;55;2147483856;0;f000003c00000037800000d000;d7fda0b7aa567c1ba3387fd2aa33689f562bd2b53a3c66e80a07782dc4b287a4
4026531872;3766484880;1176;4026531900;55;2007;2147483856;0;4277413411;3766484860;55;2147483860;0;e07fff7c00000037800000d400;909c0b4b07b5c1afcc02e6bf64f82e831b6ae4e4021521eed031b797c8b4a9ca
4026531872;3766484880;1176;3766484860;55;2008;2147483860;0;4274267907;4026531896;55;2147483864;0;f000003800000037800000d800;7eba393db6fedfcec9374f640ff3dd0b4d4675ff100f5ca8a0aa274de57b7f73
4026531872;3766484880;1176;3766484836;70;1179;2147483864;0;4249102211;4026531900;70;2147483868;0;f000003c00000046800000dc00;a6c74e7b629fd7ab52a806e4289401d85c237c8f788ff612fe3c20e4ac48331f
4026531896;55;2009;4026531900;70;2010;2147483868;0;4244073187;0;0;2147483824;0;0000000000000000800000b000;ad6a875638712a2494fff5192e1ad59c8ba948f65077e8e69bae8d71b6d604b6
4026531872;3766484880;1176;3766484856;3766484900;1181;2147483824;0;4270073603;4026531896;3766484900;2147483828;0;f0000038e07fffa4800000b400;ef1823917169efdbe74d66afa6077a8fb023c3d161225dd5b54c0d7afdecff85
4026531872;3766484880;1176;3766484860;55;2008;2147483828;0;4274268035;4026531900;55;2147483832;0;f000003c00000037800000b800;9cf067154ea77b667951b6cef0cdec3cc3680112db97500556289de360c71fc2
4026531896;3766484900;2012;4026531900;55;2013;2147483832;0;16189363;4026531900;3766484955;2147483836;0;f000003ce07fffdb800000bc00;d0f01f6fd9c71f515a4379293a5ee3994d982551f9b48555e03c701c101b7cf3
4026531872;3766484880;1176;3766484840;0;1178;2147483836;0;4253296387;4026531896;0;2147483840;0;f000003800000000800000c000;a11da53f00c30c6df5889dd6dcce1909e55f1768532699b1092b0a4e93c23ad8
4026531896;0;2015;0;0;0;2147483840;0;267876115;4026531896;0;2147483844;0;f000003800000000800000c400;e47a933c695e776877dc33d8baee90059ddc2d3ffc4af3eb197b586a38cca75f
4026531900;3766484955;2014;3766484952;0;2005;2147483844;0;15171619;4026531968;0;2147483844;1;f000008000000000800000c401;b4539484a271cb6e176b9852b7d3df26b491946e405d99ef270edd8bbde6d370
4026531900;3766484955;2014;4026531896;0;2016;2147483844;1;15171619;4026531972;0;2147483844;2;f000008400000000800000c402;4b333a5f2a59d5f0dda8991fa8f7bd32ed90b28a0119f654b48ce3a56ccb564a
4026531968;0;2017;4026531972;0;2018;2147483844;2;15171619;4026531968;0;2147483844;3;f000008000000000800000c403;f8a7c912861d65cb12f66f698fc5cfa7bf5604f38c07291017db97d2828cfb59
4026531900;3766484955;2014;4026531968;0;2019;2147483844;3;15171619;3766484952;0;2147483848;0;e07fffd800000000800000c800;6dc8b37c1de1ddfe0d9d50d0b7eaa7707848ecae808dd231b8256d0a4c1dc346
4026531872;3766484880;1176;3766484860;55;2008;2147483848;0;4274268035;4026531900;55;2147483852;0;f000003c00000037800000cc00;6821c4222b434d2cbfa92ad2dd8a71b42100711329619bf33c9378249ba2ad73
4026531900;55;2021;0;0;0;2147483852;0;1542035;4026531900;56;2147483856;0;f000003c00000038800000d000;531f7db2b13808731909df78ac9532da1c2577e6621428c8cf4854fc43b0dc9e
4026531872;3766484880;1176;4026531900;56;2022;2147483856;0;4277413411;3766484860;56;2147483860;0;e07fff7c00000038800000d400;e950c7903cc661736127684e2b6e90120c0bd2e65b685be5bd4cde52ad53ed65
4026531872;3766484880;1176;3766484860;56;2023;2147483860;0;4274267907;4026531896;56;2147483864;0;f000003800000038800000d800;0bc6d78f9183b8c42994926d352b8893f6050103e27dbba2fa49519de93526b5
4026531872;3766484880;1176;3766484836;70;1179;2147483864;0;4249102211;4026531900;70;2147483868;0;f000003c00000046800000dc00;8f5feeda6bd6c345cdfee7002e50c496c9af4fefdee402ebc2f00e4d5362ad9f
4026531896;56;2024;4026531900;70;2025;2147483868;0;4244073187;0;0;2147483824;0;0000000000000000800000b000;a948504311487a96d677591fe09f7d95914f2b64bd927a88b6358710b29f64f6
4026531872;3766484880;1176;3766484856;3766484900;1181;2147483824;0;4270073603;4026531896;3766484900;2147483828;0;f0000038e07fffa4800000b400;b0c6dd32583d41cf901f3a2fe37dfbb724b7560fdfe8b2a96fb1000ef2a79b77
4026531872;3766484880;1176;3766484860;56;2023;2147483828;0;4274268035;4026531900;56;2147483832;0;f000003c00000038800000b800;ac29b57f5500ff7476af8ed0f3bad5fb9905d36dde88a2c55954cee7e5a6208e
4026531896;3766484900;2027;4026531900;56;2028;2147483832;0;16189363;4026531900;3766484956;2147483836;0;f000003ce07fffdc800000bc00;8b33f44eb76a67e2a5749f4b9347599a62328645ac9ee9b7d627facd793eeaf1
4026531872;3766484880;1176;3766484840;0;1178;2147483836;0;4253296387;4026531896;0;2147483840;0;f000003800000000800000c000;acb0eb9b8c81d21bddbcc1106388487bc9892f766a74fd27c54efc4f352fe93a
4026531896;0;2030;0;0;0;2147483840;0;267876115;4026531896;0;2147483844;0;f000003800000000800000c400;cdea61826d80702292c2332260eab4cb94b2be6fdb743334d1e5df94a04573b7
4026531900;3766484956;2029;3766484956;0;921;2147483844;0;15171619;4026531968;0;2147483844;1;f000008000000000800000c401;269732f942cadfd0b0360f253db49933f659d9950c46d9361e6b2e12dde7927e
4026531900;3766484956;2029;4026531896;0;2031;2147483844;1;15171619;4026531972;0;2147483844;2;f000008400000000800000c402;e550ccaf21975cd6bfc670341699aa712aa6727d19f698a3714f12c776e601a8
4026531968;0;2032;4026531972;0;2033;2147483844;2;15171619;4026531968;0;2147483844;3;f000008000000000800000c403;cf8d644f63e891d53604a755d6c24f4435d30b642f375784257cd861578bd63f
4026531900;3766484956;2029;4026531968;0;2034;2147483844;3;15171619;3766484956;0;2147483848;0;e07fffdc00000000800000c800;36117a73203474267624bba0997005277c22b2579d4aa853ea08aa9897e1bc18
4026531872;3766484880;1176;3766484860;56;2023;2147483848;0;4274268035;4026531900;56;2147483852;0;f000003c00000038800000cc00;dd1c2050ed8b686acbf809654db10149a7c96292b435f50afb7b4749167943ab
4026531900;56;2036;0;0;0;2147483852;0;1542035;4026531900;57;2147483856;0;f000003c00000039800000d000;29e572e8de656654b43ec4a7dac9e1ec52253d2950a43e349648fcab29f342d7
4026531872;3766484880;1176;4026531900;57;2037;2147483856;0;4277413411;3766484860;57;2147483860;0;e07fff7c00000039800000d400;468832d2eb12bee9f451dc43034eb80c6b3bd85f449b03fd291a1a947176b754
4026531872;3766484880;1176;3766484860;57;2038;2147483860;0;4274267907;4026531896;57;2147483864;0;f000003800000039800000d800;836d67d39c1700d6462864cfdfce43e19268035bf67e95a0b69615aa77ff7d86
4026531872;3766484880;1176;3766484836;70;1179;2147483864;0;4249102211;4026531900;70;2147483868;0;f000003c00000046800000dc00;4ffb990a4334b6ff1ef37930ca9d186f0fe4f6270c91e21052cb2a0e0b1090ce
4026531896;57;2039;4026531900;70;2040;2147483868;0;4244073187;0;0;2147483824;0;0000000000000000800000b000;be3eb66bc7fbdbc6129b8bde59abad96af42de7547a18dabfa3f6e7962401dee
4026531872;3766484880;1176;3766484856;3766484900;1181;2147483824;0;4270073603;4026531896;3766484900;2147483828;0;f0000038e07fffa4800000b400;d16a948e902ff9113036a6babfeb22691fd06ef0e4dd09fa5ff3607e2ffde51a
4026531872;3766484880;1176;3766484860;57;2038;2147483828;0;4274268035;4026531900;57;2147483832;0;f000003c00000039800000b800;eca7f8266d25fd1f9a24453c7e955e30ede986c0e67183bbd3c22590a885d785
4026531896;3766484900;2042;4026531900;57;2043;2147483832;0;16189363;4026531900;3766484957;2147483836;0;f000003ce07fffdd800000bc00;449e0608430261136037106d4a5e03d4cf0286889576a38d9705e2a743fa0334
4026531872;3766484880;1176;3766484840;0;1178;2147483836;0;4253296387;4026531896;0;2147483840;0;f000003800000000800000c000;38a96085790bd217904a4e5654e57861d70ca62a345af0c4f1f3556b8434ab36
4026531896;0;2045;0;0;0;2147483840;0;267876115;4026531896;0;2147483844;0;f000003800000000800000c400;e97d03caa408373d61dc84e4a290e846ec32f008157392b8b41d0ee52493f980
4026531900;3766484957;2044;3766484956;0;2035;2147483844;0;15171619;4026531968;0;2147483844;1;f000008000000000800000c401;17a05b2ce3a961089e011a232a342e57eba5b2cd2687306a6a3c88259bca2084
4026531900;3766484957;2044;4026531896;0;2046;2147483844;1;15171619;4026531972;0;2147483844;2;f000008400000000800000c402;cab828e04e2f568949321630a23f87ab8f3138fa02cceaf8451bbe5e46baedbe
4026531968;0;2047;4026531972;0;2048;2147483844;2;15171619;4026531968;0;2147483844;3;f000008000000000800000c403;e811c82c0131fda718d9117d7d704ed62aae544cb63b9ea0d953deda8d383c69
4026531900;3766484957;2044;4026531968;0;2049;2147483844;3;15171619;3766484956;0;2147483848;0;e07fffdc00000000800000c800;970d4d405f960ad22ce528b8e8e03449e33d6021e8dc3d8d3e7be66455cd711f
4026531872;3766484880;1176;3766484860;57;2038;2147483848;0;4274268035;4026531900;57;2147483852;0;f000003c00000039800000cc00;7164cc0aea2213511bda07b8af39c62ff7095cada6c8adaf350d9dcbf4f4b805
4026531900;57;2051;0;0;0;2147483852;0;1542035;4026531900;58;2147483856;0;f000003c0000003a800000d000;251a8c1fe8951dde294a9765d83e02a7581aa1fb27bf79199babf643511ed397
4026531872;3766484880;1176;4026531900;58;2052;2147483856;0;4277413411;3766484860;58;2147483860;0;e07fff7c0000003a800000d400;1603c87c1d01bca7fa0ed03f014fbf366289a155f5e94e07027bda9731a7cfc9
4026531872;3766484880;1176;3766484860;58;2053;2147483860;0;4274267907;4026531896;58;2147483864;0;f00000380000003a800000d800;a8b71334e5e00e01bc3af25250c2991c0d7b96b2b62d449c51242d49d569ab2d
4026531872;3766484880;1176;3766484836;70;1179;2147483864;0;4249102211;4026531900;70;2147483868;0;f000003c00000046800000dc00;da6a057ef1730c9889a811c0e1d5cde0d9f3f3929d10458164233b882ae22ff0
4026531896;58;2054;4026531900;70;2055;2147483868;0;4244073187;0;0;2147483824;0;0000000000000000800000b000;9a9d5fae3b92b5f98aca18a2f330f7cebc6151d3db0923d2e1178b28871c862a
4026531872;3766484880;1176;3766484856;3766484900;1181;2147483824;0;4270073603;4026531896;3766484900;2147483828;0;f0000038e07fffa4800000b400;ac3adda1ea6758481aa8f838cbd4803d7df7e4036a72a50b214afebf17c1b43f
4026531872;3766484880;1176;3766484860;58;2053;2147483828;0;4274268035;4026531900;58;2147483832;0;f000003c0000003a800000b800;e1f4875203a27d641c3638234f30631479dd9d99b4cd7b25694c21aae6e42ca0
4026531896;3766484900;2057;4026531900;58;2058;2147483832;0;16189363;4026531900;3766484958;2147483836;0;f000003ce07fffde800000bc00;6916d1344a3ab359389db44352b17350387f9b40f744c6f558fb54d2e17b3587
4026531872;3766484880;1176;3766484840;0;1178;2147483836;0;4253296387;4026531896;0;2147483840;0;f000003800000000800000c000;23b110623bfa245df8d61e384e6f383c9188cb45842bd22ef401fe18569f9427
4026531896;0;2060;0;0;0;2147483840;0;267876115;4026531896;0;2147483844;0;f000003800000000800000c400;85fdfb043ccfe50344465b109d3489e5c93b0c5d01106f89fb910a30ddf443a9
4026531900;3766484958;2059;3766484956;0;2050;2147483844;0;15171619;4026531968;0;2147483844;1;f000008000000000800000c401;322adba61bbaa30989106bfee4aca396e56044210919e859161fe646ffd934fb
4026531900;3766484958;2059;4026531896;0;2061;2147483844;1;15171619;4026531972;0;2147483844;2;f000008400000000800000c402;d40b171b608e5aa711beb3d1a6807aa4614b55313801b3df884a0a1be726dca6
4026531968;0;2062;4026531972;0;2063;2147483844;2;15171619;4026531968;0;2147483844;3;f000008000000000800000c403;f4229bf80827cca17eadd05b87a77aaeb34651f7192b21821861283164a76658
4026531900;3766484958;2059;4026531968;0;2064;2147483844;3;15171619;3766484956;0;2147483848;0;e07fffdc00000000800000c800;35cc82daf7e331f421955d87e30d697843a54c0c5209954b293a32c08d6526ed
4026531872;3766484880;1176;3766484860;58;2053;2147483848;0;4274268035;4026531900;58;2147483852;0;f000003c0000003a800000cc00;d1d8f539abd01bf375a1412c82b851a63b92b668f4e21824197bbf3bff5d75f2
4026531900;58;2066;0;0;0;2147483852;0;1542035;4026531900;59;2147483856;0;f000003c0000003b800000d000;a41f466ac6175767601fbb72b42d59f4a4fcfdb70b7c4d8f2db923b142a663c3
4026531872;3766484880;1176;4026531900;59;2067;2147483856;0;4277413411;3766484860;59;2147483860;0;e07fff7c0000003b800000d400;8de0a6326401024d9a1fa6ea2e8b04580b61c3a26fcd3b2c6b13f376db1d87b3
4026531872;3766484880;1176;3766484860;59;2068;2147483860;0;4274267907;4026531896;59;2147483864;0;f00000380000003b800000d800;6b4dea78cc7cf05890627e3e1ad5e04c9972de1df360214626de8ab4ae393e10
4026531872;3766484880;1176;3766484836;70;1179;2147483864;0;4249102211;4026531900;70;2147483868;0;f000003c00000046800000dc00;fcb0ac23fae82ef8422fe68c9e46af9bab8aa00f40962138f75a3f992270b7c9
4026531896;59;2069;4026531900;70;2070;2147483868;0;4244073187;0;0;2147483824;0;0000000000000000800000b000;dc4d1c18190fdd1c855f3e5d31e4213c1c9d7c5006f266b7165d581a19c1135c
4026531872;3766484880;1176;3766484856;3766484900;1181;2147483824;0;4270073603;4026531896;3766484900;2147483828;0;f0000038e07fffa4800000b400;de2c863afa74a1fbbeb4f5e5716804c5c4ebcb69f2d7f7fd71e5cf39120aa71c
4026531872;3766484880;1176;3766484860;59;2068;2147483828;0;4274268035;4026531900;59;2147483832;0;f000003c0000003b800000b800;32cfaf0f5cd7f9876ab921b0d08fa16e05e97f649711c062b254ad336522159c
4026531896;3766484900;2072;4026531900;59;2073;2147483832;0;16189363;4026531900;3766484959;2147483836;0;f000003ce07fffdf800000bc00;a21befe5f406ac36026644315e1e96310562727287da5e4165890241e5828439
4026531872;3766484880;1176;3766484840;0;1178;2147483836;0;4253296387;4026531896;0;2147483840;0;f000003800000000800000c000;daa93e9de973b38c2126cf5e30173182a523c930c95deaea86114996d8f7822c
4026531896;0;2075;0;0;0;2147483840;0;267876115;4026531896;0;2147483844;0;f000003800000000800000c400;2ab027d58a8688b0653a1eb7f91b938e695e9d49cf781d3e87c74a20b7b5400b
4026531900;3766484959;2074;3766484956;0;2065;2147483844;0;15171619;4026531968;0;2147483844;1;f000008000000000800000c401;06260803244e175bf68ada54135098aeddf19edf92e145fed65114f2ee7de1f8
4026531900;3766484959;2074;4026531896;0;2076;2147483844;1;15171619;4026531972;0;2147483844;2;f000008400000000800000c402;246e281e6b7b1e86eea82509518e5b80a10e0e44441126267ff77dfa43943ffb
4026531968;0;2077;4026531972;0;2078;2147483844;2;15171619;4026531968;0;2147483844;3;f000008000000000800000c403;278902f263b32661ee8949c3e6d87b1c1fe76254b70049b944b9348092b9365f
4026531900;3766484959;2074;4026531968;0;2079;2147483844;3;15171619;3766484956;0;2147483848;0;e07fffdc00000000800000c800;3187207bfeeac7d15e682a126763cfeaa73030ff298b80783104911475e6abe8
4026531872;3766484880;1176;3766484860;59;2068;2147483848;0;4274268035;4026531900;59;2147483852;0;f000003c0000003b800000cc00;89bba50f32de50597386f123e0f212eb9968e8a90fb12d97016315820a9f2e32
4026531900;59;2081;0;0;0;2147483852;0;1542035;4026531900;60;2147483856;0;f000003c0000003c800000d000;66c2e56dfd6a87abea256121ec85ed1440768c59a6f5aeebe28883607e7d0445
4026531872;3766484880;1176;4026531900;60;2082;2147483856;0;4277413411;3766484860;60;2147483860;0;e07fff7c0000003c800000d400;5123a936efdb71f53b3b9da8e4b7eca7c7faa954b3814c18b693cae90033c087
4026531872;3766484880;1176;3766484860;60;2083;2147483860;0;4274267907;4026531896;60;2147483864;0;f00000380000003c800000d800;9cc963813a01ba1cfa812516d14bdfcdb0ebb8d9fcd4d6c06c013934a397d946
4026531872;3766484880;1176;3766484836;70;1179;2147483864;0;4249102211;4026531900;70;2147483868;0;f000003c00000046800000dc00;1ed451ee4259cce74f040f817800283d944931be755d08fbf90bb73f0b2ffa52
4026531896;60;2084;4026531900;70;2085;2147483868;0;4244073187;0;0;2147483824;0;0000000000000000800000b000;0198d3de3c678fffe4f80ebc094bc54fe618a72f9d582b04d1e709755bff835d
4026531872;3766484880;1176;3766484856;3766484900;1181;2147483824;0;4270073603;4026531896;3766484900;2147483828;0;f0000038e07fffa4800000b400;7528ce34994e1538f1785741fb937c8991570884de49a90c931b324f031423d2
4026531872;3766484880;1176;3766484860;60;2083;2147483828;0;4274268035;4026531900;60;2147483832;0;f000003c0000003c800000b800;ca47808650a0dfbe52c96e92ce6a1f44fa1e25abdffd71eb0c2f2ed1e6493567
4026531896;3766484900;2087;4026531900;60;2088;2147483832;0;16189363;4026531900;3766484960;2147483836;0;f000003ce07fffe0800000bc00;2dd935a1762e69232b7a2a3096cd34d6c7560faaea49af8e7233ab71bfa6e16e
4026531872;3766484880;1176;3766484840;0;1178;2147483836;0;4253296387;4026531896;0;2147483840;0;f000003800000000800000c000;cb4c0757cc09d590c3de4d9c2f18bcd2255b1b5f646d3f89ca27896a44ba0131
4026531896;0;2090;0;0;0;2147483840;0;267876115;4026531896;0;2147483844;0;f000003800000000800000c400;4a80da8d34a1134f9c12bea9109f426e8c57cedae324b253953de15016a3c661
4026531900;3766484960;2089;3766484960;0;981;2147483844;0;15171619;4026531968;0;2147483844;1;f000008000000000800000c401;0963501192b3b637f56191688ecd6770745681937100265acc1a2a7ba525ef87
4026531900;3766484960;2089;4026531896;0;2091;2147483844;1;15171619;4026531972;0;2147483844;2;f000008400000000800000c402;3b250b5fa7ff99d42ad9e3ae4941f84dc407c5cf937a0f1e5efd62e7c6b51eff
4026531968;0;2092;4026531972;0;2093;2147483844;2;15171619;4026531968;0;2147483844;3;f000008000000000800000c403;ad115631ef6bdb3a2cee988edbf56a47916c78e876a6cfdc0e8c2a947803008a
4026531900;3766484960;2089;4026531968;0;2094;2147483844;3;15171619;3766484960;0;2147483848;0;e07fffe000000000800000c800;ece4c4ff3266bbfd43f5c1fc1308d91bf3fa4236a835d3a2fdf31fbf09f05e2e
4026531872;3766484880;1176;3766484860;60;2083;2147483848;0;4274268035;4026531900;60;2147483852;0;f000003c0000003c800000cc00;4dfd37b67f0dba754d6c54b4573d6351e00fe4ac8a35ab5ba7a6bf695a9f705e
4026531900;60;2096;0;0;0;2147483852;0;1542035;4026531900;61;2147483856;0;f000003c0000003d800000d000;0b748af97b604a9ee83acff4853a08e595f0c7a0c620b7922cb6ee93854246a6
4026531872;3766484880;1176;4026531900;61;2097;2147483856;0;4277413411;3766484860;61;2147483860;0;e07fff7c0000003d800000d400;7c03360bff054fcd0d3e6f2bdeba47295d65149a1fc6fc81f912dcda22dcff2a
4026531872;3766484880;1176;3766484860;61;2098;2147483860;0;4274267907;4026531896;61;2147483864;0;f00000380000003d800000d800;d1d6d93949940d55e577914e4fd643bbc022e03237de57d7a51dcce0e3dca1fe
4026531872;3766484880;1176;3766484836;70;1179;2147483864;0;4249102211;4026531900;70;2147483868;0;f000003c00000046800000dc00;231bd32bf2e3ecdbd424bcb8fe146187f6e466d8830a60fe001c2b866efe481e
4026531896;61;2099;4026531900;70;2100;2147483868;0;4244073187;0;0;2147483824;0;0000000000000000800000b000;0713f7047a1db162b8a900f16313c66538cae717f92dc948a1bf28daf0c7b470
4026531872;3766484880;1176;3766484856;3766484900;1181;2147483824;0;4270073603;4026531896;3766484900;2147483828;0;f0000038e07fffa4800000b400;bca3c8caf44e54944d6cf7edbdc4927f7109b82b944ede08bbbafd2cb289ce34
4026531872;3766484880;1176;3766484860;61;2098;2147483828;0;4274268035;4026531900;61;2147483832;0;f000003c0000003d800000b800;63a67987c4f8e8721080a4852bf96187e008b2a272ce37c6ab04aee06f5eee38
4026531896;3766484900;2102;4026531900;61;2103;2147483832;0;16189363;4026531900;3766484961;2147483836;0;f000003ce07fffe1800000bc00;08cc5497202053569de634ebbd344d63877ec86444a650168d8c3a840db26e71
4026531872;3766484880;1176;3766484840;0;1178;2147483836;0;4253296387;4026531896;0;2147483840;0;f000003800000000800000c000;85dff8ae8865e04ec8fa6cefcb96391c895c290dad1e0621483920827b085099
4026531896;0;2105;0;0;0;2147483840;0;267876115;4026531896;0;2147483844;0;f000003800000000800000c400;4b823e48a64bf5c232ddc24768bcdb9785d69a770586ef04d794c536404d8887
4026531900;3766484961;2104;3766484960;0;2095;2147483844;0;15171619;4026531968;0;2147483844;1;f000008000000000800000c401;51d4a0e4c033c42cd98b1b78535f27abb68a32ee7c59af460422899a89dedac2
4026531900;3766484961;2104;4026531896;0;2106;2147483844;1;15171619;4026531972;0;2147483844;2;f000008400000000800000c402;40e2b41b0c18ff6ded5d6980f4f7c5616a338ea40a16a58b19feee5fbf1f64c2
4026531968;0;2107;4026531972;0;2108;2147483844;2;15171619;4026531968;0;2147483844;3;f000008000000000800000c403;ad88372677185606a8590fc36f075a8aaf2656481368b8af03108ffdccdc07d4
4026531900;3766484961;2104;4026531968;0;2109;2147483844;3;15171619;3766484960;0;2147483848;0;e07fffe000000000800000c800;d6647dbd4d9edff472c32bf3e0638dec5acc071e304714dfa97950c12830c828
4026531872;3766484880;1176;3766484860;61;2098;2147483848;0;4274268035;4026531900;61;2147483852;0;f000003c0000003d800000cc00;16c09c394d772a01cbb8ab2a90ee87e82b978aebf4ff138d1016ad5e0e478f5f
4026531900;61;2111;0;0;0;2147483852;0;1542035;4026531900;62;2147483856;0;f000003c0000003e800000d000;a98e7b702c5b8ccb8965c0528d0ce1d975bbc2ec23240f2d9da959bb3b1e3c50
4026531872;3766484880;1176;4026531900;62;2112;2147483856;0;4277413411;3766484860;62;2147483860;0;e07fff7c0000003e800000d400;26cdd8748af37cd2c6a8ad7e1ab78b3f699b8b322805b2d02ce3c9f10b9ea95a
4026531872;3766484880;1176;3766484860;62;2113;2147483860;0;4274267907;4026531896;62;2147483864;0;f00000380000003e800000d800;a74643620eb2bd2945e111a2d13edcaf3eff648e633af9562e8eb52054d8a15d
4026531872;3766484880;1176;3766484836;70;1179;2147483864;0;4249102211;4026531900;70;2147483868;0;f000003c00000046800000dc00;f4cdfb4b21c075b9de444760c8a9134243dc9c970d3ed583a92395bfdec0069e
4026531896;62;2114;4026531900;70;2115;2147483868;0;4244073187;0;0;2147483824;0;0000000000000000800000b000;561ea1e6047b115cfb96501fd6bcdbc128d7e12d16640bcd05ddb3a020534a75
4026531872;3766484880;1176;3766484856;3766484900;1181;2147483824;0;4270073603;4026531896;3766484900;2147483828;0;f0000038e07fffa4800000b400;297cd64ae162c0026c0d8c566062554957e170f3fd97041d10e481f2500b1633
4026531872;3766484880;1176;3766484860;62;2113;2147483828;0;4274268035;4026531900;62;2147483832;0;f000003c0000003e800000b800;36d6c17768e78b19888620e912c5aa4fbe5f47d15657f26cb6e9c4342e754ebc
4026531896;3766484900;2117;4026531900;62;2118;2147483832;0;16189363;4026531900;3766484962;2147483836;0;f000003ce07fffe2800000bc00;6e5be06b0d4a40db7e782c7c274184382dcf24ae3c078cedf39312f8e64ca1de
4026531872;3766484880;1176;3766484840;0;1178;2147483836;0;4253296387;4026531896;0;2147483840;0;f000003800000000800000c000;2f67f4e63c13e055259f85f5be762b2fc23158254795151a96f94d57d99c5439
4026531896;0;2120;0;0;0;2147483840;0;267876115;4026531896;0;2147483844;0;f000003800000000800000c400;52b15168e464963a85d6896c0fe52916a04b09c76d43e42218fce3c0876143b1
4026531900;3766484962;2119;3766484960;0;2110;2147483844;0;15171619;4026531968;0;2147483844;1;f000008000000000800000c401;dce92f89c819d0af453784d8658b1ac6aef2eb5c3e0d4992449a0686110662b1
4026531900;3766484962;2119;4026531896;0;2121;2147483844;1;15171619;4026531972;0;2147483844;2;f000008400000000800000c402;20cb52b6956edb290927d72134b4c51c61281e9abf7c2d0c8d6616b68b13fee5
4026531968;0;2122;4026531972;0;2123;2147483844;2;15171619;4026531968;0;2147483844;3;f000008000000000800000c403;e8171a50bf8f85056e2ee7bac2e52e53b2529167044015eca4221186c673c3bc
4026531900;3766484962;2119;4026531968;0;2124;2147483844;3;15171619;3766484960;0;2147483848;0;e07fffe000000000800000c800;db58b700463118d76eb05a8f9e2a87d7ebb459b53740fba94b3d713e9fe91b51
4026531872;3766484880;1176;3766484860;62;2113;2147483848;0;4274268035;4026531900;62;2147483852;0;f000003c0000003e800000cc00;777e0b378623c4cb1ae3b413152c8384d80750046bdd637cdc3b09969a13f1f8
4026531900;62;2126;0;0;0;2147483852;0;1542035;4026531900;63;2147483856;0;f000003c0000003f800000d000;7876d9ce0c91ae9cb7f30457705bf2d31e61e9984fc2713b7a96b39be1f35b9e
4026531872;3766484880;1176;4026531900;63;2127;2147483856;0;4277413411;3766484860;63;2147483860;0;e07fff7c0000003f800000d400;ab31e8a519ecb4a5bc7222e0cd2719da031360a451e298b932e5c4478ef81cb0
4026531872;3766484880;1176;3766484860;63;2128;2147483860;0;4274267907;4026531896;63;2147483864;0;f00000380000003f800000d800;19ff57df479a7068dec8c5b3f1bbc33854c97314fa21b60aeefc7cb730932b9e
4026531872;3766484880;1176;3766484836;70;1179;2147483864;0;4249102211;4026531900;70;2147483868;0;f000003c00000046800000dc00;927db300cbe633eca7aa57d01c4ec51660188816d7e022f65febac161944d911
4026531896;63;2129;4026531900;70;2130;2147483868;0;4244073187;0;0;2147483824;0;0000000000000000800000b000;6a67d9561179eae7a0de8c92f4647e4d222814e2a2ebd9e25d9edecb6a37eb12
4026531872;3766484880;1176;3766484856;3766484900;1181;2147483824;0;4270073603;4026531896;3766484900;2147483828;0;f0000038e07fffa4800000b400;9e940fc2179c4a0b16064ccbc066350ecb20256887786dc09073e7d42d2e0717
4026531872;3766484880;1176;3766484860;63;2128;2147483828;0;4274268035;4026531900;63;2147483832;0;f000003c0000003f800000b800;855d48a5f0a3c1f83bf82231ff20086b2f5707817b78247e5a88dbc37edc1903
4026531896;3766484900;2132;4026531900;63;2133;2147483832;0;16189363;4026531900;3766484963;2147483836;0;f000003ce07fffe3800000bc00;a5d762facf8da0fc435353e6682a7d07b20f0531241016d51192c4822a2ded0b
4026531872;3766484880;1176;3766484840;0;1178;2147483836;0;4253296387;4026531896;0;2147483840;0;f000003800000000800000c000;b2c93b69439f517df5bf540c5a4e436d63def6aa9940c9b54e4d66b5c1d6befd
4026531896;0;2135;0;0;0;2147483840;0;267876115;4026531896;0;2147483844;0;f000003800000000800000c400;d960c2104d4d10b085175d1dacc472df252f31f06084b5334dac9eb84c0d1099
4026531900;3766484963;2134;3766484960;0;2125;2147483844;0;15171619;4026531968;0;2147483844;1;f000008000000000800000c401;d2361e7338aa32730cdda86dfea5ec2f452a846e450cc0edd203d9851646a275
4026531900;3766484963;2134;4026531896;0;2136;2147483844;1;15171619;4026531972;0;2147483844;2;f000008400000000800000c402;18eb339f3c6dce1d974de7e64f4c3a5d6342b2a3c93596af520cca83b800aae2
4026531968;0;2137;4026531972;0;2138;2147483844;2;15171619;4026531968;0;2147483844;3;f000008000000000800000c403;fdb68d7760e82ad6c39de11b799b0d29c13306d1c94f3443d1db8270b03cd9ea
4026531900;3766484963;2134;4026531968;0;2139;2147483844;3;15171619;3766484960;0;2147483848;0;e07fffe000000000800000c800;7afe542b4d2813322e6d9a00c8f0a2d6f40b0c34ef9867f1c6d97f855159a720
4026531872;3766484880;1176;3766484860;63;2128;2147483848;0;4274268035;4026531900;63;2147483852;0;f000003c0000003f800000cc00;3915533023a9f1d7cb095822e2483059de481f347fbf78d2828ecb61056865ba
4026531900;63;2141;0;0;0;2147483852;0;1542035;4026531900;64;2147483856;0;f000003c00000040800000d000;e227e49936148ff6a3a920051c2c2891d6aba2c0ecb58e6226fe9e7bf17b1972
4026531872;3766484880;1176;4026531900;64;2142;2147483856;0;4277413411;3766484860;64;2147483860;0;e07fff7c00000040800000d400;2bfbef81c3d091242672d0dcf47158092509e65228f81485e6272b6b0fa43c15
4026531872;3766484880;1176;3766484860;64;2143;2147483860;0;4274267907;4026531896;64;2147483864;0;f000003800000040800000d800;1dd265ace0eb934ef3b0fed99a7c6251100abcdb036cd0a3b9ad1c38f771e1c3
4026531872;3766484880;1176;3766484836;70;1179;2147483864;0;4249102211;4026531900;70;2147483868;0;f000003c00000046800000dc00;ddff08626e05f02c5ee4f31b7a1c753ececbb09d4c413b59c000f2fc015ba459
4026531896;64;2144;4026531900;70;2145;2147483868;0;4244073187;0;0;2147483824;0;0000000000000000800000b000;b94a87376a379804520ada64251d7a2495ecef38be48a69f2430bc4719ac01bc
4026531872;3766484880;1176;3766484856;3766484900;1181;2147483824;0;4270073603;4026531896;3766484900;2147483828;0;f0000038e07fffa4800000b400;26c522d982beb7522358266ad9167bf2f10eafc8ccb437d50b71c5caeaef0755
4026531872;3766484880;1176;3766484860;64;2143;2147483828;0;4274268035;4026531900;64;2147483832;0;f000003c00000040800000b800;7186c5d6e0f5fcf564606443d4380e64c8ddd4e5025bc07a7effdfdae3a13f40
4026531896;3766484900;2147;4026531900;64;2148;2147483832;0;16189363;4026531900;3766484964;2147483836;0;f000003ce07fffe4800000bc00;5e1c20cc038c0231f62bc56b82941a0a15b64343a916bd05a60df863b7124ed4
4026531872;3766484880;1176;3766484840;0;1178;2147483836;0;4253296387;4026531896;0;2147483840;0;f000003800000000800000c000;c169ec2a42b609314f244119f679af9d9b098e6422636a3764df0ead6cfcd222
4026531896;0;2150;0;0;0;2147483840;0;267876115;4026531896;0;2147483844;0;f000003800000000800000c400;f9ddef15f50501d5c053aff70da8a92ccae3ed2455cb4f6414dec57c1e4fe244
4026531900;3766484964;2149;3766484964;0;1041;2147483844;0;15171619;4026531968;0;2147483844;1;f000008000000000800000c401;5df64365b3ed6325eea7bc335685bdbc00e90603358dc62e366886d68a17a618
4026531900;3766484964;2149;4026531896;0;2151;2147483844;1;15171619;4026531972;0;2147483844;2;f000008400000000800000c402;29e1ff1f65d33376794e48a7dabe9f29428fd29562154e29594d5d886b39ed17
4026531968;0;2152;4026531972;0;2153;2147483844;2;15171619;4026531968;0;2147483844;3;f000008000000000800000c403;9754f1bd2be558ebf5975b7d0af5015db4ea385732d87afb4faf28f30026c4dc
4026531900;3766484964;2149;4026531968;0;2154;2147483844;3;15171619;3766484964;0;2147483848;0;e07fffe400000000800000c800;5b629f672f01969c3d0dd839047a3c92cc808bf082cce6036408ff02eee6d461
4026531872;3766484880;1176;3766484860;64;2143;2147483848;0;4274268035;4026531900;64;2147483852;0;f000003c00000040800000cc00;c7c45230703c375d1b39ee733cfb72770cee2ac1e29ba585382e8f2c9c21555b
4026531900;64;2156;0;0;0;2147483852;0;1542035;4026531900;65;2147483856;0;f000003c00000041800000d000;e72bd9497a993902d9ba8044097d8bc35399d62ba33da1a1bd80dd284dbb513e
4026531872;3766484880;1176;4026531900;65;2157;2147483856;0;4277413411;3766484860;65;2147483860;0;e07fff7c00000041800000d400;aeff1d0f35cab1a796edebe0f7280b7219ae7e18a69f889fb48023eb53288137
4026531872;3766484880;1176;3766484860;65;2158;2147483860;0;4274267907;4026531896;65;2147483864;0;f000003800000041800000d800;2e062d968c77ce3fe29861a85ef53609347c62e2531de0f3fdada408dd2a2bbb
4026531872;3766484880;1176;3766484836;70;1179;2147483864;0;4249102211;4026531900;70;2147483868;0;f000003c00000046800000dc00;47972047bd999021366b3b98df669136ee9f81afda93810c6970809ec11b8e9e
4026531896;65;2159;4026531900;70;2160;2147483868;0;4244073187;0;0;2147483824;0;0000000000000000800000b000;d14a8f8e3889238386d0e604dd04a30a262438068f987f5feaa99776f10b846a
4026531872;3766484880;1176;3766484856;3766484900;1181;2147483824;0;4270073603;4026531896;3766484900;2147483828;0;f0000038e07fffa4800000b400;5babdac458cd17e72e68224d683d0278d4a5d44ad3acebcab18eec0b128e88d2
4026531872;3766484880;1176;3766484860;65;2158;2147483828;0;4274268035;4026531900;65;2147483832;0;f000003c00000041800000b800;2acd1580265256047de503d0be33f140130d4ab39b8e0d63b595ef94308e4319
4026531896;3766484900;2162;4026531900;65;2163;2147483832;0;16189363;4026531900;3766484965;2147483836;0;f000003ce07fffe5800000bc00;3773846b7274f267abf8c531583938b3e21ac5f7ddbc34b105b7d235c99dcc3b
4026531872;3766484880;1176;3766484840;0;1178;2147483836;0;4253296387;4026531896;0;2147483840;0;f000003800000000800000c000;3b2d6641299d9f4860d5689e841e1b54f500dcdea55348461bbb580b56ab758b
4026531896;0;2165;0;0;0;2147483840;0;267876115;4026531896;0;2147483844;0;f000003800000000800000c400;1aab0560d9cc80e6a864aaf6b3e680e0fe832d7ff2dfc1957d14f74a5ed9ad79
4026531900;3766484965;2164;3766484964;0;2155;2147483844;0;15171619;4026531968;0;2147483844;1;f000008000000000800000c401;931a2608b158c6f1096b68b0aa3fa8174919d9d03c69fba2d837b0160f332f03
4026531900;3766484965;2164;4026531896;0;2166;2147483844;1;15171619;4026531972;0;2147483844;2;f000008400000000800000c402;8e10214c7b0eb8e1e4f09d1b47571dfd5b4eb7382354abc0d2fc3c19b84061bc
4026531968;0;2167;4026531972;0;2168;2147483844;2;15171619;4026531968;0;2147483844;3;f000008000000000800000c403;66776ff2fc090992b294e023d42d82470d2fc35793b4e5fbee4afde8cc1df5bf
4026531900;3766484965;2164;4026531968;0;2169;2147483844;3;15171619;3766484964;0;2147483848;0;e07fffe400000000800000c800;0cee693cc55813af0b20f0043a8ed414453ad31cd348f3100ccc211bfa379c97
4026531872;3766484880;1176;3766484860;65;2158;2147483848;0;4274268035;4026531900;65;2147483852;0;f000003c00000041800000cc00;1600d52c4e23194e91b2dc8c26ba03451dc254185a5465c452c35ff0d4585c8d
4026531900;65;2171;0;0;0;2147483852;0;1542035;4026531900;66;2147483856;0;f000003c00000042800000d000;ea6bb0ea9fbffa65ec05574551cfab745d1be25eebf5f2a98ec09ea4c6a76ad3
4026531872;3766484880;1176;4026531900;66;2172;2147483856;0;4277413411;3766484860;66;2147483860;0;e07fff7c00000042800000d400;fb0ce963098bfc1ffd8d69873964e147171a4bbb58360b2a34df568164330867
4026531872;3766484880;1176;3766484860;66;2173;2147483860;0;4274267907;4026531896;66;2147483864;0;f000003800000042800000d800;6d8dfa52d208136065537121038e38baa6f1430e3f0bb2ab8c84d6d5aeb30462
4026531872;3766484880;1176;3766484836;70;1179;2147483864;0;4249102211;4026531900;70;2147483868;0;f000003c00000046800000dc00;7679b670a9beec101a17220729c978d066877df04198827573cba676f104324f
4026531896;66;2174;4026531900;70;2175;2147483868;0;4244073187;0;0;2147483824;0;0000000000000000800000b000;f67cd31d6a2cfa71b6608e82d4b4c7911286fc5a39519b5f9710cf4a68cf1d6e
4026531872;3766484880;1176;3766484856;3766484900;1181;2147483824;0;4270073603;4026531896;3766484900;2147483828;0;f0000038e07fffa4800000b400;bb6165301c7c3c486d5852e9202efef36600a309b397b164e39407f0bfaa7a0c
4026531872;3766484880;1176;3766484860;66;2173;2147483828;0;4274268035;4026531900;66;2147483832;0;f000003c00000042800000b800;a885b3a2a9dfde8fd021b68b9f97dc13285eed1a547751e0142bf1f848897237
4026531896;3766484900;2177;4026531900;66;2178;2147483832;0;16189363;4026531900;3766484966;2147483836;0;f000003ce07fffe6800000bc00;454e1f1f597f88583c9f72f6a4952fa73e349d2f5aae5af0dc4c89a9e6f6f129
4026531872;3766484880;1176;3766484840;0;1178;2147483836;0;4253296387;4026531896;0;2147483840;0;f000003800000000800000c000;a46fa86c949a3343d587c9bc57f26405242258d09bc3d3a71b6ddd1a1d3ff77d
4026531896;0;2180;0;0;0;2147483840;0;267876115;4026531896;0;2147483844;0;f000003800000000800000c400;582b351c6fe7e9a91626a3a81db7f5baf2cfc13113e135e7b680a3534eb223a1
4026531900;3766484966;2179;3766484964;0;2170;2147483844;0;15171619;4026531968;0;2147483844;1;f000008000000000800000c401;e9b47e0a0e692f7df90e4a0c1f4ed13a8f8698a32a3a0ba2f877ef58a6b6e786
4026531900;3766484966;2179;4026531896;0;2181;2147483844;1;15171619;4026531972;0;2147483844;2;f000008400000000800000c402;1a22fb99391d10c7b21e5f64df735b26df8258c55e0f72cdf3837171176aabc8
4026531968;0;2182;4026531972;0;2183;2147483844;2;15171619;4026531968;0;2147483844;3;f000008000000000800000c403;74847d39d21afee3ed928140c7548138ea0944d920baa1543bfc1aa9d4c7b5d5
4026531900;3766484966;2179;4026531968;0;2184;2147483844;3;15171619;3766484964;0;2147483848;0;e07fffe400000000800000c800;9cfd8f45888a54df1aa15d53a52c1f2431da94d3728a876e34dd8a6273596936
4026531872;3766484880;1176;3766484860;66;2173;2147483848;0;4274268035;4026531900;66;2147483852;0;f000003c00000042800000cc00;cc3bc0dd64e8e706f28064941512579eb60b10458e9b081f0c7b6b10215fbe02
4026531900;66;2186;0;0;0;2147483852;0;1542035;4026531900;67;2147483856;0;f000003c00000043800000d000;bc353d7fdef403367420298fffa2adac43c50e26a0d7f7b0fcabaac65290e3fb
4026531872;3766484880;1176;4026531900;67;2187;2147483856;0;4277413411;3766484860;67;2147483860;0;e07fff7c00000043800000d400;a0780cd30798aa83622d7ad0083103af7e70525fd62310ea504fcb5f38b8497a
4026531872;3766484880;1176;3766484860;67;2188;2147483860;0;4274267907;4026531896;67;2147483864;0;f000003800000043800000d800;15b2937c70e487227181e18d8049c487e30412f4a4ffe19d22e9102f07dff954
4026531872;3766484880;1176;3766484836;70;1179;2147483864;0;4249102211;4026531900;70;2147483868;0;f000003c00000046800000dc00;bead8e6ee34776980c66755954782fbb99185d6b674b0b02a4e6db9c6f9ae885
4026531896;67;2189;4026531900;70;2190;2147483868;0;4244073187;0;0;2147483824;0;0000000000000000800000b000;4e72e2989c401590a6f653028495485cd6ef077c02fe8e958b2fc05e9d7809a1
4026531872;3766484880;1176;3766484856;3766484900;1181;2147483824;0;4270073603;4026531896;3766484900;2147483828;0;f0000038e07fffa4800000b400;f4d2be5fbff49fd44150fc04a8b2cdc21fc3d2b68cd8a20644bba7e83fd1052d
4026531872;3766484880;1176;3766484860;67;2188;2147483828;0;4274268035;4026531900;67;2147483832;0;f000003c00000043800000b800;6abec63e61549605be107169adb7772b82be021d209da85d5e4ccd972d1f80f3
4026531896;3766484900;2192;4026531900;67;2193;2147483832;0;16189363;4026531900;3766484967;2147483836;0;f000003ce07fffe7800000bc00;eb7c0a9bed07a4d57d75087fc7a1ecfe4fab96e2055084f6dc4baf4ef073d3e0
4026531872;3766484880;1176;3766484840;0;1178;2147483836;0;4253296387;4026531896;0;2147483840;0;f000003800000000800000c000;2294acb3f64414f1f4ab646315a2b5b3da3694e2d8dce0501aa7716ee8db070a
4026531896;0;2195;0;0;0;2147483840;0;267876115;4026531896;0;2147483844;0;f000003800000000800000c400;39ff627e22cece010f73e02c7c2325ddf35611d3d4e28e091208e74b56763e96
4026531900;3766484967;2194;3766484964;0;2185;2147483844;0;15171619;4026531968;0;2147483844;1;f000008000000000800000c401;6dd52b1196216d159f9da19c86c2c790dbfc6d02c9b879a8bbc0f1858cd404a2
4026531900;3766484967;2194;4026531896;0;2196;2147483844;1;15171619;4026531972;0;2147483844;2;f000008400000000800000c402;6754b774ea41a2e3d0e2adcf168198e5db66bc9b450a29a249241506ebac9f6e
4026531968;0;2197;4026531972;0;2198;2147483844;2;15171619;4026531968;0;2147483844;3;f000008000000000800000c403;6361dfeb0a178aa0a76bab26f82abc62407d322703ca01fda31d0f876bf2ff96
4026531900;3766484967;2194;4026531968;0;2199;2147483844;3;15171619;3766484964;0;2147483848;0;e07fffe400000000800000c800;6a802b9575f140db4cee9ec71995176bc8d251dae9e13053adf6b73218b7b398
4026531872;3766484880;1176;3766484860;67;2188;2147483848;0;4274268035;4026531900;67;2147483852;0;f000003c00000043800000cc00;92b8e5f7208e4488f5ff7c5c961f18471a14324a1e35a3290905f1de8446f8ef
4026531900;67;2201;0;0;0;2147483852;0;1542035;4026531900;68;2147483856;0;f000003c00000044800000d000;6e81ffe446900442c7a4747b9d9d6aa1a95d980165d7545fc4bb5e6f2c0b9a1a
4026531872;3766484880;1176;4026531900;68;2202;2147483856;0;4277413411;3766484860;68;2147483860;0;e07fff7c00000044800000d400;86aa53f273b4e039c14ea6a7a5141577fa71447b3b0e6ab83ff3488cbb8b35c8
4026531872;3766484880;1176;3766484860;68;2203;2147483860;0;4274267907;4026531896;68;2147483864;0;f000003800000044800000d800;890f7db87aee5e6ef460ff82916e353df5cab2ba06f4dd8fd0f0ae87caef38cf
4026531872;3766484880;1176;3766484836;70;1179;2147483864;0;4249102211;4026531900;70;2147483868;0;f000003c00000046800000dc00;67a79ce7c96ff10810a0a271dd0cb4f4e3ab8d11755ce551f760e330c8b2e81c
4026531896;68;2204;4026531900;70;2205;2147483868;0;4244073187;0;0;2147483824;0;0000000000000000800000b000;16565e2de429541e2fab10acfdf2ac24c56720a1f0fae7318104123b9a390578
4026531872;3766484880;1176;3766484856;3766484900;1181;2147483824;0;4270073603;4026531896;3766484900;2147483828;0;f0000038e07fffa4800000b400;c78690f06cedbf1600fc7fba934cc1eec8cd5c7ab02e16ac8286fd373c459840
4026531872;3766484880;1176;3766484860;68;2203;2147483828;0;4274268035;4026531900;68;2147483832;0;f000003c00000044800000b800;8d1377b7f79011790dee7a99d9b30ecadc411bcb8c30e08c50a96aabf4352806
4026531896;3766484900;2207;4026531900;68;2208;2147483832;0;16189363;4026531900;3766484968;2147483836;0;f000003ce07fffe8800000bc00;c4caee4e3a35d6c09fdaef47bab2de0951c198a909ed0c164ce3f3a8dec3b371
4026531872;3766484880;1176;3766484840;0;1178;2147483836;0;4253296387;4026531896;0;2147483840;0;f000003800000000800000c000;472fc8cc0a14723218b6096f4a955fb64b2300d1343d59be58d436261fe12cfb
4026531896;0;2210;0;0;0;2147483840;0;267876115;4026531896;0;2147483844;0;f000003800000000800000c400;b695b2efad1285f40550320e5814d1a6acdc5893add6a3e1c9a6296187cc4e44
4026531900;3766484968;2209;3766484968;0;1071;2147483844;0;15171619;4026531968;0;2147483844;1;f000008000000000800000c401;2ca3960b4bbbf1b82e39ea68268b934087dbd2759979879d11fcc76c2b7df301
4026531900;3766484968;2209;4026531896;0;2211;2147483844;1;15171619;4026531972;0;2147483844;2;f000008400000000800000c402;7c4f5c68456605cfd12ee5a13da7dd4fe482699c3111f6ac4b2b94c708a16b96
4026531968;0;2212;4026531972;0;2213;2147483844;2;15171619;4026531968;0;2147483844;3;f000008000000000800000c403;d94b8bdf6ffea32b981617b3274706c6c6b5a8ac9983ecdd2b1f720c1264278a
4026531900;3766484968;2209;4026531968;0;2214;2147483844;3;15171619;3766484968;0;2147483848;0;e07fffe800000000800000c800;2dec497001517b14845610c069dd68ec0fed6ff97200946a4e1eccafe27fe6ac
4026531872;3766484880;1176;3766484860;68;2203;2147483848;0;4274268035;4026531900;68;2147483852;0;f000003c00000044800000cc00;365ff66696e48dbeafaf8ad9ed8668210ec993429bcd1476bdf4284353e095a5
4026531900;68;2216;0;0;0;2147483852;0;1542035;4026531900;69;2147483856;0;f000003c00000045800000d000;2cf32cad97d61cb91873fed6f050d34c9bb46394a479d39401991d982f17bd26
4026531872;3766484880;1176;4026531900;69;2217;2147483856;0;4277413411;3766484860;69;2147483860;0;e07fff7c00000045800000d400;bc3d4751c81b170bda385b5ab1b8706c3d280e0850195efb61dc4b57cc54bee8
4026531872;3766484880;1176;3766484860;69;2218;2147483860;0;4274267907;4026531896;69;2147483864;0;f000003800000045800000d800;b0fd722331cf3cdf0f9087f6abded9156625805874a1fff84a9216dd70355d44
4026531872;3766484880;1176;3766484836;70;1179;2147483864;0;4249102211;4026531900;70;2147483868;0;f000003c00000046800000dc00;cc2cc9bb0bf2f285186e40663ea7cf10d74f133b1a343c41119782ae030b8bb9
4026531896;69;2219;4026531900;70;2220;2147483868;0;4244073187;0;0;2147483824;0;0000000000000000800000b000;13e86ae4f6fa8b68eeadeaa5d3610a957817880c581f0f7875a73f833603d3d4
4026531872;3766484880;1176;3766484856;3766484900;1181;2147483824;0;4270073603;4026531896;3766484900;2147483828;0;f0000038e07fffa4800000b400;42c1cccd6b4ecaf2f4fe931f872759ec825db1f16899982c856ed64f4731749d
4026531872;3766484880;1176;3766484860;69;2218;2147483828;0;4274268035;4026531900;69;2147483832;0;f000003c00000045800000b800;f60afb853a56911d3a5eb73f40480552285ecfc72d0b1109b9b0b7a5c528e796
4026531896;3766484900;2222;4026531900;69;2223;2147483832;0;16189363;4026531900;3766484969;2147483836;0;f000003ce07fffe9800000bc00;4c46b4a0653a2750d03b2f55b6ba0f4ba570f8294d6aa141337c19d48b6d87cf
4026531872;3766484880;1176;3766484840;0;1178;2147483836;0;4253296387;4026531896;0;2147483840;0;f000003800000000800000c000;d9489bed4c8f71f7beccf73ba1682f9bcffe73ff1560f475d119e3871b59b2f8
4026531896;0;2225;0;0;0;2147483840;0;267876115;4026531896;0;2147483844;0;f000003800000000800000c400;b07952de55158ded18438c96f775ab8485a37f2bc1368f540e29a1379b96ce99
4026531900;3766484969;2224;3766484968;0;2215;2147483844;0;15171619;4026531968;0;2147483844;1;f000008000000000800000c401;4d208f4bf5aff61f3665b91c95f24d57af91f9cc5f7a6f6ecf94e1d1afee8119
4026531900;3766484969;2224;4026531896;0;2226;2147483844;1;15171619;4026531972;0;2147483844;2;f000008400000000800000c402;c2083c706c739c6ad592be72be0928586d32d2bfdf2acacba6f6ea8d0b0dce72
4026531968;0;2227;4026531972;0;2228;2147483844;2;15171619;4026531968;0;2147483844;3;f000008000000000800000c403;087da16cd3482a81a3ba40446f2b049c08a877a5bce2c176349188cb4680ad79
4026531900;3766484969;2224;4026531968;0;2229;2147483844;3;15171619;3766484968;0;2147483848;0;e07fffe800000000800000c800;28a8ce26e8c8c36f2fc360b8e680eb6a0b25494cab091b065db77e23c0c60897
4026531872;3766484880;1176;3766484860;69;2218;2147483848;0;4274268035;4026531900;69;2147483852;0;f000003c00000045800000cc00;ad39e7d8a15e20ab65a72dbc78ec0aa0b2320fb4d869fc8f510002c903b85b12
4026531900;69;2231;0;0;0;2147483852;0;1542035;4026531900;70;2147483856;0;f000003c00000046800000d000;53fb946ebdd0f222e369dbb2203f3367ef5f6c4b07223dce299654dcb16f2d69
4026531872;3766484880;1176;4026531900;70;2232;2147483856;0;4277413411;3766484860;70;2147483860;0;e07fff7c00000046800000d400;529aadc04ae8cdf05ff5b6467afa31e69359a6025ca52e0deb21775c38d816fc
4026531872;3766484880;1176;3766484860;70;2233;2147483860;0;4274267907;4026531896;70;2147483864;0;f000003800000046800000d800;8ea4f3f10f6d38f1f908a289e210abdcb67ab8d56659705c92e3bd41a1145c7f
4026531872;3766484880;1176;3766484836;70;1179;2147483864;0;4249102211;4026531900;70;2147483868;0;f000003c00000046800000dc00;9066bc5fa58542f8c0f7031c0fc3060af3195f76b1c740901b8255e45f93e082
4026531896;70;2234;4026531900;70;2235;2147483868;0;4244073187;0;0;2147483872;0;0000000000000000800000e000;c23006bb977d8bb9c613a4540dbfab4b194ae20c17823dd0c9a79a2b12b73091
4026531872;3766484880;1176;3766484844;3766484900;1177;2147483872;0;4257490819;4026531900;3766484900;2147483876;0;f000003ce07fffa4800000e400;32653b065bc55279f2e9be98c0ed14848592b833e1dae189648737b42c7b1577
4026531900;3766484900;2237;0;0;0;2147483876;0;492819;4026531880;3766484900;2147483880;0;f0000028e07fffa4800000e800;31fec136b1b39dc689b76fd5af222f4a3caaf7fbbc672ea79668ceffd9e86952
4026531848;3766484832;1173;3766484876;2147488404;1174;2147483880;0;46211203;4026531844;2147488404;2147483884;0;f000000480001294800000ec00;64532b6d38a73e30095af8fdffbfd3e54e332d4f3298a6b5b7c55a7b49c1fefb
4026531848;3766484832;1173;3766484872;3766484992;1175;2147483884;0;42017795;4026531872;3766484992;2147483888;0;f0000020e0800000800000f000;3b5f35faa18a78b2baba61e0c18cdee1615117e8afd762e9407e641b52216c77
4026531848;3766484832;1173;0;0;0;2147483888;0;50397459;4026531848;3766484880;2147483892;0;f0000008e07fff90800000f400;ecf6baa34c8dcb384d304f6be1616da60c4181f710b540136384bee2547b505a
4026531844;2147488404;2239;0;0;0;2147483892;0;32871;0;0;2147488404;0;00000000000000008000129400;766aa5de71bdaf94c613d0783f97ac417baf2bbde524efd17ecdcea52f5e891b
4026531872;3766484992;2240;3766484904;0;1300;2147488404;0;4205074307;4026531900;0;2147488408;0;f000003c000000008000129800;c04190f274ef37de251737c16878b81daaddfd7754e5936f70f48fe907677f7e
4026531900;0;2243;0;0;0;2147488408;0;522131;4026531900;0;2147488412;0;f000003c000000008000129c00;2c74bfb42095c70a7eae511e45eb49e092304f8e94591ce20204bf6ec1939c36
4026531872;3766484992;2240;3766484904;0;1300;2147488412;0;4210300195;4026531968;0;2147488412;1;f0000080000000008000129c01;f433b1a160a64d06d7418008db9d07e5ad866731b799dc72ce6c49c82d882adc
4026531872;3766484992;2240;4026531900;0;2244;2147488412;1;4210300195;4026531972;0;2147488412;2;f0000084000000008000129c02;a3e42a7293e50d32af48af759e3cd474f1d12764adfb603e963baaa8a90ac6f3
4026531968;0;2245;4026531972;0;2246;2147488412;2;4210300195;4026531968;0;2147488412;3;f0000080000000008000129c03;f89623c5dc9aed9e7ff915863046142df2bba22b12c1db0c1224325d2632577b
4026531872;3766484992;2240;4026531968;0;2247;2147488412;3;4210300195;3766484904;0;2147488416;0;e07fffa800000000800012a000;26d300d685b1243545c5d94e9495405e65bf526bbb714d32c49649f663f3daa9
4026531872;3766484992;2240;3766484908;0;1360;2147488416;0;4207171459;4026531900;0;2147488420;0;f000003c00000000800012a400;e13ea31f0f3d20bb8ff86e0bb559f272bf37b563be8ea60f352e5dc4e6f16386
4026531900;0;2249;0;0;0;2147488420;0;522131;4026531900;0;2147488424;0;f000003c00000000800012a800;1f24d84e4361c6bd0c1c32c1c96b2e3ea31e61fcbf815fbc54362cc4873dcade
4026531872;3766484992;2240;3766484908;0;1360;2147488424;0;4210300451;4026531968;0;2147488424;1;f000008000000000800012a801;e669f11e5e7db3c016c4fc05687e36d0fc4cbcdd271db6d185fbd8a8a65d6e11
4026531872;3766484992;2240;4026531900;0;2250;2147488424;1;4210300451;4026531972;0;2147488424;2;f000008400000000800012a802;776427d1eb2db1a4758b0f319d85376b075d1ee65fc07c19bf284cedafdd2bdb
4026531968;0;2251;4026531972;0;2252;2147488424;2;4210300451;4026531968;0;2147488424;3;f000008000000000800012a803;6083ee6b4310884c1389c6d3589f26654d02bd38abdcb2d44ddcb654a331205c
4026531872;3766484992;2240;4026531968;0;2253;2147488424;3;4210300451;3766484908;0;2147488428;0;e07fffac00000000800012ac00;21b0a3fc496cdd5b130f6dbc8ec013b034b74eab83b3b91821201b16e0acf4e3
4026531840;0;4294967295;0;0;0;2147488428;0;20972947;4026531884;20;2147488432;0;f000002c00000014800012b000;11cc42254c40420436cb1c356351fb0f0b42c8974be3b6fe0e58c6f16a5fd7ca
0;0;0;0;0;0;2147488432;0;2952791991;4026531900;2952790016;2147488436;0;f000003cb0000000800012b400;ffb77b1869690e0f6a113fa09398b89cff96d7986203351691ac8066a1bd6423
4026531900;2952790016;2256;0;0;0;2147488436;0;436700435;4026531880;2952790432;2147488440;0;f0000028b00001a0800012b800;98345c04a6aca15fd6f7b4830fbfbead8c32d53bfc779e178e34340300cc63bf
0;0;0;0;0;0;2147488440;0;4016038127;4026531844;2147488444;2147484076;0;f0000004800012bc800001ac00;c574657d26b7fd7258535d5effbb5fc6225ad0016432f630b5e4aa786952947e
4026531848;3766484880;2241;0;0;0;2147484076;0;4261478675;4026531848;3766484848;2147484080;0;f0000008e07fff70800001b000;67c09d8c3929ae9b17befe7192cddf95f08065d0288d26429e8e9e5781ba30f5
4026531848;3766484848;2259;4026531844;2147488444;2258;2147484080;0;1125923;3766484876;2147488444;2147484084;0;e07fff8c800012bc800001b400;890772efbb5ddd4d4ba128d01d22ca5219c774fd75bd7e730e5551a8c15ddb1a
4026531848;3766484848;2259;4026531872;3766484992;2240;2147484084;0;8465443;3766484872;3766484992;2147484088;0;e07fff88e0800000800001b800;3695970b6c3871916f446164b776fe5fd44b933f126bbccb0ca40c1c6146dc96
4026531848;3766484848;2259;0;0;0;2147484088;0;33621011;4026531872;3766484880;2147484092;0;f0000020e07fff90800001bc00;ca8bd7da5f348bf4fd1d1b421ea57b51923cda51f7bcd638edb572de7578381f
4026531872;3766484880;2262;4026531880;2952790432;2257;2147484092;0;4272170531;3766484860;2952790432;2147484096;0;e07fff7cb00001a0800001c000;10b9eaa6b09e7baa48d33bcda17945912e893dd6ad81e9949d152e42fcda1553
4026531872;3766484880;2262;4026531884;20;2255;2147484096;0;4273218595;3766484856;20;2147484100;0;e07fff7800000014800001c400;1e2226fc730d659034375b6f441c119ba6adbfd2ae8156937fd0eef7782868c4
0;0;0;0;0;0;2147484100;0;19;0;0;2147484104;0;0000000000000000800001c800;f1f64a99266faa86f77663757f15fcfc32cce29b8494bcfad2db43d79069a8a1
4026531848;3766484848;2259;3766484876;2147488444;2260;2147484104;0;29433987;4026531844;2147488444;2147484108;0;f0000004800012bc800001cc00;db37671770be1a194bd9ee7e80812ae710b651f068a43e61e03f403cf7660cda
4026531848;3766484848;2259;3766484872;3766484992;2261;2147484108;0;25240579;4026531872;3766484992;2147484112;0;f0000020e0800000800001d000;708dda343e0b9a9654cf41ed7f45585b2b7b7604f4ecbaf2ad6df7f9c4184677
4026531848;3766484848;2259;0;0;0;2147484112;0;33620243;4026531848;3766484880;2147484116;0;f0000008e07fff90800001d400;8e841000d652bdebcf5b6c3e3e23e2ac3e5cfe5409332d6e87df50d12d0b1957
4026531844;2147488444;2266;0;0;0;2147484116;0;32871;0;0;2147488444;0;0000000000000000800012bc00;89011990eec3d2e958ffa564ce27b2c79655b42b917f8b6346d996c30ddb4856
4026531840;0;4294967295;0;0;0;2147488444;0;32507283;4026531884;31;2147488448;0;f000002c0000001f800012c000;dab1d156e3b02780495afbf6a4c3fd1c3de9162bafd01fc1bf704eae835118e8
0;0;0;0;0;0;2147488448;0;2952791991;4026531900;2952790016;2147488452;0;f000003cb0000000800012c400;4d3ff41a571c59479332a1f1f426f40b92919a52304c59f22a03ff1ac5d7ffc5
4026531900;2952790016;2271;0;0;0;2147488452;0;461866259;4026531880;2952790456;2147488456;0;f0000028b00001b8800012c800;a0c3e03a96d4c578b5508cb08d6284d8cf7cdf23f8701b00347a9ef35972c09d
0;0;0;0;0;0;2147488456;0;3999260911;4026531844;2147488460;2147484076;0;f0000004800012cc800001ac00;0870b3500e545e0abe041cfab604b6b539597cb8a44a61ae5a38a39e1f8a1a52
4026531848;3766484880;2268;0;0;0;2147484076;0;4261478675;4026531848;3766484848;2147484080;0;f0000008e07fff70800001b000;31f0f3f5294a8d08f8698d3bcaada2d8d7f7fcc47c7ab6bc842ff89613642d36
4026531848;3766484848;2274;4026531844;2147488460;2273;2147484080;0;1125923;3766484876;2147488460;2147484084;0;e07fff8c800012cc800001b400;5bfa79ffe1d9f58d2453bda6ea178f0f640966fa86ce9f5de38617e5feecd4db
4026531848;3766484848;2274;4026531872;3766484992;2267;2147484084;0;8465443;3766484872;3766484992;2147484088;0;e07fff88e0800000800001b800;bf0041cf1d9f39169cfeb210a08e62e72f2aadffee10cea914061b3928a9abc0
4026531848;3766484848;2274;0;0;0;2147484088;0;33621011;4026531872;3766484880;2147484092;0;f0000020e07fff90800001bc00;3583cf081fca3bd9bd8a65d9480146437ea1649854212ce8c29fdefff6d65025
4026531872;3766484880;2277;4026531880;2952790456;2272;2147484092;0;4272170531;3766484860;2952790456;2147484096;0;e07fff7cb00001b8800001c000;825932632fbe28adb30d19065ec14c13bc412e3ee4c8285fc5cbe2d2e83f76cf
4026531872;3766484880;2277;4026531884;31;2270;2147484096;0;4273218595;3766484856;31;2147484100;0;e07fff780000001f800001c400;dc55b02e3845a554c3ef9cbfdadd5bbf0d810bdeabf5d66257088488467e3b8a
0;0;0;0;0;0;2147484100;0;19;0;0;2147484104;0;0000000000000000800001c800;54919db502a73bd0759cad5aed413a02271810bab03b257c12d3c21f8fc72da7
4026531848;3766484848;2274;3766484876;2147488460;2275;2147484104;0;29433987;4026531844;2147488460;2147484108;0;f0000004800012cc800001cc00;a3096b7ad1a116deda947f465e1635459f2b41af1295fc00b4fc04a6ea48f447
4026531848;3766484848;2274;3766484872;3766484992;2276;2147484108;0;25240579;4026531872;3766484992;2147484112;0;f0000020e0800000800001d000;30a7f7320b398351a1d2b423472809f9ac5f614ac645b18c4976dcff279bf796
4026531848;3766484848;2274;0;0;0;2147484112;0;33620243;4026531848;3766484880;2147484116;0;f0000008e07fff90800001d400;212b6c4d9e9af85929fe6744de3b42ef22a7dbecb5a6e03eba87f26128ee05d5
4026531844;2147488460;2281;0;0;0;2147484116;0;32871;0;0;2147488460;0;0000000000000000800012cc00;9d13a572fbe11c59adc2b009bc4e91bd6d3ee2a854025620dcbc512460b36de5
4026531840;0;4294967295;0;0;0;2147488460;0;29361555;4026531884;28;2147488464;0;f000002c0000001c800012d000;ad455bf5f20b82df937c10d555f592d848edd6404ae2b8200caa4956eeec6e6f
0;0;0;0;0;0;2147488464;0;2952791991;4026531900;2952790016;2147488468;0;f000003cb0000000800012d400;85f8d0007e17dd4d41d203f83c2888fbaec2f7981427317fdcc982ce72d2a07f
4026531900;2952790016;2286;0;0;0;2147488468;0;499614995;4026531880;2952790492;2147488472;0;f0000028b00001dc800012d800;f63f0169a051d7e93b73fc71634dbff26ff2f15a2a6685396c0e26ac703c6f33
0;0;0;0;0;0;2147488472;0;3982483695;4026531844;2147488476;2147484076;0;f0000004800012dc800001ac00;9e56a028f63d4b6f16b592b2eede300bbd874bc9eb2b485ca179ef03b15d223f
4026531848;3766484880;2283;0;0;0;2147484076;0;4261478675;4026531848;3766484848;2147484080;0;f0000008e07fff70800001b000;7494a6e876600ccc996c747f495f748c854531ecc3ffdc80663e019da8526b9d
4026531848;3766484848;2289;4026531844;2147488476;2288;2147484080;0;1125923;3766484876;2147488476;2147484084;0;e07fff8c800012dc800001b400;65c6aa9b0e4976e3091772e1fd75665a2ac8713ccc6d49cccd799efbb54cfff6
4026531848;3766484848;2289;4026531872;3766484992;2282;2147484084;0;8465443;3766484872;3766484992;2147484088;0;e07fff88e0800000800001b800;d544dc56cbb8f734f2405f19b96ae7167426115ae28c05d1d3ffa9a4187c0af4
4026531848;3766484848;2289;0;0;0;2147484088;0;33621011;4026531872;3766484880;2147484092;0;f0000020e07fff90800001bc00;bb52d20bf91d03478be9edf1a814a38d259873276314af78999fc46bcde9e7fa
4026531872;3766484880;2292;4026531880;2952790492;2287;2147484092;0;4272170531;3766484860;2952790492;2147484096;0;e07fff7cb00001dc800001c000;da1a2722127be566e6fc33e51be603f98df1928330eef53ab56ebc159ef21ec7
4026531872;3766484880;2292;4026531884;28;2285;2147484096;0;4273218595;3766484856;28;2147484100;0;e07fff780000001c800001c400;9620c27266b668ad65e4558f9968dd640a046be4dfb212346a2e5978e3f0f88c
0;0;0;0;0;0;2147484100;0;19;0;0;2147484104;0;0000000000000000800001c800;30924ab3a1c96f1c7530ad7abc4af63219d5ecd771408c4e74a8a73368d49f5e
4026531848;3766484848;2289;3766484876;2147488476;2290;2147484104;0;29433987;4026531844;2147488476;2147484108;0;f0000004800012dc800001cc00;c14983c72a11a87c2e8a02d08ff0d84072658d6ccb5ac5f57eade67fc2a2efb2
4026531848;3766484848;2289;3766484872;3766484992;2291;2147484108;0;25240579;4026531872;3766484992;2147484112;0;f0000020e0800000800001d000;5b9abb873658664fd28c6d22201b17322b2c9f45009c8966aa3b9619466b7325
4026531848;3766484848;2289;0;0;0;2147484112;0;33620243;4026531848;3766484880;2147484116;0;f0000008e07fff90800001d400;92685ef60eaaeb24ee8ca4883ad89b391591e3c6792c2e1fe4cdbe1d503176dd
4026531844;2147488476;2296;0;0;0;2147484116;0;32871;0;0;2147488476;0;0000000000000000800012dc00;ee08e4653d45ee550099d0e232cdd868a7dc0a5ea31d61d7868f4642a1b89e97
4026531840;0;4294967295;0;0;0;2147488476;0;25167251;4026531884;24;2147488480;0;f000002c00000018800012e000;8900158b9d95f1a15b9979cfe1c2f38f7bc13381ed0e26f2e399131270a029dc
0;0;0;0;0;0;2147488480;0;2952791991;4026531900;2952790016;2147488484;0;f000003cb0000000800012e400;c4a04847e0b2026f416f675c61d432d84ef558049571580b3b0bc4365a6411be
4026531900;2952790016;2301;0;0;0;2147488484;0;533169427;4026531880;2952790524;2147488488;0;f0000028b00001fc800012e800;02ff43b5409000db9496d2fdf974876c78895b0846bd94e356439c5c8500ea6f
0;0;0;0;0;0;2147488488;0;3965706479;4026531844;2147488492;2147484076;0;f0000004800012ec800001ac00;6d1341c6f64ac7d2a04027426dd7a7d23d58d198a1f9e76252fee6996213b249
4026531848;3766484880;2298;0;0;0;2147484076;0;4261478675;4026531848;3766484848;2147484080;0;f0000008e07fff70800001b000;ffe4d099fab78f16f0520b1ff3b0a3380e716f3d7c9563ec4b56921b1caec34d
4026531848;3766484848;2304;4026531844;2147488492;2303;2147484080;0;1125923;3766484876;2147488492;2147484084;0;e07fff8c800012ec800001b400;8cd5b31018703eb2e3990c156bf956b5a2f6e7fe355c8d3fddc80d6ebb6dd0c0
4026531848;3766484848;2304;4026531872;3766484992;2297;2147484084;0;8465443;3766484872;3766484992;2147484088;0;e07fff88e0800000800001b800;6f4c24e468766616241a218045c83bc213f2c27e30f2c473f26e13f4066f8050
4026531848;3766484848;2304;0;0;0;2147484088;0;33621011;4026531872;3766484880;2147484092;0;f0000020e07fff90800001bc00;d599c542afdd63aea0101ba0658d4e10499c92c84e3e3605d8c9e85e00079f6b
4026531872;3766484880;2307;4026531880;2952790524;2302;2147484092;0;4272170531;3766484860;2952790524;2147484096;0;e07fff7cb00001fc800001c000;f2d5f6d97fb7d303ceff9ffcd2f617fead61e79fcf26a0abd204d1a818773509
4026531872;3766484880;2307;4026531884;24;2300;2147484096;0;4273218595;3766484856;24;2147484100;0;e07fff7800000018800001c400;d59fbef5f182020a0c6875b82fb9324755d6cdb320e7767e4c8ce219ec454cbe
0;0;0;0;0;0;2147484100;0;19;0;0;2147484104;0;0000000000000000800001c800;6e3f88ba25eff6c0897a703012a15167aa63b44f3e61ee90c7a3af443cadf380
4026531848;3766484848;2304;3766484876;2147488492;2305;2147484104;0;29433987;4026531844;2147488492;2147484108;0;f0000004800012ec800001cc00;474315e065c1a94d41b1219005eeef28b9934a981a8fa7a75c61064c74e35f3c
4026531848;3766484848;2304;3766484872;3766484992;2306;2147484108;0;25240579;4026531872;3766484992;2147484112;0;f0000020e0800000800001d000;a4272dc046e75ff59d51413d9a83211ef3f547a2a80f1f95886b1680341c619a
4026531848;3766484848;2304;0;0;0;2147484112;0;33620243;4026531848;3766484880;2147484116;0;f0000008e07fff90800001d400;bd96c9abfde3f9f0325e8da4ccc078358b79f55983f527af2434b4d06b1cad0e
4026531844;2147488492;2311;0;0;0;2147484116;0;32871;0;0;2147488492;0;0000000000000000800012ec00;a81e426ef234c564235954d83fa23b9a816ee84161efce2713f32f90ae65183f
4026531840;0;4294967295;0;0;0;2147488492;0;28312979;4026531884;27;2147488496;0;f000002c0000001b800012f000;b14a3bbdd00a424755a4a62f161a11434756b8e227b462837cbc26b4b4ed857a
0;0;0;0;0;0;2147488496;0;2952791991;4026531900;2952790016;2147488500;0;f000003cb0000000800012f400;c2e0a6ae82ccb2eae32090d44139f447633a4dd0d513027ae5e53815a4c3a925
4026531900;2952790016;2316;0;0;0;2147488500;0;562529555;4026531880;2952790552;2147488504;0;f0000028b0000218800012f800;963b9386cd1c47d42c1cb8f6f1ff51a1fe50d7477d8410a1574fb049bf69bf27
0;0;0;0;0;0;2147488504;0;3948929263;4026531844;2147488508;2147484076;0;f0000004800012fc800001ac00;68947e8a201505e2919b8e64e2703518ca1338e637a6370093901d4330e80cf4
4026531848;3766484880;2313;0;0;0;2147484076;0;4261478675;4026531848;3766484848;2147484080;0;f0000008e07fff70800001b000;a0d7e423c5bd316570ecafef6162d544652a65a83d9005a33377f8e1ab1a4124
4026531848;3766484848;2319;4026531844;2147488508;2318;2147484080;0;1125923;3766484876;2147488508;2147484084;0;e07fff8c800012fc800001b400;b6de3d9b06c5d3ca058c255342299d8f311197da04565499cc42354bdaae6bbd
4026531848;3766484848;2319;4026531872;3766484992;2312;2147484084;0;8465443;3766484872;3766484992;2147484088;0;e07fff88e0800000800001b800;414db448ac1a3ebf1dd9e12dfebf91e6dcec86c9d320b2dc49100b302816733f
4026531848;3766484848;2319;0;0;0;2147484088;0;33621011;4026531872;3766484880;2147484092;0;f0000020e07fff90800001bc00;7b3f1fd11e501ee5bc9c6f50d371eee215e0c500ebf71200b568593667ad8c77
4026531872;3766484880;2322;4026531880;2952790552;2317;2147484092;0;4272170531;3766484860;2952790552;2147484096;0;e07fff7cb0000218800001c000;747f5476bedc3be8d323bfa49c50d24674c131503619bacbb3e0cf1b10430d04
4026531872;3766484880;2322;4026531884;27;2315;2147484096;0;4273218595;3766484856;27;2147484100;0;e07fff780000001b800001c400;f171c29263bf1694539d56bbc559211719940d925ebbfa46224546c028784ebf
0;0;0;0;0;0;2147484100;0;19;0;0;2147484104;0;0000000000000000800001c800;77fa45a85b7a9a767f7c0ad96574b3d18b3408fdcf97c8cf4dd73ab26e8c87ab
4026531848;3766484848;2319;3766484876;2147488508;2320;2147484104;0;29433987;4026531844;2147488508;2147484108;0;f0000004800012fc800001cc00;d9f76d1a1704b76372036fe317fee62ac6480f2077cab3f8e1db68dffc894dbc
4026531848;3766484848;2319;3766484872;3766484992;2321;2147484108;0;25240579;4026531872;3766484992;2147484112;0;f0000020e0800000800001d000;254d9ae5afcd8d3b7e5eeea1c8999038a90b3db8a3820793db59131f6549d6a3
4026531848;3766484848;2319;0;0;0;2147484112;0;33620243;4026531848;3766484880;2147484116;0;f0000008e07fff90800001d400;8d499e95f6e7c2a97fd8ac9c03d3220c500cb5449199801d3b2e441a6b3dd096
4026531844;2147488508;2326;0;0;0;2147484116;0;32871;0;0;2147488508;0;0000000000000000800012fc00;10cca9341026804e2484947e574e07e97611cb5424d72a22b6d75b6c673a6643
4026531840;0;4294967295;0;0;0;2147488508;0;26215827;4026531884;25;2147488512;0;f000002c000000198000130000;f212ee4adc4b649a0b46926e2867fc5012e24be03cb77222f817031ebb5ec3be
0;0;0;0;0;0;2147488512;0;2952791991;4026531900;2952790016;2147488516;0;f000003cb00000008000130400;369f5c460fd5420c35bbd0e5c56012918dd32c7fe569aa318d98d6611c6862fb
4026531900;2952790016;2331;0;0;0;2147488516;0;596083987;4026531880;2952790584;2147488520;0;f0000028b00002388000130800;68b215e6a67767a3e7ba01d641ebe4731d995977090638094682df6f5eb17765
0;0;0;0;0;0;2147488520;0;3932152047;4026531844;2147488524;2147484076;0;f00000048000130c800001ac00;01beb160e5e66ba64623e567bad88c6a774850c8431491323c863fb982db6802
4026531848;3766484880;2328;0;0;0;2147484076;0;4261478675;4026531848;3766484848;2147484080;0;f0000008e07fff70800001b000;84640575579fdfe64939766b29763ec46347b2fc1d183e0427430ac892bbc0ff
4026531848;3766484848;2334;4026531844;2147488524;2333;2147484080;0;1125923;3766484876;2147488524;2147484084;0;e07fff8c8000130c800001b400;cbd6c5ec01dd404e29466500ef2d0d88f2f0b07a3c75a0cae7b0e05048c15510
4026531848;3766484848;2334;4026531872;3766484992;2327;2147484084;0;8465443;3766484872;3766484992;2147484088;0;e07fff88e0800000800001b800;27ad9fcdb1751ab6a83f633fe06acbcdd5035b6d766578f8e33d23727a07cb43
4026531848;3766484848;2334;0;0;0;2147484088;0;33621011;4026531872;3766484880;2147484092;0;f0000020e07fff90800001bc00;50dbf7850a1886b4d42f8f83fff2f3d2bc7f30c3a491dbdebd40aaac969b457b
4026531872;3766484880;2337;4026531880;2952790584;2332;2147484092;0;4272170531;3766484860;2952790584;2147484096;0;e07fff7cb0000238800001c000;a366494102d1957597adc5b907dee398a671e8c4ad283a399c8f66073364b57d
4026531872;3766484880;2337;4026531884;25;2330;2147484096;0;4273218595;3766484856;25;2147484100;0;e07fff7800000019800001c400;f06bad2703e80589cef93fa63b0fd35bc2d26fbfb83a23a20f486af54686862f
0;0;0;0;0;0;2147484100;0;19;0;0;2147484104;0;0000000000000000800001c800;308846753f853c627892afc6f78642ec927b051e1e26f7ffd9395433523ec643
4026531848;3766484848;2334;3766484876;2147488524;2335;2147484104;0;29433987;4026531844;2147488524;2147484108;0;f00000048000130c800001cc00;c53836a91bee075448b609d4a4b27814500971fa5df0d80385483c4781f97e61
4026531848;3766484848;2334;3766484872;3766484992;2336;2147484108;0;25240579;4026531872;3766484992;2147484112;0;f0000020e0800000800001d000;7ce53aac79125991887a7f8621e3fac86cd74a0d4187459c7f5b7b642593d72d
4026531848;3766484848;2334;0;0;0;2147484112;0;33620243;4026531848;3766484880;2147484116;0;f0000008e07fff90800001d400;d4ad7d740d3878684a0970c5e08f7bc41ad3e5bc18f5deda9e4783e471755502
4026531844;2147488524;2341;0;0;0;2147484116;0;32871;0;0;2147488524;0;00000000000000008000130c00;ad0b2947f50ae2d81dd977b39b5f4237514ffa23a727df2df657f7f3fccb918a
0;0;0;0;0;0;2147488524;0;2147489719;4026531900;2147487744;2147488528;0;f000003c800010008000131000;b1a01dba355a37d4f023668c89b6721363bbf1aea98274c09613fec624766e82
4026531900;2147487744;2345;0;0;0;2147488528;0;493203;4026531892;2147487744;2147488532;0;f0000034800010008000131400;6761ac73d978dd0ddb1296d9f390588b5ffd1437266a19cadf382e9b49e23ad1
4026531872;3766484992;2342;0;0;0;2147488532;0;4198762387;4026531900;3766484900;2147488536;0;f000003ce07fffa48000131800;3f1b4daf32a923916f7c664c9ffa44be9d99022638730b3fc40e6af2fcda87a0
4026531840;0;4294967295;0;0;0;2147488536;0;73402131;4026531896;70;2147488540;0;f0000038000000468000131c00;59ca18904363985584aebfffa61f35ac401343a43c3c0ae8584912de1d77a39e
4026531896;70;2348;0;0;0;2147488540;0;460307;4026531888;70;2147488544;0;f0000030000000468000132000;996cc64adea694ee0c5b0d190a3af1b501447efd9c5de21285d8211ef40ad649
4026531900;3766484900;2347;0;0;0;2147488544;0;492947;4026531884;3766484900;2147488548;0;f000002ce07fffa48000132400;5828a45d46aa90624334f45baec839e60b8a010506b4d17f7627a23275fbaeba
4026531892;2147487744;2346;0;0;0;2147488548;0;427283;4026531880;2147487744;2147488552;0;f0000028800010008000132800;064304d7dfcc9add9d4d924eb7a16a4f24190d52462923ac6f17fa0f092f4ab1
0;0;0;0;0;0;2147488552;0;3449807087;4026531844;2147488556;2147483648;0;f00000048000132c8000000000;ffdbf274f6f950063901659a7c3e3d4fe584385b7943b032dd9a83cb02ec3335
4026531848;3766484880;2343;0;0;0;2147483648;0;4244701459;4026531848;3766484832;2147483652;0;f0000008e07fff608000000400;1eedb14c7b2df29b6a6d5257697b06b8dc14eea528189e83f1c3b97b596acca8
4026531848;3766484832;2353;4026531844;2147488556;2352;2147483652;0;34678307;3766484876;2147488556;2147483656;0;e07fff8c8000132c8000000800;3f920733db19cb87f20ed1258aca2e2559e9cf252b32dd109f026844459b9691
4026531848;3766484832;2353;4026531872;3766484992;2342;2147483656;0;42017827;3766484872;3766484992;2147483660;0;e07fff88e08000008000000c00;4c5d20995400e9ca497e865ab4c386e87566c9a196ce15f74fd4281b1d949802
4026531848;3766484832;2353;0;0;0;2147483660;0;50398227;4026531872;3766484880;2147483664;0;f0000020e07fff908000001000;a4aab813ce07403fa227701a7b5a31f0cd90bc69be6febd8029a8536d6370d1b
4026531872;3766484880;2356;4026531880;2147487744;2351;2147483664;0;4238618147;3766484844;2147487744;2147483668;0;e07fff6c800010008000001400;cd74b323a5e629ee19d5c62f74d058d540919f313136785602774176d75d40bc
4026531872;3766484880;2356;4026531884;3766484900;2350;2147483668;0;4239666211;3766484840;3766484900;2147483672;0;e07fff68e07fffa48000001800;34c8213014fe4c02997a89c0bf2f97d8856932335b2a7b1eda623eaaec57393c
4026531872;3766484880;2356;4026531888;70;2349;2147483672;0;4240714275;3766484836;70;2147483676;0;e07fff64000000468000001c00;5f8f9969936833657a223021b9498e0408f41ea7c5e12e1515976a22c261b933
4026531872;3766484880;2356;3766484844;2147487744;2357;2147483676;0;4257490819;4026531900;2147487744;2147483680;0;f000003c800010008000002000;164369c1fa5d2e5d64c21ebe2ad14e37dfaa8c58fe6a22226a15775241209687
4026531872;3766484880;2356;4026531900;2147487744;2360;2147483680;0;4277412899;3766484856;2147487744;2147483684;0;e07fff78800010008000002400;498715e91ce0ef42e698c19a43c8997ec8cd0d6ffa46ad22c2c40fa5d01de4ec
4026531872;3766484880;2356;3766484840;3766484900;2358;2147483684;0;4253296515;4026531900;3766484900;2147483688;0;f000003ce07fffa48000002800;b6107b8f0e666a668aa82089b2302645658c99a098ea908e9e763aff47caa6ac
4026531872;3766484880;2356;4026531900;3766484900;2362;2147483688;0;4277412387;3766484852;3766484900;2147483692;0;e07fff74e07fffa48000002c00;d52f75ad899caa53b3161ee5756968a36ad16c73aced01770d5076cad8eca9db
4026531872;3766484880;2356;4026531840;0;4294967295;2147483692;0;4261684771;3766484860;0;2147483696;0;e07fff7c000000008000003000;ea667256d8ea007856d41ed5e68bd3fa82a7847fa945559adc62a276891f94c4
0;0;0;0;0;0;2147483696;0;50331759;0;0;2147483744;0;00000000000000008000006000;a31d00ce73b214eefe0a7425649edb3c04237826f73c3864baf19f5e2f2b58b4
4026531872;3766484880;2356;3766484860;0;2364;2147483744;0;4274267907;4026531896;0;2147483748;0;f0000038000000008000006400;3ad57242c664ba7b3cf0656717dc0717ddbd2258ed2eb2e6d1a9634d9bf44cb7
4026531872;3766484880;2356;3766484836;70;2359;2147483748;0;4249102211;4026531900;70;2147483752;0;f000003c000000468000006800;50d18cb42de91d843edcc8f3a40e52ca51146f13908f29e24cab89fa1a20f8b3
4026531896;0;2366;4026531900;70;2367;2147483752;0;4244072163;0;0;2147483700;0;00000000000000008000003400;4347192ea3bc744dd2fe5737c16d3fca568e73067bfa0a0001794d3f24463ce1
4026531872;3766484880;2356;3766484852;3766484900;2363;2147483700;0;4265879299;4026531896;3766484900;2147483704;0;f0000038e07fffa48000003800;e6273f1e9a0995c2966827757e9e9fe5f7c2009ab450c801c637cc7a7df2aa4f
4026531872;3766484880;2356;3766484860;0;2364;2147483704;0;4274268035;4026531900;0;2147483708;0;f000003c000000008000003c00;0acb69078c7841a6f83c21f2070edbd6e813af42c7d0afc17618aa7b6582311f
4026531896;3766484900;2369;4026531900;0;2370;2147483708;0;16189235;4026531896;3766484900;2147483712;0;f0000038e07fffa48000004000;11b56d692040e5a5b824d3eb1cc3c629d476b4dc683f1e374dca3080ca9e5c13
4026531872;3766484880;2356;3766484856;2147487744;2361;2147483712;0;4270073475;4026531892;2147487744;2147483716;0;f0000034800010008000004400;35220e18dcc3f3109609485a19233c87f8c3b393d99225f8c0711ebc48a73396
4026531872;3766484880;2356;3766484860;0;2364;2147483716;0;4274268035;4026531900;0;2147483720;0;f000003c000000008000004800;96172825831a1297a38982e6b5a8e3415dc96b0dd9928fd651103394981fb987
4026531892;2147487744;2372;4026531900;0;2373;2147483720;0;16156595;4026531900;2147487744;2147483724;0;f000003c800010008000004c00;e02f235524b8933ae7307eaba239cbe3a5e858da02dd6f07cbf34cb8e4961991
4026531896;3766484900;2371;3766484900;0;1240;2147483724;0;476931;4026531896;0;2147483728;0;f0000038000000008000005000;8aa23b617a354a7b37f946243aabae0b6cbef90bb2bd912976b9a56de1742980
4026531900;2147487744;2374;2147487744;4243856419;4294967295;2147483728;0;15171619;4026531968;4243856384;2147483728;1;f0000080fcf41c008000005001;279aa0144dcb3f6c3d4e4ffafa2f7d23f4179473876c3b4256e3516674660114
4026531900;2147487744;2374;4026531896;0;2375;2147483728;1;15171619;4026531972;0;2147483728;2;f0000084000000008000005002;614cb0b1be6e7c34de49b9283b6f8a60f92bf5d442f6d306152535af6a8ad17b
4026531968;4243856384;2376;4026531972;0;2377;2147483728;2;15171619;4026531968;4243856384;2147483728;3;f0000080fcf41c008000005003;7a91fdff31d733eabd3c6d571199a10aab775a8f496d6b728e35fdb1957ba14d
4026531900;2147487744;2374;4026531968;4243856384;2378;2147483728;3;15171619;2147487744;4243856384;2147483732;0;80001000fcf41c008000005400;e64a142b122313c00a465a2dfd2ee0fe4ed60bc54c5d44cd0a13eeb95603e2bb
4026531872;3766484880;2356;3766484860;0;2364;2147483732;0;4274268035;4026531900;0;2147483736;0;f000003c000000008000005800;a446ada72f343122622ec00f9f062a98c621aab5aec4d1d35ab8f19484dd2c50
4026531900;0;2380;0;0;0;2147483736;0;1542035;4026531900;1;2147483740;0;f000003c000000018000005c00;0e87d4de8fd1adbbf779703e2dc8bac768923aa10cb6269560869db197e3639e
4026531872;3766484880;2356;4026531900;1;2381;2147483740;0;4277413411;3766484860;1;2147483744;0;e07fff7c000000018000006000;97c242a0ab62362d2f57027c6dc019482e101c653a54a2d53eb8fbfb369a2045
4026531872;3766484880;2356;3766484860;1;2382;2147483744;0;4274267907;4026531896;1;2147483748;0;f0000038000000018000006400;26db5624caf311eff3c953c38cd049a19c23d82a8901c335c2953ceebe2d46a7
4026531872;3766484880;2356;3766484836;70;2359;2147483748;0;4249102211;4026531900;70;2147483752;0;f000003c000000468000006800;99be483874a0969a2bf1991043075f0937de822c5d53c08fb8066b60aeea8401
4026531896;1;2383;4026531900;70;2384;2147483752;0;4244072163;0;0;2147483700;0;00000000000000008000003400;7785b2a9cd26c36732d04c18c30f3bedcd5d7947c32932587df839afdeaacd04
4026531872;3766484880;2356;3766484852;3766484900;2363;2147483700;0;4265879299;4026531896;3766484900;2147483704;0;f0000038e07fffa48000003800;bf728d139ad4373357e16948af0edb9542cfc450ce657ae31d0b70c2485e9dfe
4026531872;3766484880;2356;3766484860;1;2382;2147483704;0;4274268035;4026531900;1;2147483708;0;f000003c000000018000003c00;8f55788a78ab862829f4584b9586765e65a649177f439adb1f64bb368b12805c
4026531896;3766484900;2386;4026531900;1;2387;2147483708;0;16189235;4026531896;3766484901;2147483712;0;f0000038e07fffa58000004000;842c0d6a405eab8b5d01176b5d5e50b852431be39fc893e6c5cae1cbf52f2ce3
4026531872;3766484880;2356;3766484856;2147487744;2361;2147483712;0;4270073475;4026531892;2147487744;2147483716;0;f0000034800010008000004400;a2a78f24de93a0f85edc6d2f2ccb75b0591b297d019326d51ff107f51ca28296
4026531872;3766484880;2356;3766484860;1;2382;2147483716;0;4274268035;4026531900;1;2147483720;0;f000003c000000018000004800;fc78fdb3fac0e424000ce423ec787d17c844a05f1b5596651a6de67e2fec580c
4026531892;2147487744;2389;4026531900;1;2390;2147483720;0;16156595;4026531900;2147487745;2147483724;0;f000003c800010018000004c00;787bf4c38a7cb64b1039828c47e468a31c270055e5967d531668c71c522363f9
4026531896;3766484901;2388;3766484900;0;1240;2147483724;0;476931;4026531896;0;2147483728;0;f0000038000000008000005000;daddec478bdd5f1ac5bc29124ca442a5a477e1e45ef93f59a444096d4cb50777
4026531900;2147487745;2391;2147487744;4243856384;2379;2147483728;0;15171619;4026531968;4243849216;2147483728;1;f0000080fcf400008000005001;011894636e38cdd72b1e56540516dffe3b0b3159f1ba336b11f2bbc2fc52ad88
4026531900;2147487745;2391;4026531896;0;2392;2147483728;1;15171619;4026531972;0;2147483728;2;f0000084000000008000005002;651cb0d0706f2c8890dca95dfbbfac3568903a335ac74a9c47af5d30c88818e6
4026531968;4243849216;2393;4026531972;0;2394;2147483728;2;15171619;4026531968;4243849216;2147483728;3;f0000080fcf400008000005003;a1c449f53ee44fd79a78554768aa00a8209281129b9c7106a7d40e9270ed5090
4026531900;2147487745;2391;4026531968;4243849216;2395;2147483728;3;15171619;2147487744;4243849216;2147483732;0;80001000fcf400008000005400;51a8b2dc983e8c9231517ee35c669773852a52c38b3829f58cdff5165495c9b9
4026531872;3766484880;2356;3766484860;1;2382;2147483732;0;4274268035;4026531900;1;2147483736;0;f000003c000000018000005800;0ca970d0f0ce0a0a6273ca2dd8d02f20b3fc32ffd67b18627fa53df222005849
4026531900;1;2397;0;0;0;2147483736;0;1542035;4026531900;2;2147483740;0;f000003c000000028000005c00;086df7ec93df2b9752518627bee58cf99681da6fbea637bbb4f6b7fd02a760e4
4026531872;3766484880;2356;4026531900;2;2398;2147483740;0;4277413411;3766484860;2;2147483744;0;e07fff7c000000028000006000;e210a790cfbd2d145054b5ba0e7ba676daf7649f20cd0b1bf58984e9eb5b1cad
4026531872;3766484880;2356;3766484860;2;2399;2147483744;0;4274267907;4026531896;2;2147483748;0;f0000038000000028000006400;89102029ea426024f219de86c409d73c9738e4ffdb68fabf398ee9ee9c880f98
4026531872;3766484880;2356;3766484836;70;2359;2147483748;0;4249102211;4026531900;70;2147483752;0;f000003c000000468000006800;830a9a12a251a7c45247059df687b6b91efc53ecec6bed81e93e449f89764fe0
4026531896;2;2400;4026531900;70;2401;2147483752;0;4244072163;0;0;2147483700;0;00000000000000008000003400;1ab2bcc397a0ad231197bbd1d5b2ac2d4711f0ddc7b7a969a457f8fe56015005
4026531872;3766484880;2356;3766484852;3766484900;2363;2147483700;0;4265879299;4026531896;3766484900;2147483704;0;f0000038e07fffa48000003800;f4ccad935fc5852f3e715453d4bae3811c37e9bffd4f606b508c39ada97e9f4a
4026531872;3766484880;2356;3766484860;2;2399;2147483704;0;4274268035;4026531900;2;2147483708;0;f000003c000000028000003c00;0c3669e58a5897ccefdfe850c7cb6f4ad0daa699feb9bdf052d598ff17183385
4026531896;3766484900;2403;4026531900;2;2404;2147483708;0;16189235;4026531896;3766484902;2147483712;0;f0000038e07fffa68000004000;1dbe8207de6bfc33cf588dcc4b65eed4aa8947b667586e8bb4ea6704227f7d90
4026531872;3766484880;2356;3766484856;2147487744;2361;2147483712;0;4270073475;4026531892;2147487744;2147483716;0;f0000034800010008000004400;8fdef03dfdb13407903feffad7f10dcccd27d7e108960c46f6da007bef3b8a3b
4026531872;3766484880;2356;3766484860;2;2399;2147483716;0;4274268035;4026531900;2;2147483720;0;f000003c000000028000004800;2b2c22fd8e6677822ee9240d23cad326d7c0032e5dfc3c485a86a92f0441d49a
4026531892;2147487744;2406;4026531900;2;2407;2147483720;0;16156595;4026531900;2147487746;2147483724;0;f000003c800010028000004c00;58c1a1e3cd84428a7c279fe674401c2ea62bb92a68c67c6c5115abb3d2516e35
4026531896;3766484902;2405;3766484900;0;1240;2147483724;0;476931;4026531896;0;2147483728;0;f0000038000000008000005000;a59225859448ed9ae128e81173d70c7da6dd511c3cb6fc5ac6f55dab4ed7e114
4026531900;2147487746;2408;2147487744;4243849216;2396;2147483728;0;15171619;4026531968;4227858432;2147483728;1;f0000080fc0000008000005001;c3588c942351de7c82df7a2b8d43ed5d7545ac9bf261bafce5b01788002a4467
4026531900;2147487746;2408;4026531896;0;2409;2147483728;1;15171619;4026531972;0;2147483728;2;f0000084000000008000005002;edd1d399b00d7b171d76a8cde5caa3b8d664529056f19a3d82659efc5833f1f8
4026531968;4227858432;2410;4026531972;0;2411;2147483728;2;15171619;4026531968;4227858432;2147483728;3;f0000080fc0000008000005003;4270af9c957a05c4f22c56559fe5559b6db1f2fd04e6bc177e412ab336362c97
4026531900;2147487746;2408;4026531968;4227858432;2412;2147483728;3;15171619;2147487744;4227858432;2147483732;0;80001000fc0000008000005400;36bc4b91ccdaaca57817ae062e2cb49c909c736584b59ac1bba0cc9930ed587a
4026531872;3766484880;2356;3766484860;2;2399;2147483732;0;4274268035;4026531900;2;2147483736;0;f000003c000000028000005800;ec7a74b2a688b5d475a49dd0783191c853c4aaecd2b7511d250a613e3a78bfab
4026531900;2;2414;0;0;0;2147483736;0;1542035;4026531900;3;2147483740;0;f000003c000000038000005c00;24a723dd4b022ca82714a3efa20cc9eb542f77e91390498af82cf3d6e3707c91
4026531872;3766484880;2356;4026531900;3;2415;2147483740;0;4277413411;3766484860;3;2147483744;0;e07fff7c000000038000006000;bcc362eaca68db0a557155ac499fc94f883ef59d92b8758f9ba435c147dac5cf
4026531872;3766484880;2356;3766484860;3;2416;2147483744;0;4274267907;4026531896;3;2147483748;0;f0000038000000038000006400;24c51314bea5a8ade02936bdfc3a8545d4e558b1c5c56405b7db88732302cd3a
4026531872;3766484880;2356;3766484836;70;2359;2147483748;0;4249102211;4026531900;70;2147483752;0;f000003c000000468000006800;ca3561e4624fa55bccad8312f575ebfaeeeeb528e86b086dbf7be51e3f4eb93b
4026531896;3;2417;4026531900;70;2418;2147483752;0;4244072163;0;0;2147483700;0;00000000000000008000003400;c31eb6120ff41144aa8526c5e7f913fc64168b5a0a87d9683e0988aa9b32c750
4026531872;3766484880;2356;3766484852;3766484900;2363;2147483700;0;4265879299;4026531896;3766484900;2147483704;0;f0000038e07fffa48000003800;143e37a81feaddd81aa80416c914b4ae71a68c396b1ba0dbaa8f54c3f19f18a8
4026531872;3766484880;2356;3766484860;3;2416;2147483704;0;4274268035;4026531900;3;2147483708;0;f000003c000000038000003c00;488d5913e8ccd3be6ba69010b6f3faaa178bcc316143a925df9dfd3a1e8afff9
4026531896;3766484900;2420;4026531900;3;2421;2147483708;0;16189235;4026531896;3766484903;2147483712;0;f0000038e07fffa78000004000;f63c7d19af1fb6283ffd7c598814d3375d08c792e2e4334eff117dd8fa5e6ead
4026531872;3766484880;2356;3766484856;2147487744;2361;2147483712;0;4270073475;4026531892;2147487744;2147483716;0;f0000034800010008000004400;f8c0465a9eb7a0f61a642d991601f26db33165627c5bb695e6edc28331417978
4026531872;3766484880;2356;3766484860;3;2416;2147483716;0;4274268035;4026531900;3;2147483720;0;f000003c000000038000004800;302a4717e6da682419bfed46d5ed853807749d9051e596dcde53ce945b1df2a6
4026531892;2147487744;2423;4026531900;3;2424;2147483720;0;16156595;4026531900;2147487747;2147483724;0;f000003c800010038000004c00;b9cc3903a36636e5088d481656c054a7b1a8e5e2d6b8196834a5729c9cdf1d7b
4026531896;3766484903;2422;3766484900;0;1240;2147483724;0;476931;4026531896;0;2147483728;0;f0000038000000008000005000;caa22e5058be626f6f7da71e23166afd407de975264d900ecfd25a73ffaf4fee
4026531900;2147487747;2425;2147487744;4227858432;2413;2147483728;0;15171619;4026531968;0;2147483728;1;f0000080000000008000005001;8f9102f3916c99f8e71f65e8e358f684bca7df4fc1af13cf31aca9ffbf5eff80
4026531900;2147487747;2425;4026531896;0;2426;2147483728;1;15171619;4026531972;0;2147483728;2;f0000084000000008000005002;00b7237ae67ff7ac185ec5b224ab528f17d4d94b11c3a42a5ff9fe12a7bdb321
4026531968;0;2427;4026531972;0;2428;2147483728;2;15171619;4026531968;0;2147483728;3;f0000080000000008000005003;2360bc5eb40c02dbe7743e54d099eabd99c067946a31aef2663ee698f949fcc2
4026531900;2147487747;2425;4026531968;0;2429;2147483728;3;15171619;2147487744;0;2147483732;0;80001000000000008000005400;b29e529786b0b2a15d75cc7575a11a1afcdeb77dcaa76dfa825b36aadb9b2f7a
4026531872;3766484880;2356;3766484860;3;2416;2147483732;0;4274268035;4026531900;3;2147483736;0;f000003c000000038000005800;4705feb589df186feda60f01f4fd1f27944bfcefe6fbc582a97f999c636b3365
4026531900;3;2431;0;0;0;2147483736;0;1542035;4026531900;4;2147483740;0;f000003c000000048000005c00;001adab518745edaaa39acf81e02b40762d2462081536c7c43e34ec3b4fc6275
4026531872;3766484880;2356;4026531900;4;2432;2147483740;0;4277413411;3766484860;4;2147483744;0;e07fff7c000000048000006000;546fde1a6db138a0c41748c4e6fde45ccf4fccc7f0bf73dd89528f25d76ac58b
4026531872;3766484880;2356;3766484860;4;2433;2147483744;0;4274267907;4026531896;4;2147483748;0;f0000038000000048000006400;4c0aa32faf2a3f73bbcd56a45a511a8c37981f4cd5fbabc675605d76ad1d6314
4026531872;3766484880;2356;3766484836;70;2359;2147483748;0;4249102211;4026531900;70;2147483752;0;f000003c000000468000006800;ab49db316e3e4397a844fba4e0d4d82762cd1799090c24b7ebea2d7b6437ddb5
4026531896;4;2434;4026531900;70;2435;2147483752;0;4244072163;0;0;2147483700;0;00000000000000008000003400;ef0dbf3fa635e3922090e70e19b8a3cd642de09a37d1ab972a32026d24590d31
4026531872;3766484880;2356;3766484852;3766484900;2363;2147483700;0;4265879299;4026531896;3766484900;2147483704;0;f0000038e07fffa48000003800;51bb9651a8ea4abb07695fd3776d7eaefc4c604097c39ca8c169dec87f4a54ad
4026531872;3766484880;2356;3766484860;4;2433;2147483704;0;4274268035;4026531900;4;2147483708;0;f000003c000000048000003c00;3eca60aa6b868715fc83c7b8fc2deca24a106a8320d0a1cd95a3602ce3bd837e
4026531896;3766484900;2437;4026531900;4;2438;2147483708;0;16189235;4026531896;3766484904;2147483712;0;f0000038e07fffa88000004000;ca981c662ce5f3a31838c00972b26f776ab34dd1b329f7a87c09f26169fdc0ee
4026531872;3766484880;2356;3766484856;2147487744;2361;2147483712;0;4270073475;4026531892;2147487744;2147483716;0;f0000034800010008000004400;80fdce90032916414009a64af228508877055d717b6b184032b8c2c9f44ddca6
4026531872;3766484880;2356;3766484860;4;2433;2147483716;0;4274268035;4026531900;4;2147483720;0;f000003c000000048000004800;2517e81ca3f563437979f01a678038be6a10d8b711f6a8fd4e01e98e576ce378
4026531892;2147487744;2440;4026531900;4;2441;2147483720;0;16156595;4026531900;2147487748;2147483724;0;f000003c800010048000004c00;18bb1a23a9719c0d58365ee88f443d232b19e0e7c451bad7d7d9eb314680a66f
4026531896;3766484904;2439;3766484904;0;2248;2147483724;0;476931;4026531896;0;2147483728;0;f0000038000000008000005000;88763620d0ab7d6d0ea9dedb9f3736e70fde636e0b65c41fe753c79a4a1c8db4
4026531900;2147487748;2442;2147487748;4255405955;4294967295;2147483728;0;15171619;4026531968;4255405824;2147483728;1;f0000080fda457008000005001;807430b96c5d0945a7824020c340a2398c33ed865ece9263088985706dbd1392
4026531900;2147487748;2442;4026531896;0;2443;2147483728;1;15171619;4026531972;0;2147483728;2;f0000084000000008000005002;aa899f86fe47c48396e7d9560bfdcab0c9babe10fe444cef9939168df674933c
4026531968;4255405824;2444;4026531972;0;2445;2147483728;2;15171619;4026531968;4255405824;2147483728;3;f0000080fda457008000005003;7eed4d56de6778dce26463ba33a9a80cc9e1466942c7e3be939ce855bcdd3952
4026531900;2147487748;2442;4026531968;4255405824;2446;2147483728;3;15171619;2147487748;4255405824;2147483732;0;80001004fda457008000005400;67205b623676bcd40e947a68c41df649afaa2b330359babcaa7114384673cbf9
4026531872;3766484880;2356;3766484860;4;2433;2147483732;0;4274268035;4026531900;4;2147483736;0;f000003c000000048000005800;e9220570703bb9dd8b2899d63829b1d135dbb1597779d07fc2684e064e361dce
4026531900;4;2448;0;0;0;2147483736;0;1542035;4026531900;5;2147483740;0;f000003c000000058000005c00;8247794caff1d9ef0cef1d6b19dca21ffeca7c1b0a7cecf67a0df09f6e00cef8
4026531872;3766484880;2356;4026531900;5;2449;2147483740;0;4277413411;3766484860;5;2147483744;0;e07fff7c000000058000006000;40fa9bde4ce29adaa7da7234c910a48ccd1b11938b9b937e461ffd925de0c4e3
4026531872;3766484880;2356;3766484860;5;2450;2147483744;0;4274267907;4026531896;5;2147483748;0;f0000038000000058000006400;25b33e4ac9eb3e941fcb57255bb9527aa3008919e74e30b6de884da6c9810b94
4026531872;3766484880;2356;3766484836;70;2359;2147483748;0;4249102211;4026531900;70;2147483752;0;f000003c000000468000006800;a084305ee88d2dc142420de03d7cd14a71889f34070f111bc9af2df181d745d1
4026531896;5;2451;4026531900;70;2452;2147483752;0;4244072163;0;0;2147483700;0;00000000000000008000003400;0411e1ecaf5f929fa535dddf35a960fb9f11256a564adfb5428c778cfd57156e
4026531872;3766484880;2356;3766484852;3766484900;2363;2147483700;0;4265879299;4026531896;3766484900;2147483704;0;f0000038e07fffa48000003800;231e76da13c0f59a4c1f5c769caed6f828341358166a2dadfe5ff79a8ddc3a3a
4026531872;3766484880;2356;3766484860;5;2450;2147483704;0;4274268035;4026531900;5;2147483708;0;f000003c000000058000003c00;adc88a2428c50e140c94ce401f799da40b52e6dcb6450f88c1ccdb24e0cc0257
4026531896;3766484900;2454;4026531900;5;2455;2147483708;0;16189235;4026531896;3766484905;2147483712;0;f0000038e07fffa98000004000;89e8993c87185380d5969a5b1214e71c959618a27580fde6840de01422abc16a
4026531872;3766484880;2356;3766484856;2147487744;2361;2147483712;0;4270073475;4026531892;2147487744;2147483716;0;f0000034800010008000004400;572790e72dc3af28d77599cfe5121a435e2ee7097fbb52b517bb605307d164f9
4026531872;3766484880;2356;3766484860;5;2450;2147483716;0;4274268035;4026531900;5;2147483720;0;f000003c000000058000004800;85f6e1cc0f2eb06f7151681432cd672ac55e373a6cc41d2cecc20ba7105779ad
4026531892;2147487744;2457;4026531900;5;2458;2147483720;0;16156595;4026531900;2147487749;2147483724;0;f000003c800010058000004c00;565af1b9ef9da6ca5ace80bece1f8acb0c48c7d1f373a8300f982da4fcd49535
4026531896;3766484905;2456;3766484904;0;2248;2147483724;0;476931;4026531896;0;2147483728;0;f0000038000000008000005000;799d5c1bc20f0bd2527c27765d80342b89246a666fdf2c3e978ae8a3926686c6
4026531900;2147487749;2459;2147487748;4255405824;2447;2147483728;0;15171619;4026531968;4255383552;2147483728;1;f0000080fda400008000005001;9c4424a03aecbb55b678ad39864835b7e6e52b0605410a437ee698ebcc6cfbe5
4026531900;2147487749;2459;4026531896;0;2460;2147483728;1;15171619;4026531972;0;2147483728;2;f0000084000000008000005002;c07df2f98f960ce5093e82cb8aedb898402bef4d28e7b6df3316a02a9643c90d
4026531968;4255383552;2461;4026531972;0;2462;2147483728;2;15171619;4026531968;4255383552;2147483728;3;f0000080fda400008000005003;170cc69fca6b0ecd154a6acf88f3814e6a29eff698512a473a5ea2ea54a8721f
4026531900;2147487749;2459;4026531968;4255383552;2463;2147483728;3;15171619;2147487748;4255383552;2147483732;0;80001004fda400008000005400;79c4e4ae5f57a5d55f358bce4fd849b809d4bc9077101a318a0e17fda2167c51
4026531872;3766484880;2356;3766484860;5;2450;2147483732;0;4274268035;4026531900;5;2147483736;0;f000003c000000058000005800;54e3db616c977e34e40d231f79da2b627662b396882cf82f4d48fe5547ed0d85
4026531900;5;2465;0;0;0;2147483736;0;1542035;4026531900;6;2147483740;0;f000003c000000068000005c00;8b4808425906c9e1d07c865f5aa0e1067f91c622b6f0fcfbdc7a4deb5a51b012
4026531872;3766484880;2356;4026531900;6;2466;2147483740;0;4277413411;3766484860;6;2147483744;0;e07fff7c000000068000006000;73effaf15d85317ea040b62a6b250de0d211a8dde7fff59a53bc83ed8ece5302
4026531872;3766484880;2356;3766484860;6;2467;2147483744;0;4274267907;4026531896;6;2147483748;0;f0000038000000068000006400;56b9455b60c1bf8903e2caa3260a8d322472805789b1b5c99c85720e7c25d1f3
4026531872;3766484880;2356;3766484836;70;2359;2147483748;0;4249102211;4026531900;70;2147483752;0;f000003c000000468000006800;2ef3059787e954fc02ba40886583eaec4109f96262165cfe7f0a44d82ad9d59d
4026531896;6;2468;4026531900;70;2469;2147483752;0;4244072163;0;0;2147483700;0;00000000000000008000003400;73008c2a27292beb09925e0076159dc5ce79add880dde6190040ddb938466e47
4026531872;3766484880;2356;3766484852;3766484900;2363;2147483700;0;4265879299;4026531896;3766484900;2147483704;0;f0000038e07fffa48000003800;0462859c223b93aed5b526f06e51f2abfbcc49e95d5dfeb205d9161a214552ef
4026531872;3766484880;2356;3766484860;6;2467;2147483704;0;4274268035;4026531900;6;2147483708;0;f000003c000000068000003c00;747575ca5e6ad230013a46732d3fe9016ba6d374c33a996075ff0ced41a0b141
4026531896;3766484900;2471;4026531900;6;2472;2147483708;0;16189235;4026531896;3766484906;2147483712;0;f0000038e07fffaa8000004000;df6d17292991e6e2a7e3262abd90af14828d20d5284eba17ec6c55656892ca0f
4026531872;3766484880;2356;3766484856;2147487744;2361;2147483712;0;4270073475;4026531892;2147487744;2147483716;0;f0000034800010008000004400;fae63279a89281c4d94f30ba50064726dc9c648893793aec665816c7d9dc3901
4026531872;3766484880;2356;3766484860;6;2467;2147483716;0;4274268035;4026531900;6;2147483720;0;f000003c000000068000004800;12bc272b7469bcf964a94e107f1046da7e9aa9fd5bb6009515deec0e5aa54a64
4026531892;2147487744;2474;4026531900;6;2475;2147483720;0;16156595;4026531900;2147487750;2147483724;0;f000003c800010068000004c00;fd742d87dd1fcf1b24c21e94731ff66d2bab87a54c9a522f0a15abc126560fb9
4026531896;3766484906;2473;3766484904;0;2248;2147483724;0;476931;4026531896;0;2147483728;0;f0000038000000008000005000;44b7b75dbc4066384d996e144aed5b1077e536978409c877dad95bfc14ecbf64
4026531900;2147487750;2476;2147487748;4255383552;2464;2147483728;0;15171619;4026531968;4244635648;2147483728;1;f0000080fd0000008000005001;3392af3f2e9d72886cd1257b3f3f8f1936134c8f3cb271ba8f7858d534edb1c9
4026531900;2147487750;2476;4026531896;0;2477;2147483728;1;15171619;4026531972;0;2147483728;2;f0000084000000008000005002;212edf1157e1715dfcc2cd42a3ce46b04c02c3b83efb59e41ffee5aed8118065
4026531968;4244635648;2478;4026531972;0;2479;2147483728;2;15171619;4026531968;4244635648;2147483728;3;f0000080fd0000008000005003;aef94e68d71758c8da60041692175dc4ffbc8118d045e95aa6d492038c9eeae2
4026531900;2147487750;2476;4026531968;4244635648;2480;2147483728;3;15171619;2147487748;4244635648;2147483732;0;80001004fd0000008000005400;bcb9aa1d32ff641484dae58e6f80cdae7bb105cb9a0019c9b096b9ff223fef20
4026531872;3766484880;2356;3766484860;6;2467;2147483732;0;4274268035;4026531900;6;2147483736;0;f000003c000000068000005800;f81bf3516b4ba428d7462ba8a794bf4c38eaf739d1ce9ba82f5a3a9bb7221dda
4026531900;6;2482;0;0;0;2147483736;0;1542035;4026531900;7;2147483740;0;f000003c000000078000005c00;98a527fdb5c6afe46ce42a71f314aa2826c25e096397dc76fe2362d6a03a24aa
4026531872;3766484880;2356;4026531900;7;2483;2147483740;0;4277413411;3766484860;7;2147483744;0;e07fff7c000000078000006000;d81f5471de2153b369e37e3904e54b71e5a30f026789dd8a40eb5d97edaa2a68
4026531872;3766484880;2356;3766484860;7;2484;2147483744;0;4274267907;4026531896;7;2147483748;0;f0000038000000078000006400;1d805df490dadc0e8ff613cba92b040d1bced9c6cac4c49f62884708330d6b2c
4026531872;3766484880;2356;3766484836;70;2359;2147483748;0;4249102211;4026531900;70;2147483752;0;f000003c000000468000006800;f40742f7eea4503cf14a7e1658d235f24470d924e869f45cae7eba82a3740885
4026531896;7;2485;4026531900;70;2486;2147483752;0;4244072163;0;0;2147483700;0;00000000000000008000003400;166f93b400b453b346e5197b28935058f37a61f6ec40ddf86cba09a25f1a6371
4026531872;3766484880;2356;3766484852;3766484900;2363;2147483700;0;4265879299;4026531896;3766484900;2147483704;0;f0000038e07fffa48000003800;30220cb8d3c6e21a18f4d23ead0f056c6420d3091d8052eff2713b381f162c84
4026531872;3766484880;2356;3766484860;7;2484;2147483704;0;4274268035;4026531900;7;2147483708;0;f000003c000000078000003c00;3f6099c62dc313001f1c1614f10404cae0662971a9a4354cff0765fac437409b
4026531896;3766484900;2488;4026531900;7;2489;2147483708;0;16189235;4026531896;3766484907;2147483712;0;f0000038e07fffab8000004000;032d034ffbd1332b4d071cd88bdb43f8bd02850dcac31b74b6b978b185e33925
4026531872;3766484880;2356;3766484856;2147487744;2361;2147483712;0;4270073475;4026531892;2147487744;2147483716;0;f0000034800010008000004400;5f872b09462318a4fb20eed2f17322978a025d62bfa7a15010e5661cddde8503
4026531872;3766484880;2356;3766484860;7;2484;2147483716;0;4274268035;4026531900;7;2147483720;0;f000003c000000078000004800;ca2a4b66c94ca0b6756b7033d04ee8a86ad80a9fc46a05f31929f1f4b79e7485
4026531892;2147487744;2491;4026531900;7;2492;2147483720;0;16156595;4026531900;2147487751;2147483724;0;f000003c800010078000004c00;027973bdd6506caae1c8e5c1174d69f2d770c89d632ab323e38cfeaa2fcc775f
4026531896;3766484907;2490;3766484904;0;2248;2147483724;0;476931;4026531896;0;2147483728;0;f0000038000000008000005000;5b59d448d5e97114860abd77703dc3d1250dc60d6e335071d4eba28979f800e8
4026531900;2147487751;2493;2147487748;4244635648;2481;2147483728;0;15171619;4026531968;0;2147483728;1;f0000080000000008000005001;e110da2731e1226d27c0c73b6bc47b79f4c1f60b9455e32afcf7e3dd080738f5
4026531900;2147487751;2493;4026531896;0;2494;2147483728;1;15171619;4026531972;0;2147483728;2;f0000084000000008000005002;c351f42c8b88c2e40def466f7241024d8201367a3639dd2385af8d9938aee57f
4026531968;0;2495;4026531972;0;2496;2147483728;2;15171619;4026531968;0;2147483728;3;f0000080000000008000005003;7beeb82670611d122106ea6ebedb22493cb9c5fd20ea80ae1bb44851f765c6c5
4026531900;2147487751;2493;4026531968;0;2497;2147483728;3;15171619;2147487748;0;2147483732;0;80001004000000008000005400;a43bb6eb3701c1ff3e7363d829736738ed81ebdf8b660b65ab57aafa6807fcd9
4026531872;3766484880;2356;3766484860;7;2484;2147483732;0;4274268035;4026531900;7;2147483736;0;f000003c000000078000005800;e8125af6faa65ae144d2d946b144a2daa8b4b22b9f7c07647a2d7defb7fda2de
4026531900;7;2499;0;0;0;2147483736;0;1542035;4026531900;8;2147483740;0;f000003c000000088000005c00;15ea653a68cdd0f7f845b67fbf0f138fe679478c0c6ac9f69e5675a693ecd12f
4026531872;3766484880;2356;4026531900;8;2500;2147483740;0;4277413411;3766484860;8;2147483744;0;e07fff7c000000088000006000;3ace1caf918d5ded0adc5c635170d9be4173ae50d90e83432815038b5cfaaf1b
4026531872;3766484880;2356;3766484860;8;2501;2147483744;0;4274267907;4026531896;8;2147483748;0;f0000038000000088000006400;12170b09e5b3f2f944215035091ed1d6e1d1210560d41e63b30526f40f8b23d3
4026531872;3766484880;2356;3766484836;70;2359;2147483748;0;4249102211;4026531900;70;2147483752;0;f000003c000000468000006800;785d17be59315b68353567eaf1c44ea75711439eeb1ab63f260888d233460ad6
4026531896;8;2502;4026531900;70;2503;2147483752;0;4244072163;0;0;2147483700;0;00000000000000008000003400;c401dfec4c9a40b50fd5cec6ec0948262de4840622a27539644505d4f35061d1
4026531872;3766484880;2356;3766484852;3766484900;2363;2147483700;0;4265879299;4026531896;3766484900;2147483704;0;f0000038e07fffa48000003800;a4c8ee20b5ccdbaa7df4aeacd01a3ea26f0ac7278f7f6b96070ad997c71a51b0
4026531872;3766484880;2356;3766484860;8;2501;2147483704;0;4274268035;4026531900;8;2147483708;0;f000003c000000088000003c00;162a28940bb01bf6cfde2180e344d6dc634b77c3c1a86843d87c2b8a73bc8cb2
4026531896;3766484900;2505;4026531900;8;2506;2147483708;0;16189235;4026531896;3766484908;2147483712;0;f0000038e07fffac8000004000;e0f84f0b67965a637d68585aa9753a12b37cf7f305fbbaf128ae03828cc43071
4026531872;3766484880;2356;3766484856;2147487744;2361;2147483712;0;4270073475;4026531892;2147487744;2147483716;0;f0000034800010008000004400;c6b1a162814bbedfdc1abb4f4c8c0284108771e22ec15781bde5e183bdb39ce4
4026531872;3766484880;2356;3766484860;8;2501;2147483716;0;4274268035;4026531900;8;2147483720;0;f000003c000000088000004800;001450fc2b82bedf4e342d39bcddacc21be7a77e70adfa2d32c9695a180a4d21
4026531892;2147487744;2508;4026531900;8;2509;2147483720;0;16156595;4026531900;2147487752;2147483724;0;f000003c800010088000004c00;474a14d22a7ea49a9cddb32f0d4b33d751fc332f69fff6b8abec7fd98ab03a9e
4026531896;3766484908;2507;3766484908;0;2254;2147483724;0;476931;4026531896;0;2147483728;0;f0000038000000008000005000;c0f05bda63860264552a9b80c80e72efd5710812b7235e08e0caa85599866626
4026531900;2147487752;2510;2147487752;522131;4294967295;2147483728;0;15171619;4026531968;521984;2147483728;1;f00000800007f7008000005001;daa4e63ca55f8a85d170514148ba1abebe1c22a21042d0d9c6e9055a633741eb
4026531900;2147487752;2510;4026531896;0;2511;2147483728;1;15171619;4026531972;0;2147483728;2;f0000084000000008000005002;71e18bb971eb670581961ae614792bf51c8faa9b47e6a63ab0c1f27ae59ac9f2
4026531968;521984;2512;4026531972;0;2513;2147483728;2;15171619;4026531968;521984;2147483728;3;f00000800007f7008000005003;9702f806aa5c8a5cb3464323dbbbf0dbd15746faafad17b3a492e607a40498d5
4026531900;2147487752;2510;4026531968;521984;2514;2147483728;3;15171619;2147487752;521984;2147483732;0;800010080007f7008000005400;b02fb363b33d57b4db62b22050455932beb2b87762a4970255ae5bf0cca672a2
4026531872;3766484880;2356;3766484860;8;2501;2147483732;0;4274268035;4026531900;8;2147483736;0;f000003c000000088000005800;da2b5fd95459b4691f3bc64206ddfee3483a5d6ffbac11e6df64fe57ecc165e6
4026531900;8;2516;0;0;0;2147483736;0;1542035;4026531900;9;2147483740;0;f000003c000000098000005c00;8cf84efae5a417f976c5e3cb8e153b38ffbdecef138840ec518e3e5dfbfa0828
4026531872;3766484880;2356;4026531900;9;2517;2147483740;0;4277413411;3766484860;9;2147483744;0;e07fff7c000000098000006000;24b62afc46955a870ec58618deb071f5c998be6f6f625529b7bd943a33cf16ca
4026531872;3766484880;2356;3766484860;9;2518;2147483744;0;4274267907;4026531896;9;2147483748;0;f0000038000000098000006400;fe41e39afe24a48ee3bb38d214eaa9d3f1824ad65a8a0d1fc760c7024cce533d
4026531872;3766484880;2356;3766484836;70;2359;2147483748;0;4249102211;4026531900;70;2147483752;0;f000003c000000468000006800;0adda9fa83d9f5692555fc9ca5bcd15f5ada5f49fa252ed768fbf634dbfb87b3
4026531896;9;2519;4026531900;70;2520;2147483752;0;4244072163;0;0;2147483700;0;00000000000000008000003400;49b3567a2b23be5bf62e0b1c43559d88fbc8c887c1d1ade77d7bfe9cb35156ba
4026531872;3766484880;2356;3766484852;3766484900;2363;2147483700;0;4265879299;4026531896;3766484900;2147483704;0;f0000038e07fffa48000003800;9a323bcf3e8eb5ceb4b40e1eb5aca17e2e640007f84ecf7d2859aa16ae4d67d3
4026531872;3766484880;2356;3766484860;9;2518;2147483704;0;4274268035;4026531900;9;2147483708;0;f000003c000000098000003c00;b7026a55dd3f870b85dbc74a1d1e84bccb9e3dec4bb258141cb592e954bb4d4c
4026531896;3766484900;2522;4026531900;9;2523;2147483708;0;16189235;4026531896;3766484909;2147483712;0;f0000038e07fffad8000004000;6559a1c64f0fd950888d7cefcec22a5defa749de87869a7949cb6ff3314ffadc
4026531872;3766484880;2356;3766484856;2147487744;2361;2147483712;0;4270073475;4026531892;2147487744;2147483716;0;f0000034800010008000004400;7c57b4ae74aab3e5f367c5076035ebcd295135fbab864809f62d55c51367684c
4026531872;3766484880;2356;3766484860;9;2518;2147483716;0;4274268035;4026531900;9;2147483720;0;f000003c000000098000004800;08662493a6e2fe2b0b253cbca096ac9ce4b56150734e76264b2685e1b427b8ad
4026531892;2147487744;2525;4026531900;9;2526;2147483720;0;16156595;4026531900;2147487753;2147483724;0;f000003c800010098000004c00;4e880e3973fdb190340255b3fa8af4d63f5247aec9931a08af11c94a7eaae571
4026531896;3766484909;2524;3766484908;0;2254;2147483724;0;476931;4026531896;0;2147483728;0;f0000038000000008000005000;c6fc3b24dcff6ec6186700b53012a51b8bf972ba7501023bb4cbe1ff0a13ebf0
4026531900;2147487753;2527;2147487752;521984;2515;2147483728;0;15171619;4026531968;458752;2147483728;1;f0000080000700008000005001;c0023c1eea8505a76316e43a0fca85018f248deaecf6e04bd343f60869738567
4026531900;2147487753;2527;4026531896;0;2528;2147483728;1;15171619;4026531972;0;2147483728;2;f0000084000000008000005002;10813dca7ec7f802e2a3454ee032b2ce35af8ade49cc83d39ef7e5f4485f8c0b
4026531968;458752;2529;4026531972;0;2530;2147483728;2;15171619;4026531968;458752;2147483728;3;f0000080000700008000005003;1b0761c665c58ad6c8a34cc7a0fe8c14e9570812784973092da164c9df4b435e
4026531900;2147487753;2527;4026531968;458752;2531;2147483728;3;15171619;2147487752;458752;2147483732;0;80001008000700008000005400;d29f431c115ecb9f8a1c7d36c5cd28540228d87ecfdad4bace76b524dc5f2189
4026531872;3766484880;2356;3766484860;9;2518;2147483732;0;4274268035;4026531900;9;2147483736;0;f000003c000000098000005800;71bad9790c94868dc7f75c88d9a5cfe3c4014a3594b0145c1f0d23a9ce6245d6
4026531900;9;2533;0;0;0;2147483736;0;1542035;4026531900;10;2147483740;0;f000003c0000000a8000005c00;458cc07b07bd09ac8bfe21c2a01370538a76513da6858b5516832fe4a289682a
4026531872;3766484880;2356;4026531900;10;2534;2147483740;0;4277413411;3766484860;10;2147483744;0;e07fff7c0000000a8000006000;a968775cf4f1079218a8809184db17c7be03ef5ce0195f6df9058aa76f05b49b
4026531872;3766484880;2356;3766484860;10;2535;2147483744;0;4274267907;4026531896;10;2147483748;0;f00000380000000a8000006400;f79c1802ca598c4fa10dcfeb568dbe1801343df45a6e11afb39e54802284e184
4026531872;3766484880;2356;3766484836;70;2359;2147483748;0;4249102211;4026531900;70;2147483752;0;f000003c000000468000006800;9a9a318320647a5bb6d1b0b245fcf3636ed3910d4b6d5b794ae502c0830b0af9
4026531896;10;2536;4026531900;70;2537;2147483752;0;4244072163;0;0;2147483700;0;00000000000000008000003400;4358dd468e187aa873bd05d4841c7c9924ee2e1abfbc95ce02f8b8d91fd13279
4026531872;3766484880;2356;3766484852;3766484900;2363;2147483700;0;4265879299;4026531896;3766484900;2147483704;0;f0000038e07fffa48000003800;a9948db6adfa4f845386988e8f51ea1ec464969e13ab086c87f0682c2fec7c91
4026531872;3766484880;2356;3766484860;10;2535;2147483704;0;4274268035;4026531900;10;2147483708;0;f000003c0000000a8000003c00;570671fdd9a41180bfdc989dfc6d7185c3a82ac1b732aa24952c942484cd17c1
4026531896;3766484900;2539;4026531900;10;2540;2147483708;0;16189235;4026531896;3766484910;2147483712;0;f0000038e07fffae8000004000;78ecf7f046ddff76f9a2ed505e01e1feb6025b3c3e1525c93bdd3b9d8de71f40
4026531872;3766484880;2356;3766484856;2147487744;2361;2147483712;0;4270073475;4026531892;2147487744;2147483716;0;f0000034800010008000004400;c3c55f2c172cef6081b3bc9d198f8ed2813a4e6b1d1b40f05f1e71335baf57bd
4026531872;3766484880;2356;3766484860;10;2535;2147483716;0;4274268035;4026531900;10;2147483720;0;f000003c0000000a8000004800;293728b495318676715f8601283a05acb03fd9fb228f90caef07406336723c7c
4026531892;2147487744;2542;4026531900;10;2543;2147483720;0;16156595;4026531900;2147487754;2147483724;0;f000003c8000100a8000004c00;10aa2eaf977d7ccd28fb913f46d907e8d3dd792a16e7cbee60ac00044a0d9e90
4026531896;3766484910;2541;3766484908;0;2254;2147483724;0;476931;4026531896;0;2147483728;0;f0000038000000008000005000;7b8c7888c7860967b876e504aa9243e40e1860cb7784cb7c76359a311f8838db
4026531900;2147487754;2544;2147487752;458752;2532;2147483728;0;15171619;4026531968;0;2147483728;1;f0000080000000008000005001;eddc4471680eb22ae19a0ecdf37678b942c1982f23fe69ad01999cdf89110b8a
4026531900;2147487754;2544;4026531896;0;2545;2147483728;1;15171619;4026531972;0;2147483728;2;f0000084000000008000005002;dbaaa06f4abefea7290153beb71c925d91d7647ef3435ccf921a52d6e5835f8f
4026531968;0;2546;4026531972;0;2547;2147483728;2;15171619;4026531968;0;2147483728;3;f0000080000000008000005003;b625b84e699fa1f2e32ec373afde08ea650f2ef4b7aaaea11c57b62ef2f847c8
4026531900;2147487754;2544;4026531968;0;2548;2147483728;3;15171619;2147487752;0;2147483732;0;80001008000000008000005400;5697fa8e0b5df5656626ebeed7e8b9112d01516be66d82807d942ed552d0cb18
4026531872;3766484880;2356;3766484860;10;2535;2147483732;0;4274268035;4026531900;10;2147483736;0;f000003c0000000a8000005800;a89aa6db8d132e89d19c58dc32d92996edb8dac3029e4342f4a9c096e60ca6c5
4026531900;10;2550;0;0;0;2147483736;0;1542035;4026531900;11;2147483740;0;f000003c0000000b8000005c00;3934c5b8adcd8612de2b8231703d8968da78b1c5b9dbd9cfae2b590f25511ce0
4026531872;3766484880;2356;4026531900;11;2551;2147483740;0;4277413411;3766484860;11;2147483744;0;e07fff7c0000000b8000006000;a32745ad037e4b4f656563138f8a95d769e9668abf76f0d8614a8a83bdc7ea46
4026531872;3766484880;2356;3766484860;11;2552;2147483744;0;4274267907;4026531896;11;2147483748;0;f00000380000000b8000006400;2542ad2625dd9febcc1136f71ba3bd22ed210bd19f24004a004bd83bee6ee8e3
4026531872;3766484880;2356;3766484836;70;2359;2147483748;0;4249102211;4026531900;70;2147483752;0;f000003c000000468000006800;7c47c1d5ff575572dcdd7aa26c9f289dc21b4d7303e07142f7f1f2b7f9c16243
4026531896;11;2553;4026531900;70;2554;2147483752;0;4244072163;0;0;2147483700;0;00000000000000008000003400;65dd8f23a2e1b4ba4a2345a1c2d9047df784cc8fb2d64e21dcf20445fcfdb395
4026531872;3766484880;2356;3766484852;3766484900;2363;2147483700;0;4265879299;4026531896;3766484900;2147483704;0;f0000038e07fffa48000003800;6607ee87b3fcded5e5241c78d70e909fc95df5fc8642d2cfa94c97f3385d278d
4026531872;3766484880;2356;3766484860;11;2552;2147483704;0;4274268035;4026531900;11;2147483708;0;f000003c0000000b8000003c00;06cbca70789e526515e8296e9b0c34c338f7215ef298690546722643334d9457
4026531896;3766484900;2556;4026531900;11;2557;2147483708;0;16189235;4026531896;3766484911;2147483712;0;f0000038e07fffaf8000004000;dfa6e976ca7250b8c38ed3455c392ab9729ba39ca153f64a31394c0cde0dfab6
4026531872;3766484880;2356;3766484856;2147487744;2361;2147483712;0;4270073475;4026531892;2147487744;2147483716;0;f0000034800010008000004400;be91f61066dc54fb74984049f5155d0423d8eae11c33f1156c2a6548ea4d4286
4026531872;3766484880;2356;3766484860;11;2552;2147483716;0;4274268035;4026531900;11;2147483720;0;f000003c0000000b8000004800;24c085a12ed3acbebe21440319c1e48e55bcd7d41ccc28f59d56f071ef41df56
4026531892;2147487744;2559;4026531900;11;2560;2147483720;0;16156595;4026531900;2147487755;2147483724;0;f000003c8000100b8000004c00;4a255994802949227e1c32fa58b567274c4f403de5d22f4e99b1c296a0c6082c
4026531896;3766484911;2558;3766484908;0;2254;2147483724;0;476931;4026531896;0;2147483728;0;f0000038000000008000005000;68ba9881980eb9af243a286f72939229d347530b718eb3bcdd2b9563f23ace0c
4026531900;2147487755;2561;2147487752;0;2549;2147483728;0;15171619;4026531968;0;2147483728;1;f0000080000000008000005001;1d2e39a21de3ed8cf499d894e092d0a99e4a0e164b5e33e3835901ac70351a57
4026531900;2147487755;2561;4026531896;0;2562;2147483728;1;15171619;4026531972;0;2147483728;2;f0000084000000008000005002;b38a0a2e3f562af1833c31b764c297ede187312905ca1bf2aa3836fe6c5bddd6
4026531968;0;2563;4026531972;0;2564;2147483728;2;15171619;4026531968;0;2147483728;3;f0000080000000008000005003;368935d96a92fcae371e465d0e920b16b1e80451f8b09961e2f849862f6da963
4026531900;2147487755;2561;4026531968;0;2565;2147483728;3;15171619;2147487752;0;2147483732;0;80001008000000008000005400;c6ebbebe795e3c457474b90404aeb3d1eed677f396e198d209211ee783f2ba05
4026531872;3766484880;2356;3766484860;11;2552;2147483732;0;4274268035;4026531900;11;2147483736;0;f000003c0000000b8000005800;65c660c2186229da09ca05ec493b1e328cff9004fa58c2ac9cb5292d80d54886
4026531900;11;2567;0;0;0;2147483736;0;1542035;4026531900;12;2147483740;0;f000003c0000000c8000005c00;e7f05d8af32005e4817dc413804c9a97beed8827b96eb5e4d95f84cc51d7a092
4026531872;3766484880;2356;4026531900;12;2568;2147483740;0;4277413411;3766484860;12;2147483744;0;e07fff7c0000000c8000006000;3eae5a7840ce25433f258da4df31f2831bb4f57ad6cc2be1a6b92fc6a5983ffb
4026531872;3766484880;2356;3766484860;12;2569;2147483744;0;4274267907;4026531896;12;2147483748;0;f00000380000000c8000006400;9fd07ba5c8a09f74366ec2a11bb3e88fb869579ff6c708339b484d9d17dda1fc
4026531872;3766484880;2356;3766484836;70;2359;2147483748;0;4249102211;4026531900;70;2147483752;0;f000003c000000468000006800;27a0bbf7be057db2f9cf7c4a438128dc8697aa9eea885872d627f093920a6980
4026531896;12;2570;4026531900;70;2571;2147483752;0;4244072163;0;0;2147483700;0;00000000000000008000003400;42e6ba38d3dac8d4440633f36a8c739c15a9389e7b08c56aef36b1b89ca42f25
4026531872;3766484880;2356;3766484852;3766484900;2363;2147483700;0;4265879299;4026531896;3766484900;2147483704;0;f0000038e07fffa48000003800;028bc339f84806faa1c7b5df51860bac94e7084cf21f22ff691d2229a8e706ad
4026531872;3766484880;2356;3766484860;12;2569;2147483704;0;4274268035;4026531900;12;2147483708;0;f000003c0000000c8000003c00;b910261f9739981bfa77c7bba55cb20aec2a0ffeceef2053b163cc8bf31c8538
4026531896;3766484900;2573;4026531900;12;2574;2147483708;0;16189235;4026531896;3766484912;2147483712;0;f0000038e07fffb08000004000;3649612fb5648e3d035a14b47c20ddceb2b0e83d90b2a18c3190040800bcac68
4026531872;3766484880;2356;3766484856;2147487744;2361;2147483712;0;4270073475;4026531892;2147487744;2147483716;0;f0000034800010008000004400;8790cf4b2911c608c88d41257f70e15e5b4d1775ee25edbafd76d52c9b11c1fa
4026531872;3766484880;2356;3766484860;12;2569;2147483716;0;4274268035;4026531900;12;2147483720;0;f000003c0000000c8000004800;1d4d15294d3f0bfe9f3d6e28a2ae80a50d7273f8f617724fe067cc724018e288
4026531892;2147487744;2576;4026531900;12;2577;2147483720;0;16156595;4026531900;2147487756;2147483724;0;f000003c8000100c8000004c00;568ca1d5d57b30bc3c4e51f54b5fcf34e374b223509572f67331c7921df97ee4
4026531896;3766484912;2575;3766484912;0;1420;2147483724;0;476931;4026531896;0;2147483728;0;f0000038000000008000005000;bca6c77cd6ecad2a538a35c9ec4b7b2cfbb72566c134f439939f3abc346c35b7
4026531900;2147487756;2578;2147487756;1566611;4294967295;2147483728;0;15171619;4026531968;1566464;2147483728;1;f00000800017e7008000005001;f4b8ba442586a503ae96d0f4e253a4b6bea962fd2330b963c57585e64a6a9c53
4026531900;2147487756;2578;4026531896;0;2579;2147483728;1;15171619;4026531972;0;2147483728;2;f0000084000000008000005002;14e34eb41e818155fccc2be0e3bdabc68f81daa9c7924daf12780d365907438d
4026531968;1566464;2580;4026531972;0;2581;2147483728;2;15171619;4026531968;1566464;2147483728;3;f00000800017e7008000005003;ec54ac4771d6b771af5468d39fdcd23afcf8f39e0eda1a4f26e2f5a3de70745b
4026531900;2147487756;2578;4026531968;1566464;2582;2147483728;3;15171619;2147487756;1566464;2147483732;0;8000100c0017e7008000005400;5088b66de1edac5a9026f4387d9d88a1a688985434f24aa9153c16b6d016c6d1
4026531872;3766484880;2356;3766484860;12;2569;2147483732;0;4274268035;4026531900;12;2147483736;0;f000003c0000000c8000005800;8f41f24eed14b71a1fde4a31aee6ce2fb9b447cff4aeb6159e1a1e0755617cf7
4026531900;12;2584;0;0;0;2147483736;0;1542035;4026531900;13;2147483740;0;f000003c0000000d8000005c00;d8b0ccff4c9339218c411c916f031fb59d445e6294a4282489c1b1f5c359d84b
4026531872;3766484880;2356;4026531900;13;2585;2147483740;0;4277413411;3766484860;13;2147483744;0;e07fff7c0000000d8000006000;a7a0d06b094c8ecf5b11948a997d4bb792cb9508e9bc8f0a2df837046be27a1f
4026531872;3766484880;2356;3766484860;13;2586;2147483744;0;4274267907;4026531896;13;2147483748;0;f00000380000000d8000006400;08a1eafd35122b9a90175ac3cb8fb5899c7ae68c489793f7988ca3d65c301cff
4026531872;3766484880;2356;3766484836;70;2359;2147483748;0;4249102211;4026531900;70;2147483752;0;f000003c000000468000006800;bb055091c163e708fd9801ca77e01e78e007a61b5c7550853a65aebad1cd506e
4026531896;13;2587;4026531900;70;2588;2147483752;0;4244072163;0;0;2147483700;0;00000000000000008000003400;ee35e571f1a7e491cf4ed9da9d58f22c6cb29b923e9743039431cd995cf06a01
4026531872;3766484880;2356;3766484852;3766484900;2363;2147483700;0;4265879299;4026531896;3766484900;2147483704;0;f0000038e07fffa48000003800;bda0d51ac58e0cc389a1507788e61c95f23cb2cc5d8f34e352c63a8b387faedb
4026531872;3766484880;2356;3766484860;13;2586;2147483704;0;4274268035;4026531900;13;2147483708;0;f000003c0000000d8000003c00;d625ebd151049ad2c605c7d0ffcab362777eaff3823f87dd4ae7e2acacc6e899
4026531896;3766484900;2590;4026531900;13;2591;2147483708;0;16189235;4026531896;3766484913;2147483712;0;f0000038e07fffb18000004000;89ca19e8c3dd82f3847e5b9e20ad2e6f680975b34fac0baf0358c8c3d2e86f33
4026531872;3766484880;2356;3766484856;2147487744;2361;2147483712;0;4270073475;4026531892;2147487744;2147483716;0;f0000034800010008000004400;1660e565342cfde71bad37d9d556924c520507d780fe9854d743811c86ea962a
4026531872;3766484880;2356;3766484860;13;2586;2147483716;0;4274268035;4026531900;13;2147483720;0;f000003c0000000d8000004800;c587392e38993adc92b03d7c75b837e3543bf15f35a6ac4a39583688db799100
4026531892;2147487744;2593;4026531900;13;2594;2147483720;0;16156595;4026531900;2147487757;2147483724;0;f000003c8000100d8000004c00;a32cd32145cf443486a47f5e70d71fca0ec488c5f1cb4f6b773720827b8f9e71
4026531896;3766484913;2592;3766484912;0;1420;2147483724;0;476931;4026531896;0;2147483728;0;f0000038000000008000005000;a7565ff6d3ff081a943a1bc36413e07b41c1ebc7ef11f275d1e439253934f6b5
4026531900;2147487757;2595;2147487756;1566464;2583;2147483728;0;15171619;4026531968;1507328;2147483728;1;f0000080001700008000005001;86dbbc23ed20edfe672ff1c4d6ea6105a210a2da96205238ba542f86383fa6f9
4026531900;2147487757;2595;4026531896;0;2596;2147483728;1;15171619;4026531972;0;2147483728;2;f0000084000000008000005002;8acc9e186c4e6810d0eec24b4be30bb0154842eb7673eff787c62ace3000656d
4026531968;1507328;2597;4026531972;0;2598;2147483728;2;15171619;4026531968;1507328;2147483728;3;f0000080001700008000005003;88d4a02a63bcec1281a73441eed0ff566cb96f830712aa9b64101ac957999a3d
4026531900;2147487757;2595;4026531968;1507328;2599;2147483728;3;15171619;2147487756;1507328;2147483732;0;8000100c001700008000005400;7d6626f3e935a0a1c09e5e673228eb6ab840cb816a992afe94094b8effa51d2b
4026531872;3766484880;2356;3766484860;13;2586;2147483732;0;4274268035;4026531900;13;2147483736;0;f000003c0000000d8000005800;446fc367d56fe121a9f61c73037bcfe436f4d876ef183b5b6633d62dd6cbbd56
4026531900;13;2601;0;0;0;2147483736;0;1542035;4026531900;14;2147483740;0;f000003c0000000e8000005c00;c685ae78f1f2a7efe7a986ea5e9ffd62533b48054b6f55d801212bdb9894118c
4026531872;3766484880;2356;4026531900;14;2602;2147483740;0;4277413411;3766484860;14;2147483744;0;e07fff7c0000000e8000006000;698df3a59633715e307ec79b85c208e4f33318428c24df84f073e0b815ed6f80
4026531872;3766484880;2356;3766484860;14;2603;2147483744;0;4274267907;4026531896;14;2147483748;0;f00000380000000e8000006400;f54eddd2c6dd8bd4c66969e19f74762f5696f4814b00decf786ffe3f196e90a9
4026531872;3766484880;2356;3766484836;70;2359;2147483748;0;4249102211;4026531900;70;2147483752;0;f000003c000000468000006800;032d7c1ba8cb30d664e79de08d68aed3cda2b54e5f02111cdf9b4d460ac51b17
4026531896;14;2604;4026531900;70;2605;2147483752;0;4244072163;0;0;2147483700;0;00000000000000008000003400;2588cbab5063b704f24ea78601ce04a004b1fef2ffea3b668d4d813a67287d84
4026531872;3766484880;2356;3766484852;3766484900;2363;2147483700;0;4265879299;4026531896;3766484900;2147483704;0;f0000038e07fffa48000003800;15c67601e91eb5f844ec72542fe8370b94815be6c1c87bf88c426bc0bc87e1e0
4026531872;3766484880;2356;3766484860;14;2603;2147483704;0;4274268035;4026531900;14;2147483708;0;f000003c0000000e8000003c00;d4a7713164f4b353186347efb6aee33050a456386c5bdd58b1adf501faf4e5a3
4026531896;3766484900;2607;4026531900;14;2608;2147483708;0;16189235;4026531896;3766484914;2147483712;0;f0000038e07fffb28000004000;8697d7489d6ba12642b7170dba96888a84efcbf61148c721260ea9a5b83175fb
4026531872;3766484880;2356;3766484856;2147487744;2361;2147483712;0;4270073475;4026531892;2147487744;2147483716;0;f0000034800010008000004400;a1d34195f9cbbeb26fbe0bc5f571d9b8c561aaca1654e941dc80c1df01e860f3
4026531872;3766484880;2356;3766484860;14;2603;2147483716;0;4274268035;4026531900;14;2147483720;0;f000003c0000000e8000004800;ad9369fd248d9a49dd9a163970ce2d9ec389622d4d4b229e12cae0e38d9c8e64
4026531892;2147487744;2610;4026531900;14;2611;2147483720;0;16156595;4026531900;2147487758;2147483724;0;f000003c8000100e8000004c00;de98b569074a59dcfc17338c77144ab348409e6591127146884858c74d7a16e9
4026531896;3766484914;2609;3766484912;0;1420;2147483724;0;476931;4026531896;0;2147483728;0;f0000038000000008000005000;044a24fd5f90f4d9c3b60f2b68865dc31c87c916f4532d2abb3003a8769fe427
4026531900;2147487758;2612;2147487756;1507328;2600;2147483728;0;15171619;4026531968;0;2147483728;1;f0000080000000008000005001;ff0a617b21046cce631e2138dc365807398b0b8730ec7e0f9a5ad59123b30e99
4026531900;2147487758;2612;4026531896;0;2613;2147483728;1;15171619;4026531972;0;2147483728;2;f0000084000000008000005002;d05923f4d3643a2f3122746d5f4f978e43108ecd1eecb259d5279318625cb924
4026531968;0;2614;4026531972;0;2615;2147483728;2;15171619;4026531968;0;2147483728;3;f0000080000000008000005003;efe898aca9e4da366019b3a46086b81683c35631f4108528fc6e036bbb058cc9
4026531900;2147487758;2612;4026531968;0;2616;2147483728;3;15171619;2147487756;0;2147483732;0;8000100c000000008000005400;ff897c3b0bb0428427c90554799c12abe8637daa5b86a7156f1839ea147b083f
4026531872;3766484880;2356;3766484860;14;2603;2147483732;0;4274268035;4026531900;14;2147483736;0;f000003c0000000e8000005800;80382f615e664e25484156050de5921e74e71872072b229ba893baa17a6a62bc
4026531900;14;2618;0;0;0;2147483736;0;1542035;4026531900;15;2147483740;0;f000003c0000000f8000005c00;6592622aeb40712cf8858b72c4a2bacfda6c5b870b9fe18874d0de11309b0958
4026531872;3766484880;2356;4026531900;15;2619;2147483740;0;4277413411;3766484860;15;2147483744;0;e07fff7c0000000f8000006000;6be9769ae3d27123e4d1fb1c1359bf4dcc91dff7dfa7f3424428b9f75670445a
4026531872;3766484880;2356;3766484860;15;2620;2147483744;0;4274267907;4026531896;15;2147483748;0;f00000380000000f8000006400;1eec5f11c01ee6bf4b405042139579ffb2c05347dbfed559e792bf5184300eea
4026531872;3766484880;2356;3766484836;70;2359;2147483748;0;4249102211;4026531900;70;2147483752;0;f000003c000000468000006800;f9a5cc956fd7f41c3bac5f72ff3b4f4f1b486dd5ddcc002d0a7dd6f44ebd1070
4026531896;15;2621;4026531900;70;2622;2147483752;0;4244072163;0;0;2147483700;0;00000000000000008000003400;65a87bbd04d8045427687bbea2b46edf0453c05dc07dce5700e2c93f5567cedc
4026531872;3766484880;2356;3766484852;3766484900;2363;2147483700;0;4265879299;4026531896;3766484900;2147483704;0;f0000038e07fffa48000003800;25535fdfa05533926fe555cfc30bb7818d3df3cc610d496dbd18715ad9f5719c
4026531872;3766484880;2356;3766484860;15;2620;2147483704;0;4274268035;4026531900;15;2147483708;0;f000003c0000000f8000003c00;956245683befeaa92e2b2e57a3c4aa65abb45e2d06ddfede90d2e4d67ff2d68e
4026531896;3766484900;2624;4026531900;15;2625;2147483708;0;16189235;4026531896;3766484915;2147483712;0;f0000038e07fffb38000004000;0033d18f2366d5d6d22df046a9cc27a887efe5798a0d8f850ab50af96b3ce8f0
4026531872;3766484880;2356;3766484856;2147487744;2361;2147483712;0;4270073475;4026531892;2147487744;2147483716;0;f0000034800010008000004400;a2ba05d8b6de03479e942cfabe61bedc6f67e388d648154cc9839b1b97f73242
4026531872;3766484880;2356;3766484860;15;2620;2147483716;0;4274268035;4026531900;15;2147483720;0;f000003c0000000f8000004800;260a5468c8f56ab197e69e265489f7ee85c5e36b8b4ead43c71462b7f0abee6a
4026531892;2147487744;2627;4026531900;15;2628;2147483720;0;16156595;4026531900;2147487759;2147483724;0;f000003c8000100f8000004c00;5eb79c019539d01bb4c071c3ba2f8a73e7f366b1f08a200db5f689641cee41fc
4026531896;3766484915;2626;3766484912;0;1420;2147483724;0;476931;4026531896;0;2147483728;0;f0000038000000008000005000;c9255444d5092b268021ec8d453f169dc7f76f6f1aa2cce96cfcfff19244262a
4026531900;2147487759;2629;2147487756;0;2617;2147483728;0;15171619;4026531968;0;2147483728;1;f0000080000000008000005001;3dc683c9ed698927c1a7fdbae06bb03cc04ccbca2cc37707f9eabadb2142c3d1
4026531900;2147487759;2629;4026531896;0;2630;2147483728;1;15171619;4026531972;0;2147483728;2;f0000084000000008000005002;490833d899f81bc880b72eee1d5b1b3f09bdcf3d304f685c6e11b34c5f32b21b
4026531968;0;2631;4026531972;0;2632;2147483728;2;15171619;4026531968;0;2147483728;3;f0000080000000008000005003;308b0dd2687a82fd698195d07b09ec01bb31c5f6160545ed8a60b2ba5fc60874
4026531900;2147487759;2629;4026531968;0;2633;2147483728;3;15171619;2147487756;0;2147483732;0;8000100c000000008000005400;17df2d51862c3be1a6f9ddb57d8fae0cdfc45c659e2ddc3114c8e6eaa012b1bf
4026531872;3766484880;2356;3766484860;15;2620;2147483732;0;4274268035;4026531900;15;2147483736;0;f000003c0000000f8000005800;25d8bf161447b3a18a0b360e87437ea1745ebb9631456f4fd324cccc1511f743
4026531900;15;2635;0;0;0;2147483736;0;1542035;4026531900;16;2147483740;0;f000003c000000108000005c00;56436ae2c0e09820b8000cf8823b108e921d982f55766bf1d74503c637bc23a6
4026531872;3766484880;2356;4026531900;16;2636;2147483740;0;4277413411;3766484860;16;2147483744;0;e07fff7c000000108000006000;3a752cb2485ed1fa0e37878d46c6d0e8096f9b06335fd49fe11ddadbe825f95c
4026531872;3766484880;2356;3766484860;16;2637;2147483744;0;4274267907;4026531896;16;2147483748;0;f0000038000000108000006400;c04ba8d34cdbf5406ab6758d4542eb36d25e6fc07d9202d121d102cc03f9ef77
4026531872;3766484880;2356;3766484836;70;2359;2147483748;0;4249102211;4026531900;70;2147483752;0;f000003c000000468000006800;426d75c84d2a9e9fdb96ae3db144391796ba3bab9c935c6916d671115670518a
4026531896;16;2638;4026531900;70;2639;2147483752;0;4244072163;0;0;2147483700;0;00000000000000008000003400;d76f12b5508b27c3b3e7a29f588dded610e9962fcf8e93a247d73fcbf3c58ea0
4026531872;3766484880;2356;3766484852;3766484900;2363;2147483700;0;4265879299;4026531896;3766484900;2147483704;0;f0000038e07fffa48000003800;538931be9c23686c97678ae436746464fcf3841845bf9795bd3b323eac97a526
4026531872;3766484880;2356;3766484860;16;2637;2147483704;0;4274268035;4026531900;16;2147483708;0;f000003c000000108000003c00;c5aef6d0bfc7e647b6aa333b3ea899858eb1c3943d4010ef451bc00145877d1a
4026531896;3766484900;2641;4026531900;16;2642;2147483708;0;16189235;4026531896;3766484916;2147483712;0;f0000038e07fffb48000004000;f317bdf837360ede41af8168e8c93590175c12b54e04acc1961558ddd3d02e99
4026531872;3766484880;2356;3766484856;2147487744;2361;2147483712;0;4270073475;4026531892;2147487744;2147483716;0;f0000034800010008000004400;eca492cb9d6ecf92512210cca1c6d455cf59c3d78b2e856cb44f4081e9407945
4026531872;3766484880;2356;3766484860;16;2637;2147483716;0;4274268035;4026531900;16;2147483720;0;f000003c000000108000004800;1579528873f821843b91e050483849d31637ac2ee73b1943596c01e9cd753e9b
4026531892;2147487744;2644;4026531900;16;2645;2147483720;0;16156595;4026531900;2147487760;2147483724;0;f000003c800010108000004c00;dcfb20f87a0a58497d6085828c662798a6349bf658d7a50e97a221e22567a9c3
4026531896;3766484916;2643;3766484916;0;1480;2147483724;0;476931;4026531896;0;2147483728;0;f0000038000000008000005000;37f7dcaa0e41307e5f6a0fb03a1b8aea067e7832532b5cd219a25792e7f929e0
4026531900;2147487760;2646;2147487760;4243856675;4294967295;2147483728;0;15171619;4026531968;4243856640;2147483728;1;f0000080fcf41d008000005001;5dcba6ee4d49cfad81214dfbccf4eb03e5f570483da4b026684c9148d26b4520
4026531900;2147487760;2646;4026531896;0;2647;2147483728;1;15171619;4026531972;0;2147483728;2;f0000084000000008000005002;a9d023651fa682c5c9347c06bcfad81db22dc279afdb9b706f24b1fac2606d32
4026531968;4243856640;2648;4026531972;0;2649;2147483728;2;15171619;4026531968;4243856640;2147483728;3;f0000080fcf41d008000005003;0b534750178f7902937b281f8016644496c34c6ac6d051d558242aa2188f4c07
4026531900;2147487760;2646;4026531968;4243856640;2650;2147483728;3;15171619;2147487760;4243856640;2147483732;0;80001010fcf41d008000005400;aa246e3fa331cbc0f1c5144418ad52be4ea390a32835221e5c0b8561e5056bb5
4026531872;3766484880;2356;3766484860;16;2637;2147483732;0;4274268035;4026531900;16;2147483736;0;f000003c000000108000005800;30ee1994e0ec3e0c5b7ae65091f50e66cda8d499be9cc1e0cad32602d22439db
4026531900;16;2652;0;0;0;2147483736;0;1542035;4026531900;17;2147483740;0;f000003c000000118000005c00;54108c7300f2c7afa42ca2fa45312622cebdbbe369ef931a02a14865d05835a0
4026531872;3766484880;2356;4026531900;17;2653;2147483740;0;4277413411;3766484860;17;2147483744;0;e07fff7c000000118000006000;dea756b7ce2ee7f2073c7fb0e661c1a3b57459555f2a4cc18fa102ed497f86cf
4026531872;3766484880;2356;3766484860;17;2654;2147483744;0;4274267907;4026531896;17;2147483748;0;f0000038000000118000006400;73c6d2e118f75c91f822a9133931c7ee414cd33c58f71e33f642cfc936ca127a
4026531872;3766484880;2356;3766484836;70;2359;2147483748;0;4249102211;4026531900;70;2147483752;0;f000003c000000468000006800;4c3aff34bee4d7ab39000771b9c55577e011c7fd484d6eb134df5d896d23f465
4026531896;17;2655;4026531900;70;2656;2147483752;0;4244072163;0;0;2147483700;0;00000000000000008000003400;b1156c2d54a52b73b936acc2659ab9b062512b99d83fef58c4d8a2d40aaa077d
4026531872;3766484880;2356;3766484852;3766484900;2363;2147483700;0;4265879299;4026531896;3766484900;2147483704;0;f0000038e07fffa48000003800;95df3f0b348e405a948d0de484f09139e53d72f79097b8cb825bdc59a103e17f
4026531872;3766484880;2356;3766484860;17;2654;2147483704;0;4274268035;4026531900;17;2147483708;0;f000003c000000118000003c00;79b1476c8e196a60e67370ee109802376256055c82e4f52038f803c027adac19
4026531896;3766484900;2658;4026531900;17;2659;2147483708;0;16189235;4026531896;3766484917;2147483712;0;f0000038e07fffb58000004000;c5d8fce79dab7bb6a7dcb3c194ec317a185428eedd3fda4fb21cd21af41afbd2
4026531872;3766484880;2356;3766484856;2147487744;2361;2147483712;0;4270073475;4026531892;2147487744;2147483716;0;f0000034800010008000004400;987c9a1e16785ac93c94e1145524cf7ce568c4389ed69e3e7978d2f06bfd3085
4026531872;3766484880;2356;3766484860;17;2654;2147483716;0;4274268035;4026531900;17;2147483720;0;f000003c000000118000004800;c84dd00e7906dc67b362b65953968f13e13aa916c4f8dc05d10c5d95f9657fc9
4026531892;2147487744;2661;4026531900;17;2662;2147483720;0;16156595;4026531900;2147487761;2147483724;0;f000003c800010118000004c00;0ea6a399a27144263e02306075c4230d1a45bcf5fb6ce9ef3343ac308f8f23ea
4026531896;3766484917;2660;3766484916;0;1480;2147483724;0;476931;4026531896;0;2147483728;0;f0000038000000008000005000;c2ecbe59443d006de57b65bd744cbdfca274ee4befdec4da0c74021424262e32
4026531900;2147487761;2663;2147487760;4243856640;2651;2147483728;0;15171619;4026531968;4243849216;2147483728;1;f0000080fcf400008000005001;bda7c8d505273843786991939159903791bc574523b41dd8f6e944b9fbb9fef0
4026531900;2147487761;2663;4026531896;0;2664;2147483728;1;15171619;4026531972;0;2147483728;2;f0000084000000008000005002;93e4a644dd95630f5c419299e6fc7c409a4aa25a4a74332eaff0bc9912a6c205
4026531968;4243849216;2665;4026531972;0;2666;2147483728;2;15171619;4026531968;4243849216;2147483728;3;f0000080fcf400008000005003;56cb00f86ab4d4e43d3998c0a6690b8b5a9f6959295c4f19ad23a70bab39bebe
4026531900;2147487761;2663;4026531968;4243849216;2667;2147483728;3;15171619;2147487760;4243849216;2147483732;0;80001010fcf400008000005400;430918c3fa82896bbf89e206a64b971023405ea567c7d257e7c087bf74f17d7e
4026531872;3766484880;2356;3766484860;17;2654;2147483732;0;4274268035;4026531900;17;2147483736;0;f000003c000000118000005800;1cefd5acc43bf3afab8fa2ec3240f8e81de91fc9ad39b03e99893f25e9494c46
4026531900;17;2669;0;0;0;2147483736;0;1542035;4026531900;18;2147483740;0;f000003c000000128000005c00;a07f32a7e63bb270359b69257d362cb4f89aeface76c405edaad3c45c40da327
4026531872;3766484880;2356;4026531900;18;2670;2147483740;0;4277413411;3766484860;18;2147483744;0;e07fff7c000000128000006000;e1714691b0930eed2438b2aafe73818f623ec63ab2695b2889d6b2b6b4c93555
4026531872;3766484880;2356;3766484860;18;2671;2147483744;0;4274267907;4026531896;18;2147483748;0;f0000038000000128000006400;dae5673ec47653d5cc493f3b91119a28f4a808f9fc0fbe224016ce621058623a
4026531872;3766484880;2356;3766484836;70;2359;2147483748;0;4249102211;4026531900;70;2147483752;0;f000003c000000468000006800;c9636ae5fdb6c22f711ba41e5285a727a2252851ff9a8a44bef9bd51b5712042
4026531896;18;2672;4026531900;70;2673;2147483752;0;4244072163;0;0;2147483700;0;00000000000000008000003400;f7246806a3e16520f204a09716532c4eff2127b397c148aa067ac70c0dcc384d
4026531872;3766484880;2356;3766484852;3766484900;2363;2147483700;0;4265879299;4026531896;3766484900;2147483704;0;f0000038e07fffa48000003800;a1b313b7e01eda5faa04d625d55c4f854232efeb869cea1e2f09c258899e08d2
4026531872;3766484880;2356;3766484860;18;2671;2147483704;0;4274268035;4026531900;18;2147483708;0;f000003c000000128000003c00;a71845b5f86781fe76bff5a9168b7e1339f146983dedcca0a2c85ae0e5b11fcc
4026531896;3766484900;2675;4026531900;18;2676;2147483708;0;16189235;4026531896;3766484918;2147483712;0;f0000038e07fffb68000004000;353d58dec6bb94f8526d8143ae6962cc718d5314c55d044ff2045aea47155a6f
4026531872;3766484880;2356;3766484856;2147487744;2361;2147483712;0;4270073475;4026531892;2147487744;2147483716;0;f0000034800010008000004400;e7247de1cbe6159f8e3b98082208a690b264442c47322574bfae9f58369fe50c
4026531872;3766484880;2356;3766484860;18;2671;2147483716;0;4274268035;4026531900;18;2147483720;0;f000003c000000128000004800;24d0d59d3952e1b89a380d9e49440ddd4bf4d98e83a404285d39f66886ead71c
4026531892;2147487744;2678;4026531900;18;2679;2147483720;0;16156595;4026531900;2147487762;2147483724;0;f000003c800010128000004c00;c366e7e1fbe4bb4cee6f5afe3a05d7a17bcd8e9c64bf4691259d35c4f045d91b
4026531896;3766484918;2677;3766484916;0;1480;2147483724;0;476931;4026531896;0;2147483728;0;f0000038000000008000005000;3f53656a189799223e3ba2110b2f3b9e63bd684416ac94a374376b9c61b7d177
4026531900;2147487762;2680;2147487760;4243849216;2668;2147483728;0;15171619;4026531968;4227858432;2147483728;1;f0000080fc0000008000005001;25e092c38ba924098111dc3aaf3b0f9ad6100d48fd6e9fd6c92912740aef39d5
4026531900;2147487762;2680;4026531896;0;2681;2147483728;1;15171619;4026531972;0;2147483728;2;f0000084000000008000005002;68f2e6699a2454e9c618f21bda26deb60055ddfe073bf39d2209885ced8c9e8e
4026531968;4227858432;2682;4026531972;0;2683;2147483728;2;15171619;4026531968;4227858432;2147483728;3;f0000080fc0000008000005003;eadd30df00d4c4154f7d170d719b72fe28751437a15d67520f7ea7f8066bdc22
4026531900;2147487762;2680;4026531968;4227858432;2684;2147483728;3;15171619;2147487760;4227858432;2147483732;0;80001010fc0000008000005400;c92f19bb360fbe7504cd59af7f7e977d1bf440d45c88d8e6146313966254070a
4026531872;3766484880;2356;3766484860;18;2671;2147483732;0;4274268035;4026531900;18;2147483736;0;f000003c000000128000005800;66b558e4c964e57240790a309acefa964807843ff59963806c9c0e2b4c36e682
4026531900;18;2686;0;0;0;2147483736;0;1542035;4026531900;19;2147483740;0;f000003c000000138000005c00;f7cd311df8e7c5920dbae5c92f5dd65f4c36885e2038a1745d8af93d584f7af0
4026531872;3766484880;2356;4026531900;19;2687;2147483740;0;4277413411;3766484860;19;2147483744;0;e07fff7c000000138000006000;36a951be692be7c9dad43738784698b5b4111926be1dff6c279a32c5065f38c6
4026531872;3766484880;2356;3766484860;19;2688;2147483744;0;4274267907;4026531896;19;2147483748;0;f0000038000000138000006400;0df97fa074cc805ce2f61ecaf2a7825e274e36a2047738f39ce1a2fc0841b6db
4026531872;3766484880;2356;3766484836;70;2359;2147483748;0;4249102211;4026531900;70;2147483752;0;f000003c000000468000006800;82b611ac4d5a5f525553fb1eb48ff03cbab82792c584d1df005c4a85a3062350
4026531896;19;2689;4026531900;70;2690;2147483752;0;4244072163;0;0;2147483700;0;00000000000000008000003400;93212b95a79a455a2f8e485cf93f8b89c080e16473679aed7e94fb63c26e7366
4026531872;3766484880;2356;3766484852;3766484900;2363;2147483700;0;4265879299;4026531896;3766484900;2147483704;0;f0000038e07fffa48000003800;3415ff28bac5ce721bddfea70bddd0d2e6d70808c234117b655cff854f0480a9
4026531872;3766484880;2356;3766484860;19;2688;2147483704;0;4274268035;4026531900;19;2147483708;0;f000003c000000138000003c00;097a75576871c92d354c179457907ef18982a92d57854f579ac89db14cad27e7
4026531896;3766484900;2692;4026531900;19;2693;2147483708;0;16189235;4026531896;3766484919;2147483712;0;f0000038e07fffb78000004000;cb730f1d29b51c74c67d1a8603f05ab372ab7a8d8acff7a93ff467bd9bb235e2
4026531872;3766484880;2356;3766484856;2147487744;2361;2147483712;0;4270073475;4026531892;2147487744;2147483716;0;f0000034800010008000004400;f68e148fb5d3545e24fdab8bd8b973e0dfd3a082cda2c905b7f670fc12db7b72
4026531872;3766484880;2356;3766484860;19;2688;2147483716;0;4274268035;4026531900;19;2147483720;0;f000003c000000138000004800;c876c0d1f9637b7a13665b14373216f9014efca27eb17b885c96a23bb5ebf2cf
4026531892;2147487744;2695;4026531900;19;2696;2147483720;0;16156595;4026531900;2147487763;2147483724;0;f000003c800010138000004c00;d6f5e44eed6147d9462e1bb5a00e1459bdeb93ae2404960284ef8546aeb39c8f
4026531896;3766484919;2694;3766484916;0;1480;2147483724;0;476931;4026531896;0;2147483728;0;f0000038000000008000005000;012e94e15396020ee9be741e2794277cfaa6215f62b80196d225c90b13361dd4
4026531900;2147487763;2697;2147487760;4227858432;2685;2147483728;0;15171619;4026531968;0;2147483728;1;f0000080000000008000005001;26226776f5d92dc19c9e22b944871dc99291a5718fb14a8ea0826f2e6fac2e60
4026531900;2147487763;2697;4026531896;0;2698;2147483728;1;15171619;4026531972;0;2147483728;2;f0000084000000008000005002;30db0c64bf0489db86727b8b990009d32c355817a2a2cfef0f652d88252cb440
4026531968;0;2699;4026531972;0;2700;2147483728;2;15171619;4026531968;0;2147483728;3;f0000080000000008000005003;7512fab4aeadb9c4ec287354eec4a4fb61b05da08639e06978cbdb35b5ec78a8
4026531900;2147487763;2697;4026531968;0;2701;2147483728;3;15171619;2147487760;0;2147483732;0;80001010000000008000005400;cce84b87cefaf883df7900add9960ece90b37c9be8da0904473f956bcaa00612
4026531872;3766484880;2356;3766484860;19;2688;2147483732;0;4274268035;4026531900;19;2147483736;0;f000003c000000138000005800;f381fbdab3d3d0cc1ddf530567b6558b0a3e085117611489219617ab67dd333f
4026531900;19;2703;0;0;0;2147483736;0;1542035;4026531900;20;2147483740;0;f000003c000000148000005c00;18eb20f0313bf7e500edfb3114129d53aaaab8a29d9613df1fb41c2e6eb1d83d
4026531872;3766484880;2356;4026531900;20;2704;2147483740;0;4277413411;3766484860;20;2147483744;0;e07fff7c000000148000006000;2d39053c16ef5a8696cc5d88d106afec748805825f22b11a839659cbccb16c1c
4026531872;3766484880;2356;3766484860;20;2705;2147483744;0;4274267907;4026531896;20;2147483748;0;f0000038000000148000006400;c3e5fba6958d724ffb5100674a5039e870ff0c799a43d0296885da59a270c8c8
4026531872;3766484880;2356;3766484836;70;2359;2147483748;0;4249102211;4026531900;70;2147483752;0;f000003c000000468000006800;1768a041c8c6c63353d2568c5d545fd296c3376306cc0af35d180e7a1debebe6
4026531896;20;2706;4026531900;70;2707;2147483752;0;4244072163;0;0;2147483700;0;00000000000000008000003400;aa0dad624752d22b1e6a5a53340fdadf8c305b439d1ecda6cc003867f0ead98d
4026531872;3766484880;2356;3766484852;3766484900;2363;2147483700;0;4265879299;4026531896;3766484900;2147483704;0;f0000038e07fffa48000003800;a17b7fea647aaf95f2ac54b07e4191a68239e58646f91c420c0d604e0a2e49aa
4026531872;3766484880;2356;3766484860;20;2705;2147483704;0;4274268035;4026531900;20;2147483708;0;f000003c000000148000003c00;1653aca8e00abbd8f89a366b02745b3f7bdc0dfddf1675f6cefe112adb534d8c
4026531896;3766484900;2709;4026531900;20;2710;2147483708;0;16189235;4026531896;3766484920;2147483712;0;f0000038e07fffb88000004000;6e0c87f5bd12eacf27a02d42c295ba5f5a1c49f8213c16f2f47472d0d5d12296
4026531872;3766484880;2356;3766484856;2147487744;2361;2147483712;0;4270073475;4026531892;2147487744;2147483716;0;f0000034800010008000004400;d9088d6325b09c2d7f9c1efaa4d7e720901693298d0dc4558bced67d6de07853
4026531872;3766484880;2356;3766484860;20;2705;2147483716;0;4274268035;4026531900;20;2147483720;0;f000003c000000148000004800;3e83b8b7956755375eccf985acc78d8b77c1d2dbdd9ab5b946afa39c262ba09f
4026531892;2147487744;2712;4026531900;20;2713;2147483720;0;16156595;4026531900;2147487764;2147483724;0;f000003c800010148000004c00;84d991ed3c98f2e9f5040cfd2a49c77e716679e7942b8ff55307cca47f1af4b1
4026531896;3766484920;2711;3766484920;0;1540;2147483724;0;476931;4026531896;0;2147483728;0;f0000038000000008000005000;ce9238ed1abbf3c124bd70bf51178141d5d5c64337ca040c7eabcc8a02169d15
4026531900;2147487764;2714;2147487764;4257503107;4294967295;2147483728;0;15171619;4026531968;4257502976;2147483728;1;f0000080fdc457008000005001;8b4fea144a46b336f47a355c2592aa13a29266e316e65b454300b6447e2d552a
4026531900;2147487764;2714;4026531896;0;2715;2147483728;1;15171619;4026531972;0;2147483728;2;f0000084000000008000005002;95620bdde89a8c0f764af6034111cc6cc47e3dc878437ac2cf1ab87d38b69568
4026531968;4257502976;2716;4026531972;0;2717;2147483728;2;15171619;4026531968;4257502976;2147483728;3;f0000080fdc457008000005003;0a51bce3123cb50ce97ddfc7dfc089043981cac970dae5d84f8b24272de8d0ad
4026531900;2147487764;2714;4026531968;4257502976;2718;2147483728;3;15171619;2147487764;4257502976;2147483732;0;80001014fdc457008000005400;f285c67e5f5b6abfc5c9bfdf02f2b0586beab7bb8df498dee22853950f01f297
4026531872;3766484880;2356;3766484860;20;2705;2147483732;0;4274268035;4026531900;20;2147483736;0;f000003c000000148000005800;fe0fea0add4e08b1da601f251cfde4f29189a5de9f66e217bd9ca0aa7103d735
4026531900;20;2720;0;0;0;2147483736;0;1542035;4026531900;21;2147483740;0;f000003c000000158000005c00;7382631c35167fe51cb95ef21d9cf59ad286422a551bc2dde18fe3358c07a24a
4026531872;3766484880;2356;4026531900;21;2721;2147483740;0;4277413411;3766484860;21;2147483744;0;e07fff7c000000158000006000;341b5d748c983dbd97a9889e04bc14927a46025ce1825f8af7c5942829a2fbf0
4026531872;3766484880;2356;3766484860;21;2722;2147483744;0;4274267907;4026531896;21;2147483748;0;f0000038000000158000006400;5b423fe8bb06b4814a534226f862d71f504a6a9a4ab75b1be5d333b8501ea1c7
4026531872;3766484880;2356;3766484836;70;2359;2147483748;0;4249102211;4026531900;70;2147483752;0;f000003c000000468000006800;d942a415c9dd528927a1ab81d449e1f73fc31a962783241592d9149ca81fcadd
4026531896;21;2723;4026531900;70;2724;2147483752;0;4244072163;0;0;2147483700;0;00000000000000008000003400;0f5b48494fb74dbda8b71fe5a59c3ba859777deedf9a333465e6faf820339edb
4026531872;3766484880;2356;3766484852;3766484900;2363;2147483700;0;4265879299;4026531896;3766484900;2147483704;0;f0000038e07fffa48000003800;5f046c3daabae990b6fbec24e2f20ef4f90fe2dbdcfde9be86b5a723ceedf1c4
4026531872;3766484880;2356;3766484860;21;2722;2147483704;0;4274268035;4026531900;21;2147483708;0;f000003c000000158000003c00;ef69e4e68ccb32d51525eb7ba0d0bf0ecd3d305248fe19e2986eda021506774d
4026531896;3766484900;2726;4026531900;21;2727;2147483708;0;16189235;4026531896;3766484921;2147483712;0;f0000038e07fffb98000004000;1012f28cada598a142b9d9f81bc5bb78c901c2b7ce4ebe2cb3d9bfff754ece03
4026531872;3766484880;2356;3766484856;2147487744;2361;2147483712;0;4270073475;4026531892;2147487744;2147483716;0;f0000034800010008000004400;785d180d1b4c5ad5bc16f2f9cb5d294953c2a2fb1368bd77ac5ad8355d86198a
4026531872;3766484880;2356;3766484860;21;2722;2147483716;0;4274268035;4026531900;21;2147483720;0;f000003c000000158000004800;c05179c95bb0f9a247dbc60dc6b6b4466827b297dcc7fa7f134ec512825be74e
4026531892;2147487744;2729;4026531900;21;2730;2147483720;0;16156595;4026531900;2147487765;2147483724;0;f000003c800010158000004c00;ba46484838e003f611649f658cd4a132d36c99e988b17de38f2534847a2566e1
4026531896;3766484921;2728;3766484920;0;1540;2147483724;0;476931;4026531896;0;2147483728;0;f0000038000000008000005000;95c1b2e9dde472535d538dcdc4631baab2c8870bbe5803d90af416b23ca2efe1
4026531900;2147487765;2731;2147487764;4257502976;2719;2147483728;0;15171619;4026531968;4257480704;2147483728;1;f0000080fdc400008000005001;33c25c592eddc30308b6c291fe122fe6922387cfd8211f1ecb1e22bb6a107a07
4026531900;2147487765;2731;4026531896;0;2732;2147483728;1;15171619;4026531972;0;2147483728;2;f0000084000000008000005002;66f9e94a7b113131a6394b441e9b1aff1b275096be9d38fffb0c55dd9d354e53
4026531968;4257480704;2733;4026531972;0;2734;2147483728;2;15171619;4026531968;4257480704;2147483728;3;f0000080fdc400008000005003;b56ccdbc4ead433c3f6e09a8d5ab283a6ca9f25e8c8f1d4213088db379bdbe84
4026531900;2147487765;2731;4026531968;4257480704;2735;2147483728;3;15171619;2147487764;4257480704;2147483732;0;80001014fdc400008000005400;627b807a9407fe68bb2b07936216e43ef48fcfecacd89000abfcaec68a6a576e
4026531872;3766484880;2356;3766484860;21;2722;2147483732;0;4274268035;4026531900;21;2147483736;0;f000003c000000158000005800;db1674cca85bf4d433ddfb56046fb66712e74f58303869fe834fb67a71594293
4026531900;21;2737;0;0;0;2147483736;0;1542035;4026531900;22;2147483740;0;f000003c000000168000005c00;8f2012657942197787226c14b9f2a29a91ea2625c5af4819ea43778dd0d70e37
4026531872;3766484880;2356;4026531900;22;2738;2147483740;0;4277413411;3766484860;22;2147483744;0;e07fff7c000000168000006000;f91243f7274acd39fc1969435f8c00d8c39c7391ff3eaabc10fc065be0fecdc4
4026531872;3766484880;2356;3766484860;22;2739;2147483744;0;4274267907;4026531896;22;2147483748;0;f0000038000000168000006400;1cde57635b19097bb2360cc918408427c671ad9e0e02b83fdf9912c91ee771cf
4026531872;3766484880;2356;3766484836;70;2359;2147483748;0;4249102211;4026531900;70;2147483752;0;f000003c000000468000006800;e05b21aed990fd6e82e4efe2d19c81a7be7225c7b583b0b8b910e7cf39eb8bdd
4026531896;22;2740;4026531900;70;2741;2147483752;0;4244072163;0;0;2147483700;0;00000000000000008000003400;377555998021b27c4357feacc155e510f562251fac414915cf7726b7d21d8a8c
4026531872;3766484880;2356;3766484852;3766484900;2363;2147483700;0;4265879299;4026531896;3766484900;2147483704;0;f0000038e07fffa48000003800;0358f32040fb665854561b0442782a69da95f5178b988f08d7415987568a8760
4026531872;3766484880;2356;3766484860;22;2739;2147483704;0;4274268035;4026531900;22;2147483708;0;f000003c000000168000003c00;d14990da21cf98f78c20648207e5425a49d520ff5150b66267a200ae98c18c18
4026531896;3766484900;2743;4026531900;22;2744;2147483708;0;16189235;4026531896;3766484922;2147483712;0;f0000038e07fffba8000004000;32eef34f25a18e07361ad70796b308f76f9f728335e812a1cdc9df6aa6dfc7e7
4026531872;3766484880;2356;3766484856;2147487744;2361;2147483712;0;4270073475;4026531892;2147487744;2147483716;0;f0000034800010008000004400;009c914b0d8e89c17dc0aa3cd4b8e753574a0972c1322e9bebfe85665589085a
4026531872;3766484880;2356;3766484860;22;2739;2147483716;0;4274268035;4026531900;22;2147483720;0;f000003c000000168000004800;878e2c6d6f6bd683d726137642eb88ee05e538f5fa5ad4e38dfb538e50831d13
4026531892;2147487744;2746;4026531900;22;2747;2147483720;0;16156595;4026531900;2147487766;2147483724;0;f000003c800010168000004c00;3a089c7fd55166a5bdc4e932993ea6e0a1076db49e460137bf15220d90aca3a2
4026531896;3766484922;2745;3766484920;0;1540;2147483724;0;476931;4026531896;0;2147483728;0;f0000038000000008000005000;0392a7f91600ada30a0cbf40d12fff06cede4d4b5e88efd1b523f066c0d8815e
4026531900;2147487766;2748;2147487764;4257480704;2736;2147483728;0;15171619;4026531968;4244635648;2147483728;1;f0000080fd0000008000005001;1b5fd36fedfbf8f0460d2a80ec9547ba9d1dce3d5352dccb72a6808a8a74b2b0
4026531900;2147487766;2748;4026531896;0;2749;2147483728;1;15171619;4026531972;0;2147483728;2;f0000084000000008000005002;25b3d5f0b932e8962a22908e8b93fdf58819ce2a83219297f97f18a30f5b3569
4026531968;4244635648;2750;4026531972;0;2751;2147483728;2;15171619;4026531968;4244635648;2147483728;3;f0000080fd0000008000005003;de3065cee800720b6d439bd58d93bc5d8deb011719e2205529a3c15ba6668f1c
4026531900;2147487766;2748;4026531968;4244635648;2752;2147483728;3;15171619;2147487764;4244635648;2147483732;0;80001014fd0000008000005400;7bb5c99a18b5032745016d19c7a46f6ec5ced36f2bc0205e68ba1a406f685235
4026531872;3766484880;2356;3766484860;22;2739;2147483732;0;4274268035;4026531900;22;2147483736;0;f000003c000000168000005800;1eadf7e50f6f51b82d7480e27a74feb2f24c1033ab1c41795d26706e9d514a45
4026531900;22;2754;0;0;0;2147483736;0;1542035;4026531900;23;2147483740;0;f000003c000000178000005c00;0f47ea2fd1a10cec190e34321783306f74f01f23750618d2944d3abac3cb8025
4026531872;3766484880;2356;4026531900;23;2755;2147483740;0;4277413411;3766484860;23;2147483744;0;e07fff7c000000178000006000;03387f36f7ccd5fca17578b6016cedbfa155b5f162d856025e2488003d751646
4026531872;3766484880;2356;3766484860;23;2756;2147483744;0;4274267907;4026531896;23;2147483748;0;f0000038000000178000006400;4bb969e82fb28125932f9d5fc18699af2d6ed3f7941df6c0ba33005af8c12bae
4026531872;3766484880;2356;3766484836;70;2359;2147483748;0;4249102211;4026531900;70;2147483752;0;f000003c000000468000006800;61b3af766b2b01c97c7b7fa09431bc43fdb526c29e3a5a3667a039bf3fccbefc
4026531896;23;2757;4026531900;70;2758;2147483752;0;4244072163;0;0;2147483700;0;00000000000000008000003400;50c3df9561a1c19b40e963dcae27f6696dfdbc897500f41956b4b92bf9b55149
4026531872;3766484880;2356;3766484852;3766484900;2363;2147483700;0;4265879299;4026531896;3766484900;2147483704;0;f0000038e07fffa48000003800;0db741e4fdcbe6f41407310afbe16f3cb28484476704e7cb043756e5c7c8bb69
4026531872;3766484880;2356;3766484860;23;2756;2147483704;0;4274268035;4026531900;23;2147483708;0;f000003c000000178000003c00;4059a213a891dddf21ae0970d93d3dd1f5f8ab93576ec8b4c260154cccbe5ded
4026531896;3766484900;2760;4026531900;23;2761;2147483708;0;16189235;4026531896;3766484923;2147483712;0;f0000038e07fffbb8000004000;0044e47d46ab0a0a6864e693728c9e1cd258ec4934538cd49e5ac92babcce764
4026531872;3766484880;2356;3766484856;2147487744;2361;2147483712;0;4270073475;4026531892;2147487744;2147483716;0;f0000034800010008000004400;0f22e61f4c5db37151022c5ba76988f705e453d7b3e145e195b2e6d823763026
4026531872;3766484880;2356;3766484860;23;2756;2147483716;0;4274268035;4026531900;23;2147483720;0;f000003c000000178000004800;a220e68a888f09dd9965cbdef245f2431764c679f87ac6a89e287f3ac79aa1fa
4026531892;2147487744;2763;4026531900;23;2764;2147483720;0;16156595;4026531900;2147487767;2147483724;0;f000003c800010178000004c00;8e40ed60e0ba494af073f0c231f8280f1379ad0afd04f32e116717ec76da093e
4026531896;3766484923;2762;3766484920;0;1540;2147483724;0;476931;4026531896;0;2147483728;0;f0000038000000008000005000;4a855300b14ab5ed4930738ad7904d5b9b5444bbcedd9830676a9f6fc399aa96
4026531900;2147487767;2765;2147487764;4244635648;2753;2147483728;0;15171619;4026531968;0;2147483728;1;f0000080000000008000005001;1a2885a2373ac32c4b178d4824a962da31f320ac5a78716c96fbd4b893331b71
4026531900;2147487767;2765;4026531896;0;2766;2147483728;1;15171619;4026531972;0;2147483728;2;f0000084000000008000005002;fc5d2d2661d60848dfc930f0589e59b5df9fdaafa0f6ad42c6932ee33d0b9588
4026531968;0;2767;4026531972;0;2768;2147483728;2;15171619;4026531968;0;2147483728;3;f0000080000000008000005003;c6df19cc74d918274c8f698f5c653dbe67b5fe75593f66328ab4911fb90405d6
4026531900;2147487767;2765;4026531968;0;2769;2147483728;3;15171619;2147487764;0;2147483732;0;80001014000000008000005400;6adaab3309be1fdb0f3ba21a8b4ecc077126962f22f0ef8c998925049560c7c5
4026531872;3766484880;2356;3766484860;23;2756;2147483732;0;4274268035;4026531900;23;2147483736;0;f000003c000000178000005800;c2f353990ee4621f591bad8eeb7463da337c3c920ee1356a6b5d12072998f36b
4026531900;23;2771;0;0;0;2147483736;0;1542035;4026531900;24;2147483740;0;f000003c000000188000005c00;4397ad142b3e996b5c38b21eaf4d24c42c68a003b7ef362bc56418766a58d3ae
4026531872;3766484880;2356;4026531900;24;2772;2147483740;0;4277413411;3766484860;24;2147483744;0;e07fff7c000000188000006000;54989acb505f923eca0fdcb6f3b78d30b76791af1a2b46fb2ea4a1b29d9ceb60
4026531872;3766484880;2356;3766484860;24;2773;2147483744;0;4274267907;4026531896;24;2147483748;0;f0000038000000188000006400;ffaeb34dc5aa4ab1632faad628d779e48a7b30bf58a8bd3bed6a2e124569059b
4026531872;3766484880;2356;3766484836;70;2359;2147483748;0;4249102211;4026531900;70;2147483752;0;f000003c000000468000006800;69d50982f9bb8cb4595b21f099fdf963e036577f7ca6eb15f7f92d7013364c22
4026531896;24;2774;4026531900;70;2775;2147483752;0;4244072163;0;0;2147483700;0;00000000000000008000003400;0e7bc4fac24533bafca9be3d180e2c121b6fb2a713e73b4b21217e0ad8362a43
4026531872;3766484880;2356;3766484852;3766484900;2363;2147483700;0;4265879299;4026531896;3766484900;2147483704;0;f0000038e07fffa48000003800;e01b014f53360856397196d6e0bfeb40d6b88de6446627fc3470f9426df19d4a
4026531872;3766484880;2356;3766484860;24;2773;2147483704;0;4274268035;4026531900;24;2147483708;0;f000003c000000188000003c00;d6f51acdc383ba9a2c7bb8faf299abb59782bf6fd6700fa05a291176441c0be9
4026531896;3766484900;2777;4026531900;24;2778;2147483708;0;16189235;4026531896;3766484924;2147483712;0;f0000038e07fffbc8000004000;f9868eb87f6eafcf9215e322905bf2c24545a9a5ca466e3d2e1625980cbb6934
4026531872;3766484880;2356;3766484856;2147487744;2361;2147483712;0;4270073475;4026531892;2147487744;2147483716;0;f0000034800010008000004400;23ea8d1b4f7a1e5a12a7632c398195f45ed02bba142278ae18021ad7fe59d7db
4026531872;3766484880;2356;3766484860;24;2773;2147483716;0;4274268035;4026531900;24;2147483720;0;f000003c000000188000004800;babf760e601b3fd24e3886cdabbac5f58dbce800d87de76868f0833484196953
4026531892;2147487744;2780;4026531900;24;2781;2147483720;0;16156595;4026531900;2147487768;2147483724;0;f000003c800010188000004c00;7d06c22236a90888647f983136e71ea37daeaad572f4704cc91f74217e1b7eb6
4026531896;3766484924;2779;3766484924;0;1600;2147483724;0;476931;4026531896;0;2147483728;0;f0000038000000008000005000;1abf5f53aabc5692b981b8e77ec1ba7f842e2afba8870a742727771b8422e88b
4026531900;2147487768;2782;2147487768;522131;4294967295;2147483728;0;15171619;4026531968;521984;2147483728;1;f00000800007f7008000005001;241cadb9ade4e9c11262414334666d55f6bb8974a945c5e84cc34d4c71897858
4026531900;2147487768;2782;4026531896;0;2783;2147483728;1;15171619;4026531972;0;2147483728;2;f0000084000000008000005002;51dcb8de9861432e292f998b31f9fc12bc7e2e0ee281564d4a00740fc1e1bb63
4026531968;521984;2784;4026531972;0;2785;2147483728;2;15171619;4026531968;521984;2147483728;3;f00000800007f7008000005003;78afa195dade57ba42282296a520affc5b276cb0e869b0681744722449b03a7c
4026531900;2147487768;2782;4026531968;521984;2786;2147483728;3;15171619;2147487768;521984;2147483732;0;800010180007f7008000005400;19701bab4a031446653efc82c143f4329f2fa3e7003babae782a0cfab6a262dc
4026531872;3766484880;2356;3766484860;24;2773;2147483732;0;4274268035;4026531900;24;2147483736;0;f000003c000000188000005800;2ccb40468daa68e482e33a3f7e677d453d7cda3d3bd6332a7e4fc3a9629356e2
4026531900;24;2788;0;0;0;2147483736;0;1542035;4026531900;25;2147483740;0;f000003c000000198000005c00;52a13348fe5e86a9aadc7d4cae494abee5fd1ba96c93f6ede865bddeda4295de
4026531872;3766484880;2356;4026531900;25;2789;2147483740;0;4277413411;3766484860;25;2147483744;0;e07fff7c000000198000006000;f8b7b09d18b1cdf8ffeaacd6f49d50ce7e80313c8fde250d2683e7a7dcc4c7ba
4026531872;3766484880;2356;3766484860;25;2790;2147483744;0;4274267907;4026531896;25;2147483748;0;f0000038000000198000006400;5f0fed749b702bb73224992769cf24df16eba65319d461bb44cf617e47790370
4026531872;3766484880;2356;3766484836;70;2359;2147483748;0;4249102211;4026531900;70;2147483752;0;f000003c000000468000006800;f2213ce0cb8b2e2cade75dd6853b56144439ae089faa724551cdb40d31cf47c7
4026531896;25;2791;4026531900;70;2792;2147483752;0;4244072163;0;0;2147483700;0;00000000000000008000003400;a34eaa349746ef838db489a89fc1c89e5a70e65d8fce1ce2835e483cfe4cbacd
4026531872;3766484880;2356;3766484852;3766484900;2363;2147483700;0;4265879299;4026531896;3766484900;2147483704;0;f0000038e07fffa48000003800;6d6711112ce6013c2b89abb31c09d977c5085af622d10549bf12f604a31575ec
4026531872;3766484880;2356;3766484860;25;2790;2147483704;0;4274268035;4026531900;25;2147483708;0;f000003c000000198000003c00;debf1eee625910fe0f54392eea62ae3165bbef500a19388a36f9d0e44fc0984b
4026531896;3766484900;2794;4026531900;25;2795;2147483708;0;16189235;4026531896;3766484925;2147483712;0;f0000038e07fffbd8000004000;e700eb9a0057a92e3b7078dc5da4803ea79d6dc215f042c000f5190b4dc4ac82
4026531872;3766484880;2356;3766484856;2147487744;2361;2147483712;0;4270073475;4026531892;2147487744;2147483716;0;f0000034800010008000004400;d58946d4206c95e709383a7919d0e5ef83b4f89bdf576dd52d5f2f1f09a577ac
4026531872;3766484880;2356;3766484860;25;2790;2147483716;0;4274268035;4026531900;25;2147483720;0;f000003c000000198000004800;f58fa15ba67937c229c66b81bca4f791214f7cc54adb6291b1dfb30cc09a402a
4026531892;2147487744;2797;4026531900;25;2798;2147483720;0;16156595;4026531900;2147487769;2147483724;0;f000003c800010198000004c00;a0f543f0d7a219a2b541961fa6f196a430824028f09d90a4404f41ad2a8f5eeb
4026531896;3766484925;2796;3766484924;0;1600;2147483724;0;476931;4026531896;0;2147483728;0;f0000038000000008000005000;c07065f3686d47bf961e4a51bde30cac28a3c8bca89df43dd455c81cedf604d1
4026531900;2147487769;2799;2147487768;521984;2787;2147483728;0;15171619;4026531968;458752;2147483728;1;f0000080000700008000005001;84ec5d68981fa63bac68556a96c9eacfe013735b427ea690592c0202b0af171a
4026531900;2147487769;2799;4026531896;0;2800;2147483728;1;15171619;4026531972;0;2147483728;2;f0000084000000008000005002;766e6ced5e9fb14ea14ea8822a333f62a4cee48fe78c965f9d71372d7708a795
4026531968;458752;2801;4026531972;0;2802;2147483728;2;15171619;4026531968;458752;2147483728;3;f0000080000700008000005003;537bb26fb91479438c5faeabb35458f6d6d02404fb667cd4c93a78cca5cfbd30
4026531900;2147487769;2799;4026531968;458752;2803;2147483728;3;15171619;2147487768;458752;2147483732;0;80001018000700008000005400;ec0da96703c43194001ca9e053963bb72302c412ad03a846c48867eb031e5785
4026531872;3766484880;2356;3766484860;25;2790;2147483732;0;4274268035;4026531900;25;2147483736;0;f000003c000000198000005800;6dc3e49da821b0aee1af1415d5709a41aebfed16cf06140374951cc33f334385
4026531900;25;2805;0;0;0;2147483736;0;1542035;4026531900;26;2147483740;0;f000003c0000001a8000005c00;d59ff4157b4a4526eb64e1bad12d9cb9e46116416d5cdd86e21871f3909a1440
4026531872;3766484880;2356;4026531900;26;2806;2147483740;0;4277413411;3766484860;26;2147483744;0;e07fff7c0000001a8000006000;d48d79cf020fbc9452f93b452a4444814f28696118299b8627dca23c759cb97b
4026531872;3766484880;2356;3766484860;26;2807;2147483744;0;4274267907;4026531896;26;2147483748;0;f00000380000001a8000006400;762b5df24a86db67bdabaf1db4bc5ccef0cea49246e0eef0da8b511f6ebed279
4026531872;3766484880;2356;3766484836;70;2359;2147483748;0;4249102211;4026531900;70;2147483752;0;f000003c000000468000006800;db7c9962d825d5915fe19a9777f1fa3e53541213ddc32edaafe508b22cd6f09c
4026531896;26;2808;4026531900;70;2809;2147483752;0;4244072163;0;0;2147483700;0;00000000000000008000003400;03a3dc16cb9ab94db16901ba9c68bc246a71a87df40932a2ac797f82039bea6b
4026531872;3766484880;2356;3766484852;3766484900;2363;2147483700;0;4265879299;4026531896;3766484900;2147483704;0;f0000038e07fffa48000003800;cf347bebeb7a1d19b44de69877ca594f3ea1290d13a09599b6b6c928dea74a45
4026531872;3766484880;2356;3766484860;26;2807;2147483704;0;4274268035;4026531900;26;2147483708;0;f000003c0000001a8000003c00;a599a36ea4cee7c5d585d21a42c957e5beebf3e20317a7f1a640cfe1c0b5caf9
4026531896;3766484900;2811;4026531900;26;2812;2147483708;0;16189235;4026531896;3766484926;2147483712;0;f0000038e07fffbe8000004000;7b8b2920f62f405a152da6682c5e606559ef1f3a5cffd14d659eae811b653d9e
4026531872;3766484880;2356;3766484856;2147487744;2361;2147483712;0;4270073475;4026531892;2147487744;2147483716;0;f0000034800010008000004400;d93032d1708c4010edae39f6633aa0616bf858a5495c661efe986ea025b077f6
4026531872;3766484880;2356;3766484860;26;2807;2147483716;0;4274268035;4026531900;26;2147483720;0;f000003c0000001a8000004800;07fe2429f933e5fcabf40595932e6b2711d8478b3f25421997440aa244386303
4026531892;2147487744;2814;4026531900;26;2815;2147483720;0;16156595;4026531900;2147487770;2147483724;0;f000003c8000101a8000004c00;ebeb0be94c8b0818bed8feb3ff9ed6bc1bb549db133ef0734f87714187563c12
4026531896;3766484926;2813;3766484924;0;1600;2147483724;0;476931;4026531896;0;2147483728;0;f0000038000000008000005000;d34c679b110eae61abe9f40af2e81655f3f1da79389cf3adac05fdc9b83519a9
4026531900;2147487770;2816;2147487768;458752;2804;2147483728;0;15171619;4026531968;0;2147483728;1;f0000080000000008000005001;decc1de15be8def4004cbc8d1693d8957f782db46f2afbf575e63a1ee18794f9
4026531900;2147487770;2816;4026531896;0;2817;2147483728;1;15171619;4026531972;0;2147483728;2;f0000084000000008000005002;7ec2d7e3e4d0bd6b758e1ebaee4ac57ebc34253badf2d64d46bcc1cde2011612
4026531968;0;2818;4026531972;0;2819;2147483728;2;15171619;4026531968;0;2147483728;3;f0000080000000008000005003;a41b1ed7879d77ad8023ce2fa2521a1d40e497a2dc96b55e883832e3532e84fc
4026531900;2147487770;2816;4026531968;0;2820;2147483728;3;15171619;2147487768;0;2147483732;0;80001018000000008000005400;fa3af9722f7adb12af0bd88dfcee94bd3a3c145440d82b8473b64b2477d44f44
4026531872;3766484880;2356;3766484860;26;2807;2147483732;0;4274268035;4026531900;26;2147483736;0;f000003c0000001a8000005800;62424b49ef997b03ac2b26132b7901321dc088d7971898e870592876309d65ed
4026531900;26;2822;0;0;0;2147483736;0;1542035;4026531900;27;2147483740;0;f000003c0000001b8000005c00;35920cb7a694270a193e5cf8eca2413d678004b73d2b31d742b5c79cc8d02d9d
4026531872;3766484880;2356;4026531900;27;2823;2147483740;0;4277413411;3766484860;27;2147483744;0;e07fff7c0000001b8000006000;d328fc8799768b002031350ddf7248199ad9d9d4acaacea41b1b893bd0d69745
4026531872;3766484880;2356;3766484860;27;2824;2147483744;0;4274267907;4026531896;27;2147483748;0;f00000380000001b8000006400;4021e1e88972b0da4e0ed9942b7987b0a0f24f3e30ce01026dfbe8c87e97a522
4026531872;3766484880;2356;3766484836;70;2359;2147483748;0;4249102211;4026531900;70;2147483752;0;f000003c000000468000006800;41d23266debd9d187bdf11b4cb4bcc7d9ad6f2d1449ab7d27d48d2fd1ac4f2ed
4026531896;27;2825;4026531900;70;2826;2147483752;0;4244072163;0;0;2147483700;0;00000000000000008000003400;7068a7147adcfb1b5fe4dd13a0c8fdf8577580605c3021bb31d62f85327249fe
4026531872;3766484880;2356;3766484852;3766484900;2363;2147483700;0;4265879299;4026531896;3766484900;2147483704;0;f0000038e07fffa48000003800;7815153f3adf3994cb74251e549451fb02ce7948fb43b96ab504ae46e4672cad
4026531872;3766484880;2356;3766484860;27;2824;2147483704;0;4274268035;4026531900;27;2147483708;0;f000003c0000001b8000003c00;5ac0e8f0184020e739c48852a2b9955e898747123d95aeea4a2f269820f78eb5
4026531896;3766484900;2828;4026531900;27;2829;2147483708;0;16189235;4026531896;3766484927;2147483712;0;f0000038e07fffbf8000004000;7069c1b8b596a86e80425c4f76a8591971a73f1701aa280a6a8c9b00ee996ff0
4026531872;3766484880;2356;3766484856;2147487744;2361;2147483712;0;4270073475;4026531892;2147487744;2147483716;0;f0000034800010008000004400;a7ed1edef047d31d90d753ba01d04283ea82085fd145e61a5cff5ca6b3b39677
4026531872;3766484880;2356;3766484860;27;2824;2147483716;0;4274268035;4026531900;27;2147483720;0;f000003c0000001b8000004800;2304e97424a3df2e0ad7ac0f311e8ffdbed5f7e67a6d44968b295d034e29f31f
4026531892;2147487744;2831;4026531900;27;2832;2147483720;0;16156595;4026531900;2147487771;2147483724;0;f000003c8000101b8000004c00;b222d6d0bf7da08216e6cf3d79bdbaff4d76e70ea960296d747882cd7c06c8f7
4026531896;3766484927;2830;3766484924;0;1600;2147483724;0;476931;4026531896;0;2147483728;0;f0000038000000008000005000;5c438eb5dd4c28258d85a3e379e3a1401d0748408656bd91fa40d735b346a4f2
4026531900;2147487771;2833;2147487768;0;2821;2147483728;0;15171619;4026531968;0;2147483728;1;f0000080000000008000005001;f40a801daf0dd8440a98e2e51dcac8ea9ba3662781401ca5bfb37ac682b99cc3
4026531900;2147487771;2833;4026531896;0;2834;2147483728;1;15171619;4026531972;0;2147483728;2;f0000084000000008000005002;ccef5d80e7438ed7230cecfe568a1cd471e70bb916b6efb7e35e82aa5eb81b9a
4026531968;0;2835;4026531972;0;2836;2147483728;2;15171619;4026531968;0;2147483728;3;f0000080000000008000005003;dab6f3a47a132bb6e7841dbf3a05b6155d1bac375abecfce25aa5e170a3a6a65
4026531900;2147487771;2833;4026531968;0;2837;2147483728;3;15171619;2147487768;0;2147483732;0;80001018000000008000005400;e073a319891524700d86b68f29712c1fcc6803b694dfc3eebbf8b4c1c720bf75
4026531872;3766484880;2356;3766484860;27;2824;2147483732;0;4274268035;4026531900;27;2147483736;0;f000003c0000001b8000005800;2f1e02b629d8af5d809e62539338ae17e6081520b617145a135048aef49bcee9
4026531900;27;2839;0;0;0;2147483736;0;1542035;4026531900;28;2147483740;0;f000003c0000001c8000005c00;152945605cc9fb1e5a41c565831b9202e4502f8660792df405dd16678e596495
4026531872;3766484880;2356;4026531900;28;2840;2147483740;0;4277413411;3766484860;28;2147483744;0;e07fff7c0000001c8000006000;116457c072724e6beb01f69002c4cade8243f45b2c685a38812d2575d6ccc959
4026531872;3766484880;2356;3766484860;28;2841;2147483744;0;4274267907;4026531896;28;2147483748;0;f00000380000001c8000006400;e07fd03db8971b7557f727806fbb377dcdb8fb5acb27c522bb9a747d3c2dcd0b
4026531872;3766484880;2356;3766484836;70;2359;2147483748;0;4249102211;4026531900;70;2147483752;0;f000003c000000468000006800;af2a9daee101e0e9bcd91972b04de69813f885d85671d88779d0d79276c9854f
4026531896;28;2842;4026531900;70;2843;2147483752;0;4244072163;0;0;2147483700;0;00000000000000008000003400;6572bb48fab18cceb43a0dbc245c6971a7c9407ca89a6f128386079c770750c7
4026531872;3766484880;2356;3766484852;3766484900;2363;2147483700;0;4265879299;4026531896;3766484900;2147483704;0;f0000038e07fffa48000003800;c5b20cd7d9901653c50f6a1bece1fcad1ad990eb58574b640f28ed107f5bf5cb
4026531872;3766484880;2356;3766484860;28;2841;2147483704;0;4274268035;4026531900;28;2147483708;0;f000003c0000001c8000003c00;4ffb400bb7be1579fb1732f430a014ad543461dc667e21f6903d2c3ef593e1e6
4026531896;3766484900;2845;4026531900;28;2846;2147483708;0;16189235;4026531896;3766484928;2147483712;0;f0000038e07fffc08000004000;f3bb2f99bca770ceb401dab8bcf990ab58d8c7edd08baf95d1b847c8e1a23ff2
4026531872;3766484880;2356;3766484856;2147487744;2361;2147483712;0;4270073475;4026531892;2147487744;2147483716;0;f0000034800010008000004400;c6b04a9c3620238134c6084c3e22832203d8bb98b2bd0b9c41db67970918f41b
4026531872;3766484880;2356;3766484860;28;2841;2147483716;0;4274268035;4026531900;28;2147483720;0;f000003c0000001c8000004800;e74c3829315bea367b813b8089bff5673f8609daa2f6a24cc452bb151a7be125
4026531892;2147487744;2848;4026531900;28;2849;2147483720;0;16156595;4026531900;2147487772;2147483724;0;f000003c8000101c8000004c00;46ea94dd13c2cff77fb6ca329b335017811f6688e303f4aa675d4ebd0c276c3f
4026531896;3766484928;2847;3766484928;0;1660;2147483724;0;476931;4026531896;0;2147483728;0;f0000038000000008000005000;81574080c6df98d88b42498dadb66502664fb5bb943424b372879ec508d98c1c
4026531900;2147487772;2850;2147487772;4243856931;4294967295;2147483728;0;15171619;4026531968;4243856896;2147483728;1;f0000080fcf41e008000005001;704887c43e15b6c4f2290746c29bf28f6008815a84e75db2a022dff80996ad65
4026531900;2147487772;2850;4026531896;0;2851;2147483728;1;15171619;4026531972;0;2147483728;2;f0000084000000008000005002;fe80a404e2c616c8617dc869a57ec0523db9c9454e31ade0da9899c44bfe5eca
4026531968;4243856896;2852;4026531972;0;2853;2147483728;2;15171619;4026531968;4243856896;2147483728;3;f0000080fcf41e008000005003;f66ec7f864435c5fdb7da598b027343fb2014a4f79b2089fc32982025aec3151
4026531900;2147487772;2850;4026531968;4243856896;2854;2147483728;3;15171619;2147487772;4243856896;2147483732;0;8000101cfcf41e008000005400;4c729496d8ca011edd51dcad804476d359bb974d90f6944122551cf75c92dd00
4026531872;3766484880;2356;3766484860;28;2841;2147483732;0;4274268035;4026531900;28;2147483736;0;f000003c0000001c8000005800;7d6eab6f612ca142d99a0b80a1a1b30e7e55a4cb49123597975455143398ac0f
4026531900;28;2856;0;0;0;2147483736;0;1542035;4026531900;29;2147483740;0;f000003c0000001d8000005c00;71b7ca2b03669dd0335469394fbb6f32a5349789660fd8e7b5ad8eac05a02ed1
4026531872;3766484880;2356;4026531900;29;2857;2147483740;0;4277413411;3766484860;29;2147483744;0;e07fff7c0000001d8000006000;0d0126edc0d49e0963b7411e0021e3d43de31a3b5c7628ab6899dc7cf8dd7cd8
4026531872;3766484880;2356;3766484860;29;2858;2147483744;0;4274267907;4026531896;29;2147483748;0;f00000380000001d8000006400;cd4cc276db2560badee59bb91f2caabdd996abc8e7279b0584f8cc0dd45948e8
4026531872;3766484880;2356;3766484836;70;2359;2147483748;0;4249102211;4026531900;70;2147483752;0;f000003c000000468000006800;fb4ed17ad3db4dad42fe3efba8a962104a0dcee17801d52b8eb3b962373a65b6
4026531896;29;2859;4026531900;70;2860;2147483752;0;4244072163;0;0;2147483700;0;00000000000000008000003400;deee953efe3d178dcf98ce023b8be1eaca754e9b489b714602ff0504a59b024e
4026531872;3766484880;2356;3766484852;3766484900;2363;2147483700;0;4265879299;4026531896;3766484900;2147483704;0;f0000038e07fffa48000003800;e17183af567c28c6e5970d0e90f0b46e8a6cec60d95364516cfa9ded5fc0e248
4026531872;3766484880;2356;3766484860;29;2858;2147483704;0;4274268035;4026531900;29;2147483708;0;f000003c0000001d8000003c00;d037bb8a8126f291e3f19759f56996173522c3b71d982f9f61968ecd441237e9
4026531896;3766484900;2862;4026531900;29;2863;2147483708;0;16189235;4026531896;3766484929;2147483712;0;f0000038e07fffc18000004000;05f180154c7f63340472b2021bed72291205f063ddd3ab229c8ccae971648df5
4026531872;3766484880;2356;3766484856;2147487744;2361;2147483712;0;4270073475;4026531892;2147487744;2147483716;0;f0000034800010008000004400;9800a770d2e740cf73f2aaa73e78c2e24848b3b882c9be002787c7175f313c27
4026531872;3766484880;2356;3766484860;29;2858;2147483716;0;4274268035;4026531900;29;2147483720;0;f000003c0000001d8000004800;7aaa7088a70e6270adda8785dfc88c60cf63b961d5eccb2035286bd38d68df7f
4026531892;2147487744;2865;4026531900;29;2866;2147483720;0;16156595;4026531900;2147487773;2147483724;0;f000003c8000101d8000004c00;d5c00b9e3b9af8d6e2eb15805dc1648cc7a1d5fc9de52fe64d10c6a368da62f0
4026531896;3766484929;2864;3766484928;0;1660;2147483724;0;476931;4026531896;0;2147483728;0;f0000038000000008000005000;15d33eca03c6cb21091b215109b1a5ca9444a95b88405d02c279f6a46a07db9e
4026531900;2147487773;2867;2147487772;4243856896;2855;2147483728;0;15171619;4026531968;4243849216;2147483728;1;f0000080fcf400008000005001;80c126558b534560a36c9e245fdaaaa17876be414f02aa2b3aa3e470fa895963
4026531900;2147487773;2867;4026531896;0;2868;2147483728;1;15171619;4026531972;0;2147483728;2;f0000084000000008000005002;eb35081c70b83ca7f4d2a2bcb6ffa0b0ca51786da2d9f7089ca04b88ddcb79f1
4026531968;4243849216;2869;4026531972;0;2870;2147483728;2;15171619;4026531968;4243849216;2147483728;3;f0000080fcf400008000005003;5dab7fc7a1ec5c050923d159012c213d9bc84a85192f5cfb29d101757d024db6
4026531900;2147487773;2867;4026531968;4243849216;2871;2147483728;3;15171619;2147487772;4243849216;2147483732;0;8000101cfcf400008000005400;7284b6b63d51dcc2bf0327abcede49d627f2486777f219c923928ff63c9c9ac3
4026531872;3766484880;2356;3766484860;29;2858;2147483732;0;4274268035;4026531900;29;2147483736;0;f000003c0000001d8000005800;8e10dfc11d265e494cca5ccd1d5fc56ffed29ec4d4c438899e878bc9e48268e5
4026531900;29;2873;0;0;0;2147483736;0;1542035;4026531900;30;2147483740;0;f000003c0000001e8000005c00;b2833c2d9c0ae85ff51e5cd8aa2b758a160dc0c25443d05341e1b9e27819492b
4026531872;3766484880;2356;4026531900;30;2874;2147483740;0;4277413411;3766484860;30;2147483744;0;e07fff7c0000001e8000006000;1ada292dfcd6d0f5ba83b15e1d7631518d946098ea17708544db5d9118ff425d
4026531872;3766484880;2356;3766484860;30;2875;2147483744;0;4274267907;4026531896;30;2147483748;0;f00000380000001e8000006400;659df158bfc78e53bb3e0be14291926f89ce3f2115581d9bbe80426df9fdfec5
4026531872;3766484880;2356;3766484836;70;2359;2147483748;0;4249102211;4026531900;70;2147483752;0;f000003c000000468000006800;b5969e1eabcba37c2efbb08915969c03c4d916bf9cfa96894f135935d0c51161
4026531896;30;2876;4026531900;70;2877;2147483752;0;4244072163;0;0;2147483700;0;00000000000000008000003400;1e207dbdf49df163b06b1b624edb346e54180321d0822e25e74ed2ef07999f3f
4026531872;3766484880;2356;3766484852;3766484900;2363;2147483700;0;4265879299;4026531896;3766484900;2147483704;0;f0000038e07fffa48000003800;7025d19e640f023257ec6a3ee51e3c7491bb7c3c815248db91c10788c2b3998e
4026531872;3766484880;2356;3766484860;30;2875;2147483704;0;4274268035;4026531900;30;2147483708;0;f000003c0000001e8000003c00;d3d884212ba6a812f1fc050f8ee7bb4b85f91c80e9495ff3d9a81b8e04bad12b
4026531896;3766484900;2879;4026531900;30;2880;2147483708;0;16189235;4026531896;3766484930;2147483712;0;f0000038e07fffc28000004000;2cd5dbd95f3b4f873718093e1787175b45a0ebd7e8b944f2b1044a471e79267b
4026531872;3766484880;2356;3766484856;2147487744;2361;2147483712;0;4270073475;4026531892;2147487744;2147483716;0;f0000034800010008000004400;1954a68b5efab0b61892a511d3f01f26a8ed7f2281cbbfcb0527889144d7a1b3
4026531872;3766484880;2356;3766484860;30;2875;2147483716;0;4274268035;4026531900;30;2147483720;0;f000003c0000001e8000004800;16d8c1fa6b5d29b85c84902022964c144956c2ea2ddd697cfa558809eac5a915
4026531892;2147487744;2882;4026531900;30;2883;2147483720;0;16156595;4026531900;2147487774;2147483724;0;f000003c8000101e8000004c00;72421f98f1c716de06339f1136a71ed106fdf26ad0106d2a5898016a42f8fddd
4026531896;3766484930;2881;3766484928;0;1660;2147483724;0;476931;4026531896;0;2147483728;0;f0000038000000008000005000;15332cebddcb8cc89889acd83a933784d58b6dcc98a5eade6ab57c264094e515
4026531900;2147487774;2884;2147487772;4243849216;2872;2147483728;0;15171619;4026531968;4227858432;2147483728;1;f0000080fc0000008000005001;3aa4dc3d5bcbc06f3cec59d2a53285d99a685bd3c91a37f7fb2d19cf6b0aa2a6
4026531900;2147487774;2884;4026531896;0;2885;2147483728;1;15171619;4026531972;0;2147483728;2;f0000084000000008000005002;72f03a34365da2eb9035ac221b6d0a314bac47710b21655985eb3143cea2cb63
4026531968;4227858432;2886;4026531972;0;2887;2147483728;2;15171619;4026531968;4227858432;2147483728;3;f0000080fc0000008000005003;1eb134d54710f808b07f6d0d2f7ec54b0d232378038a6c6aff919dc97a7037b9
4026531900;2147487774;2884;4026531968;4227858432;2888;2147483728;3;15171619;2147487772;4227858432;2147483732;0;8000101cfc0000008000005400;b94961d3cc7580e70d023e327d032027be639385d086b54856707f7810be580e
4026531872;3766484880;2356;3766484860;30;2875;2147483732;0;4274268035;4026531900;30;2147483736;0;f000003c0000001e8000005800;553d6a65357ed24a2dc7389b2ac921141de95c65228b2feb098a9f9568f5a2fd
4026531900;30;2890;0;0;0;2147483736;0;1542035;4026531900;31;2147483740;0;f000003c0000001f8000005c00;70029dc557bfd222eacbd0f60382011ed4c1bc755d99ed11965e0a85f47e880b
4026531872;3766484880;2356;4026531900;31;2891;2147483740;0;4277413411;3766484860;31;2147483744;0;e07fff7c0000001f8000006000;5298cd03622f8925e71b4387c070d69d9d4f15f5a3eac95213151b52d253099a
4026531872;3766484880;2356;3766484860;31;2892;2147483744;0;4274267907;4026531896;31;2147483748;0;f00000380000001f8000006400;a1eebc21129307817a2f05d7389d74a7701aa3d81a3a1cec440a7f8bef86e714
4026531872;3766484880;2356;3766484836;70;2359;2147483748;0;4249102211;4026531900;70;2147483752;0;f000003c000000468000006800;981c5eebc0ed17bfa73b5f52feb36de3f0b266ed345717b72c8e78f9005845a8
4026531896;31;2893;4026531900;70;2894;2147483752;0;4244072163;0;0;2147483700;0;00000000000000008000003400;7996ab1692f77ea35408ad65b090935fa724cfe3e25eaf5d5af2f6c7149515bc
4026531872;3766484880;2356;3766484852;3766484900;2363;2147483700;0;4265879299;4026531896;3766484900;2147483704;0;f0000038e07fffa48000003800;f6b655064ff8d5471af15174649490c7a48e51025be512ba431f35f545272c1d
4026531872;3766484880;2356;3766484860;31;2892;2147483704;0;4274268035;4026531900;31;2147483708;0;f000003c0000001f8000003c00;289505240070f95d23060acbef30327e2a003dc8ee1a5c30f67fa007af5d9c8d
4026531896;3766484900;2896;4026531900;31;2897;2147483708;0;16189235;4026531896;3766484931;2147483712;0;f0000038e07fffc38000004000;cf6ea0a6b47980ebac7af5e92c930ef64b36902dfcdce18a2febc7419d48f0db
4026531872;3766484880;2356;3766484856;2147487744;2361;2147483712;0;4270073475;4026531892;2147487744;2147483716;0;f0000034800010008000004400;ea4d906531a5ebf7a4c441334f8b702dd3d8915c6abf591767fb11ccdacf9cf2
4026531872;3766484880;2356;3766484860;31;2892;2147483716;0;4274268035;4026531900;31;2147483720;0;f000003c0000001f8000004800;f8be854d29c3d5e085f9d0de9b7f58d4148b04ebdcbb91a6e09a050a5770226a
4026531892;2147487744;2899;4026531900;31;2900;2147483720;0;16156595;4026531900;2147487775;2147483724;0;f000003c8000101f8000004c00;77186e51a1a71f0f1dc803e0fadfcda878a1240d704b50013ac1b7e98a37def6
4026531896;3766484931;2898;3766484928;0;1660;2147483724;0;476931;4026531896;0;2147483728;0;f0000038000000008000005000;86e7fc1a41af4c0c9aca735525b479515772f44311640dc2ebddf4c54f6be84f
4026531900;2147487775;2901;2147487772;4227858432;2889;2147483728;0;15171619;4026531968;0;2147483728;1;f0000080000000008000005001;3217801c03bda1ef31d888466afc7c2b5ced1115332b97c5c74c00f851cbe141
4026531900;2147487775;2901;4026531896;0;2902;2147483728;1;15171619;4026531972;0;2147483728;2;f0000084000000008000005002;79a2e906d158e08f5265684e626da7855685d26f9053a1fb95db9bcb2e123867
4026531968;0;2903;4026531972;0;2904;2147483728;2;15171619;4026531968;0;2147483728;3;f0000080000000008000005003;f2a3cb9b5c1e52f318c4d88d48944fbff20257b4a6aa2557086998df90089c52
4026531900;2147487775;2901;4026531968;0;2905;2147483728;3;15171619;2147487772;0;2147483732;0;8000101c000000008000005400;7180668a16502b2a24e32f784c0ef4569643af100d292503ebb164d342ff6e14
4026531872;3766484880;2356;3766484860;31;2892;2147483732;0;4274268035;4026531900;31;2147483736;0;f000003c0000001f8000005800;8f7586cfe7a6361d25c4e10291d9ee54ea1186d50e470b256fb159a011c91291
4026531900;31;2907;0;0;0;2147483736;0;1542035;4026531900;32;2147483740;0;f000003c000000208000005c00;bd6bf3faa3496c85680de943561f7830f649f8b5963a7eca74c44627fb744e51
4026531872;3766484880;2356;4026531900;32;2908;2147483740;0;4277413411;3766484860;32;2147483744;0;e07fff7c000000208000006000;9a6d25d2dd7a985109fbc3ffdd4dbde80b61ebb9fe8d82c1c8c9572133f8dc98
4026531872;3766484880;2356;3766484860;32;2909;2147483744;0;4274267907;4026531896;32;2147483748;0;f0000038000000208000006400;1f4b7104516e176b3831e08fe69e2162ad7606f6344dcbac47e024ba4d4b9539
4026531872;3766484880;2356;3766484836;70;2359;2147483748;0;4249102211;4026531900;70;2147483752;0;f000003c000000468000006800;f08edd7ab75f1e1481ec8cf9767f5e066c4bc0e19f2cf2fe879e710e66c4b5a8
4026531896;32;2910;4026531900;70;2911;2147483752;0;4244072163;0;0;2147483700;0;00000000000000008000003400;fcc6661cbec2e52c48a27c65b3675dd1582b03f8511cda153c3cf80452e0b652
4026531872;3766484880;2356;3766484852;3766484900;2363;2147483700;0;4265879299;4026531896;3766484900;2147483704;0;f0000038e07fffa48000003800;a06a875ce847aa7d9f3b8e54c544f906479767285d564ff2c9dc9ef5bb827be4
4026531872;3766484880;2356;3766484860;32;2909;2147483704;0;4274268035;4026531900;32;2147483708;0;f000003c000000208000003c00;41cf4373f335a6f5c3312c9a6e08bc988d92325a31c4ff576c496a6e68e960a4
4026531896;3766484900;2913;4026531900;32;2914;2147483708;0;16189235;4026531896;3766484932;2147483712;0;f0000038e07fffc48000004000;69addf63b0061850db7b2062407fdb438e5506244f1f738445e2652c0208b917
4026531872;3766484880;2356;3766484856;2147487744;2361;2147483712;0;4270073475;4026531892;2147487744;2147483716;0;f0000034800010008000004400;17c28fcbd441ca1a9a979d24b2fe99910a2c5b2cf509a9e6b1990903eae19422
4026531872;3766484880;2356;3766484860;32;2909;2147483716;0;4274268035;4026531900;32;2147483720;0;f000003c000000208000004800;846506f5caeb3d3a500d9a0ea3dfcd84976bf795e7cdc7b800cd5f4e5d5c7fee
4026531892;2147487744;2916;4026531900;32;2917;2147483720;0;16156595;4026531900;2147487776;2147483724;0;f000003c800010208000004c00;3e796effba3caf17e380c878a6a3ba7926418c49fc3c4df739f0c974a530c3ea
4026531896;3766484932;2915;3766484932;0;1720;2147483724;0;476931;4026531896;0;2147483728;0;f0000038000000008000005000;42781948e59a289abdbe4d93b31b3ed1d15dbb23c5d2b7c42293a7442f673793
4026531900;2147487776;2918;2147487776;4274267395;4294967295;2147483728;0;15171619;4026531968;4274267392;2147483728;1;f0000080fec425008000005001;d33b7f44daa44c3b5caee40b071ee426fe159b3d8800c26617912f1ba190ed91
4026531900;2147487776;2918;4026531896;0;2919;2147483728;1;15171619;4026531972;0;2147483728;2;f0000084000000008000005002;91fd23140b77d58decaec010bb88503d722a1d954dda88a8bae36fb0e8acb1ad
4026531968;4274267392;2920;4026531972;0;2921;2147483728;2;15171619;4026531968;4274267392;2147483728;3;f0000080fec425008000005003;30f18c6706660cc8a212a09be75df71a3746a0c7e63e19f016830d76c9fdd3d1
4026531900;2147487776;2918;4026531968;4274267392;2922;2147483728;3;15171619;2147487776;4274267392;2147483732;0;80001020fec425008000005400;b6f17ac732fa0b6f330da34b7bb8216a035c76ff9b788552815e89488ef8ccc8
4026531872;3766484880;2356;3766484860;32;2909;2147483732;0;4274268035;4026531900;32;2147483736;0;f000003c000000208000005800;1a9a39418001bce8c9d3d055ce4ad431e7ba2e9bd16b1cf10753adbcb4503edc
4026531900;32;2924;0;0;0;2147483736;0;1542035;4026531900;33;2147483740;0;f000003c000000218000005c00;d62afdd800b19eae462f8feca13f5b9522124084e33bff79a58426f9a3434ddb
4026531872;3766484880;2356;4026531900;33;2925;2147483740;0;4277413411;3766484860;33;2147483744;0;e07fff7c000000218000006000;ec73a3ed51a0f92859c509c5edae5469417c49b0adeeffb6ee7876e467263bb4
4026531872;3766484880;2356;3766484860;33;2926;2147483744;0;4274267907;4026531896;33;2147483748;0;f0000038000000218000006400;88dee291b7fb40633f8185cb9cff1df3338e5a4066a72b9124df0062c284a341
4026531872;3766484880;2356;3766484836;70;2359;2147483748;0;4249102211;4026531900;70;2147483752;0;f000003c000000468000006800;6cb83106e53fb79e6cae1d4f26dd0ea6229f49503abe5cd476cbaa65dd1bf44f
4026531896;33;2927;4026531900;70;2928;2147483752;0;4244072163;0;0;2147483700;0;00000000000000008000003400;9207c189d64dd4a06ba57b8e17ec29cca02bad658b3cb9ac6dae53326ca9469e
4026531872;3766484880;2356;3766484852;3766484900;2363;2147483700;0;4265879299;4026531896;3766484900;2147483704;0;f0000038e07fffa48000003800;f9a7f515ed579c8c1e21acac10d435acb8b487371c572313300a31034e440c38
4026531872;3766484880;2356;3766484860;33;2926;2147483704;0;4274268035;4026531900;33;2147483708;0;f000003c000000218000003c00;8a8a81fadc83bfd9ab038e168d95a24278ffc2688ce1278f8f4b6bba2e94f623
4026531896;3766484900;2930;4026531900;33;2931;2147483708;0;16189235;4026531896;3766484933;2147483712;0;f0000038e07fffc58000004000;194f616d916dabbe6afeeacf77be39860bf065e1e195d28e64f24eb71fe064eb
4026531872;3766484880;2356;3766484856;2147487744;2361;2147483712;0;4270073475;4026531892;2147487744;2147483716;0;f0000034800010008000004400;e095b1dd83ab8196023f883ab744b4f1711ee86e2e211a8a0a3fdba273bc8ed8
4026531872;3766484880;2356;3766484860;33;2926;2147483716;0;4274268035;4026531900;33;2147483720;0;f000003c000000218000004800;285d2e80da9252318461c9a8f4372b802da526129f8646b81cd071f4c42a5ee7
4026531892;2147487744;2933;4026531900;33;2934;2147483720;0;16156595;4026531900;2147487777;2147483724;0;f000003c800010218000004c00;74d68db4b753c349cd01750b0082d0a871a0b3ae828a37212cfd3af023b4f512
4026531896;3766484933;2932;3766484932;0;1720;2147483724;0;476931;4026531896;0;2147483728;0;f0000038000000008000005000;107594da7dec7c3dcd99cbf8184d2faa790758db8c794b225538237dfd4e72aa
4026531900;2147487777;2935;2147487776;4274267392;2923;2147483728;0;15171619;4026531968;4274257920;2147483728;1;f0000080fec400008000005001;653bb56e35c0ea876f7ce7be3caa3019121e0b74c5deca75678879c91de375d5
4026531900;2147487777;2935;4026531896;0;2936;2147483728;1;15171619;4026531972;0;2147483728;2;f0000084000000008000005002;0dee6ae3561c5d6494ccf492317ea5fc4eda8403b2974a5042d3f4f1f76ffe7e
4026531968;4274257920;2937;4026531972;0;2938;2147483728;2;15171619;4026531968;4274257920;2147483728;3;f0000080fec400008000005003;e5401dbd38a6c5aa9fa88c428822e7fc392f7e658aefa01dd7b7b38278ffc7b8
4026531900;2147487777;2935;4026531968;4274257920;2939;2147483728;3;15171619;2147487776;4274257920;2147483732;0;80001020fec400008000005400;621db8636933aed7b4e2486c77b59040c0595861af1da2b1b9e3be77e3ae285b
4026531872;3766484880;2356;3766484860;33;2926;2147483732;0;4274268035;4026531900;33;2147483736;0;f000003c000000218000005800;7803f226a86d7c7956d55f1b8f8f10b53dede44336d925fbd431a5c1eb241663
4026531900;33;2941;0;0;0;2147483736;0;1542035;4026531900;34;2147483740;0;f000003c000000228000005c00;4ac3de449298bf0996c8a1ceb7c8b4a410c18047c23bbbc1110a8b16cb6068e3
4026531872;3766484880;2356;4026531900;34;2942;2147483740;0;4277413411;3766484860;34;2147483744;0;e07fff7c000000228000006000;7ec73c0e9768df7c2d45b3da61442ef6f92175a383dda6d675991e7d1f134698
4026531872;3766484880;2356;3766484860;34;2943;2147483744;0;4274267907;4026531896;34;2147483748;0;f0000038000000228000006400;81d1e16c2cad34dd2eb498466314de3ca4fa3b273c6b94eb2e6f53bdf323c0ca
4026531872;3766484880;2356;3766484836;70;2359;2147483748;0;4249102211;4026531900;70;2147483752;0;f000003c000000468000006800;70ca9494c0389c276cadc7b08c8445eb7dac995d8dd45ad8c61d96ba643ff59c
4026531896;34;2944;4026531900;70;2945;2147483752;0;4244072163;0;0;2147483700;0;00000000000000008000003400;5cc01136b245850cbc4a70d004f486b7300261fb48496236e42d22a17f21dc17
4026531872;3766484880;2356;3766484852;3766484900;2363;2147483700;0;4265879299;4026531896;3766484900;2147483704;0;f0000038e07fffa48000003800;6c03ac0a306ffc883714ae7345cf636399cf2e301508b60e73a9a3ccffe222eb
4026531872;3766484880;2356;3766484860;34;2943;2147483704;0;4274268035;4026531900;34;2147483708;0;f000003c000000228000003c00;d7a444436c0afd558e0521a5975efb3015872f1641f95f8e79a290a6db63022d
4026531896;3766484900;2947;4026531900;34;2948;2147483708;0;16189235;4026531896;3766484934;2147483712;0;f0000038e07fffc68000004000;24198685bb1264644a2ec7ea0e10e18cd3a6acb105879cd6dc55f8d2ef1be391
4026531872;3766484880;2356;3766484856;2147487744;2361;2147483712;0;4270073475;4026531892;2147487744;2147483716;0;f0000034800010008000004400;ad9cfd447292c91f67951e92c7f1707fd04e0ca8736c6994b9e5eaeeebc01b06
4026531872;3766484880;2356;3766484860;34;2943;2147483716;0;4274268035;4026531900;34;2147483720;0;f000003c000000228000004800;b0df98566caa9375a4cfcbe83538c2950c7d9f0676fb24f6fc144aa757cf3519
4026531892;2147487744;2950;4026531900;34;2951;2147483720;0;16156595;4026531900;2147487778;2147483724;0;f000003c800010228000004c00;34121c71363a4f38ac6bc214eb9a92803dd11742be8261386621856ba1a8eb1c
4026531896;3766484934;2949;3766484932;0;1720;2147483724;0;476931;4026531896;0;2147483728;0;f0000038000000008000005000;0e2d61e4ab0e94001df5bc8765d917bdd9161edb83c4a0a02d57c9043cb271aa
4026531900;2147487778;2952;2147487776;4274257920;2940;2147483728;0;15171619;4026531968;4261412864;2147483728;1;f0000080fe0000008000005001;9e547b1a19da2c2f352e7699a85f3fd0295db8cf256a234b720eefd78e593151
4026531900;2147487778;2952;4026531896;0;2953;2147483728;1;15171619;4026531972;0;2147483728;2;f0000084000000008000005002;16d48655ccbae29a9de7c2fdf4fa1a1cc024fc598d8f2bfca52feefdfc4ccf17
4026531968;4261412864;2954;4026531972;0;2955;2147483728;2;15171619;4026531968;4261412864;2147483728;3;f0000080fe0000008000005003;1c520e81d0eb11671c3e0d95ada0d1fa0ac241c187c97a8a615be442a4f4a907
4026531900;2147487778;2952;4026531968;4261412864;2956;2147483728;3;15171619;2147487776;4261412864;2147483732;0;80001020fe0000008000005400;62c16cf87f6b9e5295c0fd6cf19e2a83e92919986e9269456a35905ef86181a6
4026531872;3766484880;2356;3766484860;34;2943;2147483732;0;4274268035;4026531900;34;2147483736;0;f000003c000000228000005800;f95cf20a419ce419af1dc0bfbedd353989826d473cd05bb4defbd20eaf8ec026
4026531900;34;2958;0;0;0;2147483736;0;1542035;4026531900;35;2147483740;0;f000003c000000238000005c00;5458806d35751d3812ee68e001a10cec9176a934d2fb96c23d953ff9f8ad37b6
4026531872;3766484880;2356;4026531900;35;2959;2147483740;0;4277413411;3766484860;35;2147483744;0;e07fff7c000000238000006000;f7a739e4e3ec2e65dde83d8f057e69cdb6c4f40c6535cbcfb2bbcbd7fed01568
4026531872;3766484880;2356;3766484860;35;2960;2147483744;0;4274267907;4026531896;35;2147483748;0;f0000038000000238000006400;9f1d833546c7e8055ff2d79253af9c667756138ab54020fe981eedd1892c58b8
4026531872;3766484880;2356;3766484836;70;2359;2147483748;0;4249102211;4026531900;70;2147483752;0;f000003c000000468000006800;cc3ba1a4470698f1a526222a4272f5693d32d9dafa2c25e38412ed578f10160e
4026531896;35;2961;4026531900;70;2962;2147483752;0;4244072163;0;0;2147483700;0;00000000000000008000003400;ec70a0c52a1e6c628ffc430b805a8613c5239f41db4a56a2315f37e454e69904
4026531872;3766484880;2356;3766484852;3766484900;2363;2147483700;0;4265879299;4026531896;3766484900;2147483704;0;f0000038e07fffa48000003800;ad0c8367f98300db68bd57bb205031bd26997843ac04cf02fbbdac11dff92d14
4026531872;3766484880;2356;3766484860;35;2960;2147483704;0;4274268035;4026531900;35;2147483708;0;f000003c000000238000003c00;6a8bcf3a47883ce790bb3e0ce6733896d51cd6a09f2a890d2a4d0ffaec18d4b9
4026531896;3766484900;2964;4026531900;35;2965;2147483708;0;16189235;4026531896;3766484935;2147483712;0;f0000038e07fffc78000004000;e782d92438172d172a1f6d0fe12071783debd322f991c617302d1043b3144abc
4026531872;3766484880;2356;3766484856;2147487744;2361;2147483712;0;4270073475;4026531892;2147487744;2147483716;0;f0000034800010008000004400;d3873c3026f8d28dcbace95dcaa82795a15685194d64c7433ebb0853feb2ef56
4026531872;3766484880;2356;3766484860;35;2960;2147483716;0;4274268035;4026531900;35;2147483720;0;f000003c000000238000004800;07d5db0422b1f90a16a143d99e37b6abc1f398fb610d9f7da2920fa5d4393bbd
4026531892;2147487744;2967;4026531900;35;2968;2147483720;0;16156595;4026531900;2147487779;2147483724;0;f000003c800010238000004c00;23cc5d2db325edb969d72216506c7102e0b51a0cf16d776ba75bf9096c79d25c
4026531896;3766484935;2966;3766484932;0;1720;2147483724;0;476931;4026531896;0;2147483728;0;f0000038000000008000005000;fecff801bf11341d83984986c333bc83a4ad502c61de05ed283f02b72dca9d51
4026531900;2147487779;2969;2147487776;4261412864;2957;2147483728;0;15171619;4026531968;0;2147483728;1;f0000080000000008000005001;c2c93ae4180fe1db5d7813480df32c133b9a317e0b57489e2d61a31c3d538809
4026531900;2147487779;2969;4026531896;0;2970;2147483728;1;15171619;4026531972;0;2147483728;2;f0000084000000008000005002;c89c3c3163a7ba987ca7eb2dfb470c764681ab47291f2a24f10a8a4643b57623
4026531968;0;2971;4026531972;0;2972;2147483728;2;15171619;4026531968;0;2147483728;3;f0000080000000008000005003;a2217e65dc1312b9aa3f2316871d4ce4c9dad5e52c0c7ea98582eb05dd8867e2
4026531900;2147487779;2969;4026531968;0;2973;2147483728;3;15171619;2147487776;0;2147483732;0;80001020000000008000005400;b9342a33a5daa08eaf9a1bac0b2d5d3e911b228dc84f798a6f398a530d75060a
4026531872;3766484880;2356;3766484860;35;2960;2147483732;0;4274268035;4026531900;35;2147483736;0;f000003c000000238000005800;6dc82b862009aa93fa0219a0af015586a2e87a214fecb201897d5358a98aa54d
4026531900;35;2975;0;0;0;2147483736;0;1542035;4026531900;36;2147483740;0;f000003c000000248000005c00;7cf345ed1588391f8c4c22ddc14b5e469e8f54bc8f62b061364ee8955cb90b3d
4026531872;3766484880;2356;4026531900;36;2976;2147483740;0;4277413411;3766484860;36;2147483744;0;e07fff7c000000248000006000;92d9643ca403b0a803d14272cdc1fa86e4ed8244d27e4eef9a423eb6696f2f68
4026531872;3766484880;2356;3766484860;36;2977;2147483744;0;4274267907;4026531896;36;2147483748;0;f0000038000000248000006400;7a174624aebf383cadc87e4bca2d09487d0fb7bfa1b6e015ba3ee9511e17de1e
4026531872;3766484880;2356;3766484836;70;2359;2147483748;0;4249102211;4026531900;70;2147483752;0;f000003c000000468000006800;4fc1520b67ec9a4a54a9bdd2cc749ffb7bb12d06fade4f0836433a02140433a2
4026531896;36;2978;4026531900;70;2979;2147483752;0;4244072163;0;0;2147483700;0;00000000000000008000003400;1e9bfddb558b90aa36d3ff7864a5df1ffe3c68d67a64394cd099d87d5e40a550
4026531872;3766484880;2356;3766484852;3766484900;2363;2147483700;0;4265879299;4026531896;3766484900;2147483704;0;f0000038e07fffa48000003800;f121b243548faf2241b55b6c2e19ea838598e0122c87dd37372a3e6151e3a1c2
4026531872;3766484880;2356;3766484860;36;2977;2147483704;0;4274268035;4026531900;36;2147483708;0;f000003c000000248000003c00;783a68dd8216e1cb68feaf6cd87abf26801d840911374f3da434db7341b6b1f5
4026531896;3766484900;2981;4026531900;36;2982;2147483708;0;16189235;4026531896;3766484936;2147483712;0;f0000038e07fffc88000004000;a51db48a3034bd15a8134ce3ff559f8eef562f5b84f61e7254fa113981737776
4026531872;3766484880;2356;3766484856;2147487744;2361;2147483712;0;4270073475;4026531892;2147487744;2147483716;0;f0000034800010008000004400;43d5cec05da98af6425f3f19c1f3543fb7c98105723fdd59747d2a055dbdf157
4026531872;3766484880;2356;3766484860;36;2977;2147483716;0;4274268035;4026531900;36;2147483720;0;f000003c000000248000004800;940c6e64b485067f6b7310b0c6b233b7ad7021f1a1e6162d6f1e3311c24191c1
4026531892;2147487744;2984;4026531900;36;2985;2147483720;0;16156595;4026531900;2147487780;2147483724;0;f000003c800010248000004c00;0270bc6b933daa6d716054097414aed2959e7def4418533a33f088798491871e
4026531896;3766484936;2983;3766484936;0;1780;2147483724;0;476931;4026531896;0;2147483728;0;f0000038000000008000005000;f58a8b8c0a58fa97020d3bd103c7388757ce90c026ecbd0ab46427782c3f6d4c
4026531900;2147487780;2986;2147487780;3139432687;4294967295;2147483728;0;15171619;4026531968;3139432448;2147483728;1;f0000080bb1ff0008000005001;ec4161eaa2fbf5ce8449bb290099c8572d2abd42a94ff9e77b821eff4363d34a
4026531900;2147487780;2986;4026531896;0;2987;2147483728;1;15171619;4026531972;0;2147483728;2;f0000084000000008000005002;7f192ac0ea22884c1619a313a3aaa03a5213e9fc5529438aa9f4188426d72795
4026531968;3139432448;2988;4026531972;0;2989;2147483728;2;15171619;4026531968;3139432448;2147483728;3;f0000080bb1ff0008000005003;2f398283a09714b89c8b5464b6d52e755e17fa57cc4bebf77953da1049b96252
4026531900;2147487780;2986;4026531968;3139432448;2990;2147483728;3;15171619;2147487780;3139432448;2147483732;0;80001024bb1ff0008000005400;e185ac25001879b0863e623387c8210776413b048ea4796719c191cfeabdab37
4026531872;3766484880;2356;3766484860;36;2977;2147483732;0;4274268035;4026531900;36;2147483736;0;f000003c000000248000005800;8739c90ecfa5ff5db40dbdf8e4a33c014860cb9eeb22474c54881cc5b77d340e
4026531900;36;2992;0;0;0;2147483736;0;1542035;4026531900;37;2147483740;0;f000003c000000258000005c00;028bd50e1fad39eb3050fb9479003404c3a935a57d5acad06fdb040ef1b52be9
4026531872;3766484880;2356;4026531900;37;2993;2147483740;0;4277413411;3766484860;37;2147483744;0;e07fff7c000000258000006000;c31aefc6af90ee644ed6a8baae2b4d877042e863752b49d79082dfc8882e1571
4026531872;3766484880;2356;3766484860;37;2994;2147483744;0;4274267907;4026531896;37;2147483748;0;f0000038000000258000006400;e510913863d83b308f4d5676f8c439d95b4d1a30a64809b1056260fb060bd80e
4026531872;3766484880;2356;3766484836;70;2359;2147483748;0;4249102211;4026531900;70;2147483752;0;f000003c000000468000006800;aa8a8f42b99e97903928dc2ed957d335fb0ccf03eaaf0add4e743d61555b70a2
4026531896;37;2995;4026531900;70;2996;2147483752;0;4244072163;0;0;2147483700;0;00000000000000008000003400;2a2dc4231ef4b5efaca2e977ba4b589abda0eb19b9fa4f6f2e2e6fdae56f1539
4026531872;3766484880;2356;3766484852;3766484900;2363;2147483700;0;4265879299;4026531896;3766484900;2147483704;0;f0000038e07fffa48000003800;d176606fc8c4ce501cfa08efc438b43b1b252e08c6d17569283d65fd1f9e7a66
4026531872;3766484880;2356;3766484860;37;2994;2147483704;0;4274268035;4026531900;37;2147483708;0;f000003c000000258000003c00;347f2c68443316326d535a001126597684ce59c0fcd2b2dd1e6e0e0bb595e0f0
4026531896;3766484900;2998;4026531900;37;2999;2147483708;0;16189235;4026531896;3766484937;2147483712;0;f0000038e07fffc98000004000;6c5f56e77c3d3cc658167806c4c3a7e5b3c5392ca26c17a2ae0d1aac1a14ea52
4026531872;3766484880;2356;3766484856;2147487744;2361;2147483712;0;4270073475;4026531892;2147487744;2147483716;0;f0000034800010008000004400;61286b059bcabfb169ec7bd4f946df3d59bd2a9a05080c354ff032f61d001eda
4026531872;3766484880;2356;3766484860;37;2994;2147483716;0;4274268035;4026531900;37;2147483720;0;f000003c000000258000004800;2167d357b2c9cd7157ccd2010ffc339e88d0ef87690fbf439cb005654e031964
4026531892;2147487744;3001;4026531900;37;3002;2147483720;0;16156595;4026531900;2147487781;2147483724;0;f000003c800010258000004c00;76532c42c215cce9110ab1e093d171132b3712000e9aea1cdac685cdea4f61cc
4026531896;3766484937;3000;3766484936;0;1780;2147483724;0;476931;4026531896;0;2147483728;0;f0000038000000008000005000;6497674c2f88c7175c8238624c7bdaa3ae9183f83d4a7fe717b65d55372dfe3c
4026531900;2147487781;3003;2147487780;3139432448;2991;2147483728;0;15171619;4026531968;3139371008;2147483728;1;f0000080bb1f00008000005001;c06f5856ff20710e7ed51fb816589d45b4e2ca0300d967c321aeade41da71051
4026531900;2147487781;3003;4026531896;0;3004;2147483728;1;15171619;4026531972;0;2147483728;2;f0000084000000008000005002;73ffdc016ba97e36e093f657284030270170b624cbdbafa42b9addbd99aa2b16
4026531968;3139371008;3005;4026531972;0;3006;2147483728;2;15171619;4026531968;3139371008;2147483728;3;f0000080bb1f00008000005003;a7aa28ae30585ce595b75192b89d9f037874677683a6aa2c68ab2bb6c128c9f2
4026531900;2147487781;3003;4026531968;3139371008;3007;2147483728;3;15171619;2147487780;3139371008;2147483732;0;80001024bb1f00008000005400;852f32bfd8a89815e53c6268ae12d9dfc61d16c1e434275a59b025cf5f394ed9
4026531872;3766484880;2356;3766484860;37;2994;2147483732;0;4274268035;4026531900;37;2147483736;0;f000003c000000258000005800;6cb23b9154f2e57726a75e76b9a4970b7739f658887614f0136267147c19666b
4026531900;37;3009;0;0;0;2147483736;0;1542035;4026531900;38;2147483740;0;f000003c000000268000005c00;72a79e24bbecbd5ef3bf408f0e4ac8124c497120d0d524e7f0a23711a64b7d8f
4026531872;3766484880;2356;4026531900;38;3010;2147483740;0;4277413411;3766484860;38;2147483744;0;e07fff7c000000268000006000;0ab0898e4c34bfb74a5a481cd261dffaacd04c6c036fc894ac61a44db0fc4dd4
4026531872;3766484880;2356;3766484860;38;3011;2147483744;0;4274267907;4026531896;38;2147483748;0;f0000038000000268000006400;5dc427770e422246a108dee0c3c360fe8c69b2d99607c98763d5cb1aa15d395c
4026531872;3766484880;2356;3766484836;70;2359;2147483748;0;4249102211;4026531900;70;2147483752;0;f000003c000000468000006800;f3053450b91984ef83b396f280082c8f403b2d2725a842fa8e2091f731d03662
4026531896;38;3012;4026531900;70;3013;2147483752;0;4244072163;0;0;2147483700;0;00000000000000008000003400;20a29d4984cb63b0a57db9714f7ae76754bc1ea889f32165c8a7b07bc4ce4a17
4026531872;3766484880;2356;3766484852;3766484900;2363;2147483700;0;4265879299;4026531896;3766484900;2147483704;0;f0000038e07fffa48000003800;81e3f2c7fec28d84584545c889056b259a86126144ef5b111d9e8a62cdce18cb
4026531872;3766484880;2356;3766484860;38;3011;2147483704;0;4274268035;4026531900;38;2147483708;0;f000003c000000268000003c00;3e04da2eeffb04398be7c9103799b69c90ad3cba89ee22b48c0ae23cbff94383
4026531896;3766484900;3015;4026531900;38;3016;2147483708;0;16189235;4026531896;3766484938;2147483712;0;f0000038e07fffca8000004000;a6d8ee3dbdbab1cfd30d754cd906874d79930e21975f561a8b8a4e24b76b5c20
4026531872;3766484880;2356;3766484856;2147487744;2361;2147483712;0;4270073475;4026531892;2147487744;2147483716;0;f0000034800010008000004400;14d50a9fc715ad5474af0cd3d6ec99c71463453e887b4684f1974ea8f3376d70
4026531872;3766484880;2356;3766484860;38;3011;2147483716;0;4274268035;4026531900;38;2147483720;0;f000003c000000268000004800;12d03f235e8c93d6f2bcbef448e011040e76b608e38b238297b1fc02f8ed97eb
4026531892;2147487744;3018;4026531900;38;3019;2147483720;0;16156595;4026531900;2147487782;2147483724;0;f000003c800010268000004c00;664f7b0bef3f9798077e81c11d44c9523edd15a12e98935643b92b98c8cfacfc
4026531896;3766484938;3017;3766484936;0;1780;2147483724;0;476931;4026531896;0;2147483728;0;f0000038000000008000005000;81ee2fc556bc90b96044b550ff01e4b1328cdd878ab76c389e6cabae5a6fe675
4026531900;2147487782;3020;2147487780;3139371008;3008;2147483728;0;15171619;4026531968;3137339392;2147483728;1;f0000080bb0000008000005001;cf6c9e7885db5a16a6b1e26ec63e2b6708cec83e3c3c125bd3751f001d2acc1c
4026531900;2147487782;3020;4026531896;0;3021;2147483728;1;15171619;4026531972;0;2147483728;2;f0000084000000008000005002;b4c799e5163e885d69313f8ea201377892aa526084b761988c1b04d33062b93e
4026531968;3137339392;3022;4026531972;0;3023;2147483728;2;15171619;4026531968;3137339392;2147483728;3;f0000080bb0000008000005003;7d5c7d20510080e8f0555f6d20be63ec22c2412e854c4707ecd460c32b8c681a
4026531900;2147487782;3020;4026531968;3137339392;3024;2147483728;3;15171619;2147487780;3137339392;2147483732;0;80001024bb0000008000005400;d5b2ead2e3ba3b0f1f713306389db882b20c119482436aeb9a351581bb228ecb
4026531872;3766484880;2356;3766484860;38;3011;2147483732;0;4274268035;4026531900;38;2147483736;0;f000003c000000268000005800;ccaedcb211394e57ee2360ee10437dba821d211ba60169dc76cbbab966d8336c
4026531900;38;3026;0;0;0;2147483736;0;1542035;4026531900;39;2147483740;0;f000003c000000278000005c00;f11bad6fc0e8ff8ff888c3af42120236fb6be2f65b4c3d950d9ac2500f0c7c3f
4026531872;3766484880;2356;4026531900;39;3027;2147483740;0;4277413411;3766484860;39;2147483744;0;e07fff7c000000278000006000;a3d7183abfc5529dc89ac27d15f6b280d814fca3699eca1cc56a6f3e516c30e5
4026531872;3766484880;2356;3766484860;39;3028;2147483744;0;4274267907;4026531896;39;2147483748;0;f0000038000000278000006400;01c4d3513ae94b01c915d8144f40d0dd2e1dbdcf9bbe92ed8ad4e73a9fd4593d
4026531872;3766484880;2356;3766484836;70;2359;2147483748;0;4249102211;4026531900;70;2147483752;0;f000003c000000468000006800;4b372fb5e20460da25606a8fa0a29f767687cc2ea30db3a31ce00205ef4bd803
4026531896;39;3029;4026531900;70;3030;2147483752;0;4244072163;0;0;2147483700;0;00000000000000008000003400;ca9107b47acf409430df6cfd0002786f10b111eb8a2e36dc07f310347d2546cd
4026531872;3766484880;2356;3766484852;3766484900;2363;2147483700;0;4265879299;4026531896;3766484900;2147483704;0;f0000038e07fffa48000003800;52c40dca7bfbcf1b78fc05d3a6e11c91a4620278edf20aa12151ee03ea5bbffa
4026531872;3766484880;2356;3766484860;39;3028;2147483704;0;4274268035;4026531900;39;2147483708;0;f000003c000000278000003c00;06a07c76d045bc4f4fed1af79e19e06e5df405c7de766b27e2daa842cd12ba85
4026531896;3766484900;3032;4026531900;39;3033;2147483708;0;16189235;4026531896;3766484939;2147483712;0;f0000038e07fffcb8000004000;f3b22fb27802492b56069b5862476e81ac222b908c6a5b3443daa1b6907aacfd
4026531872;3766484880;2356;3766484856;2147487744;2361;2147483712;0;4270073475;4026531892;2147487744;2147483716;0;f0000034800010008000004400;eafb619354526f3b48f82801f94974d31a801e6ce99d8954ad61783b4227290f
4026531872;3766484880;2356;3766484860;39;3028;2147483716;0;4274268035;4026531900;39;2147483720;0;f000003c000000278000004800;654f0d3ac9318a976ebb6301966394ce493c67f4a429ae8b4540bfdfdca8efdb
4026531892;2147487744;3035;4026531900;39;3036;2147483720;0;16156595;4026531900;2147487783;2147483724;0;f000003c800010278000004c00;991f95a722f09ac8a6e41cec7a7c2ccafbcd956c5c5bf9aa8b4e7a787df4cd55
4026531896;3766484939;3034;3766484936;0;1780;2147483724;0;476931;4026531896;0;2147483728;0;f0000038000000008000005000;2466c8a407c53f8d53b74f81122a5cd453b8930cad9f2e9408be133b22a5c43e
4026531900;2147487783;3037;2147487780;3137339392;3025;2147483728;0;15171619;4026531968;0;2147483728;1;f0000080000000008000005001;655e4453fd909738052f65a6c23f3371a7af9776e2b92165b6da09bdc76be658
4026531900;2147487783;3037;4026531896;0;3038;2147483728;1;15171619;4026531972;0;2147483728;2;f0000084000000008000005002;b1217c6e36eeece24103467fb036088baa89e75f722477e322b8984fc2b582d2
4026531968;0;3039;4026531972;0;3040;2147483728;2;15171619;4026531968;0;2147483728;3;f0000080000000008000005003;3157f0da361980f0482d9e1fa07a07d5d793e76ced37fb32324f825fe1ba7be8
4026531900;2147487783;3037;4026531968;0;3041;2147483728;3;15171619;2147487780;0;2147483732;0;80001024000000008000005400;e16eea7158eda913df322c15e8527804d65d54e9d34ec9564e553107eb80eb0e
4026531872;3766484880;2356;3766484860;39;3028;2147483732;0;4274268035;4026531900;39;2147483736;0;f000003c000000278000005800;e447a8230bb81ec12e17a58e8a7efe9b276ebadc9a4a7ae9abbbe713473d184b
4026531900;39;3043;0;0;0;2147483736;0;1542035;4026531900;40;2147483740;0;f000003c000000288000005c00;b1b7cb9e497db6cafcd86b8d67fa37cc212805f31f5088ad48071211b259e8f3
4026531872;3766484880;2356;4026531900;40;3044;2147483740;0;4277413411;3766484860;40;2147483744;0;e07fff7c000000288000006000;92b85db0807eb6847f136502a9929f6c5da7cb70332c232e26afcbfb6a7a2e4e
4026531872;3766484880;2356;3766484860;40;3045;2147483744;0;4274267907;4026531896;40;2147483748;0;f0000038000000288000006400;c73f60eb75069cf19c55d1432b9ba417f46d585993661efb31b72a156de2a6dc
4026531872;3766484880;2356;3766484836;70;2359;2147483748;0;4249102211;4026531900;70;2147483752;0;f000003c000000468000006800;0b0ea786df8bd757a14b3dc2f761584cc6cbd71123f1e911374a0f2ff1386400
4026531896;40;3046;4026531900;70;3047;2147483752;0;4244072163;0;0;2147483700;0;00000000000000008000003400;b517744857357e2bce4b0c0c8f49f78c022112a2e77de6776c94c7b69b16e747
4026531872;3766484880;2356;3766484852;3766484900;2363;2147483700;0;4265879299;4026531896;3766484900;2147483704;0;f0000038e07fffa48000003800;d7332cca2db0ab7df22a9fdcc377dfae6487735510434eff3f8ab643b298936c
4026531872;3766484880;2356;3766484860;40;3045;2147483704;0;4274268035;4026531900;40;2147483708;0;f000003c000000288000003c00;d6b060f2dc68bb5f7f41e211f08fc568c6b71879c898f958a5e02d9ed942df39
4026531896;3766484900;3049;4026531900;40;3050;2147483708;0;16189235;4026531896;3766484940;2147483712;0;f0000038e07fffcc8000004000;be414e1595dc7b7fc674e0474aad4777b331722b5981fb286a317d9abe4b3ace
4026531872;3766484880;2356;3766484856;2147487744;2361;2147483712;0;4270073475;4026531892;2147487744;2147483716;0;f0000034800010008000004400;c48bda9d8ed248092cc7ecb9f42c5b7be8570ff44da682f45c97657c0da1ae02
4026531872;3766484880;2356;3766484860;40;3045;2147483716;0;4274268035;4026531900;40;2147483720;0;f000003c000000288000004800;cdf02c3904483efe49a5fd961976f11db1ca60e90e8a04cef448c5d0f5e6010b
4026531892;2147487744;3052;4026531900;40;3053;2147483720;0;16156595;4026531900;2147487784;2147483724;0;f000003c800010288000004c00;2586fe43f0f7ea9c995612cd56aa63db084fe2380cb357796c38918a25262834
4026531896;3766484940;3051;3766484940;0;1840;2147483724;0;476931;4026531896;0;2147483728;0;f0000038000000008000005000;4f1644fe5ab56f1455b79ac3135f7ec84bf32194f197fea06691dc5a40f3815c
4026531900;2147487784;3054;2147487784;329491;4294967295;2147483728;0;15171619;4026531968;329472;2147483728;1;f0000080000507008000005001;cbde3593c43a53f91613596c00a671e0bcacc2ffa7740931963dc2853ba8553b
4026531900;2147487784;3054;4026531896;0;3055;2147483728;1;15171619;4026531972;0;2147483728;2;f0000084000000008000005002;4f68203cd785175015e281b9199387e42478e90fa74bdbe0b033b0a19bb0db3b
4026531968;329472;3056;4026531972;0;3057;2147483728;2;15171619;4026531968;329472;2147483728;3;f0000080000507008000005003;a1326053c502e71ced14922f87d7b6606e43b0d39ae133e7c4761c8655c1d7c7
4026531900;2147487784;3054;4026531968;329472;3058;2147483728;3;15171619;2147487784;329472;2147483732;0;80001028000507008000005400;6324e0a26b4b474b16d78d88775a85caa9eb9350a0c322290144878dc8dcc450
4026531872;3766484880;2356;3766484860;40;3045;2147483732;0;4274268035;4026531900;40;2147483736;0;f000003c000000288000005800;7be028b7af6ff8eb891d6bc4fdd95a0cced642dad488cf51bd90682ad4b6f40c
4026531900;40;3060;0;0;0;2147483736;0;1542035;4026531900;41;2147483740;0;f000003c000000298000005c00;f45ea4b653e0a31475625c28f7865b64b181574ef4484302c13304f335b2cceb
4026531872;3766484880;2356;4026531900;41;3061;2147483740;0;4277413411;3766484860;41;2147483744;0;e07fff7c000000298000006000;43740ab59a9cdf1c2e36f08e2f8a2fddca81d80b2d48ebbd38354768ba1e4b66
4026531872;3766484880;2356;3766484860;41;3062;2147483744;0;4274267907;4026531896;41;2147483748;0;f0000038000000298000006400;db90823954e4e2ea195eb859e436e38b34c967fe5d4153359cf414e270ce6695
4026531872;3766484880;2356;3766484836;70;2359;2147483748;0;4249102211;4026531900;70;2147483752;0;f000003c000000468000006800;efd04cb37682061e5ac768b3771b01d02276d41c26a0930dfd94518e2bd31d22
4026531896;41;3063;4026531900;70;3064;2147483752;0;4244072163;0;0;2147483700;0;00000000000000008000003400;3c36e5ee9989904dee6b07bed3a9b579d1314c03b9d9ce1bd7e3e8f9fd62b8ef
4026531872;3766484880;2356;3766484852;3766484900;2363;2147483700;0;4265879299;4026531896;3766484900;2147483704;0;f0000038e07fffa48000003800;591f90a6631583e33e2b15b9910c6a6e3d248aede68a2ecf38ba659872010307
4026531872;3766484880;2356;3766484860;41;3062;2147483704;0;4274268035;4026531900;41;2147483708;0;f000003c000000298000003c00;adacb6eab07531fe6a2314a0dcb9f9aadb51fa006d279777ddd77e435e81317e
4026531896;3766484900;3066;4026531900;41;3067;2147483708;0;16189235;4026531896;3766484941;2147483712;0;f0000038e07fffcd8000004000;6d1a706757eddec987172a8de4a166cafe978fe6c18605cd1f3f403211e85a92
4026531872;3766484880;2356;3766484856;2147487744;2361;2147483712;0;4270073475;4026531892;2147487744;2147483716;0;f0000034800010008000004400;881d48ebd24a51748ee62033d82758ebd1926bc86511b888e402e9b980195318
4026531872;3766484880;2356;3766484860;41;3062;2147483716;0;4274268035;4026531900;41;2147483720;0;f000003c000000298000004800;69c6b9a5e2e02b489d29d7da6de56644d34226c4900f80070a0f3c03be78eae6
4026531892;2147487744;3069;4026531900;41;3070;2147483720;0;16156595;4026531900;2147487785;2147483724;0;f000003c800010298000004c00;6b9005403327a7ecff2cf364b4e8bed14fb56cdebb7c841f460b289526a073e7
4026531896;3766484941;3068;3766484940;0;1840;2147483724;0;476931;4026531896;0;2147483728;0;f0000038000000008000005000;7cfdaf6f7d3888bc02ae63c446642b553d9ca80dd75ab74833ff37dc19251ac6
4026531900;2147487785;3071;2147487784;329472;3059;2147483728;0;15171619;4026531968;327680;2147483728;1;f0000080000500008000005001;ab91d644c095f67c5d015423c86ec41698a9000835f76ff5aa603cd0150a9e39
4026531900;2147487785;3071;4026531896;0;3072;2147483728;1;15171619;4026531972;0;2147483728;2;f0000084000000008000005002;4ceddd6c8a08ccc05dec97d03e2bad6e59c90b2eb3f646a00903907bd473ccd8
4026531968;327680;3073;4026531972;0;3074;2147483728;2;15171619;4026531968;327680;2147483728;3;f0000080000500008000005003;ff0657e526dfdfeb2cf1c74ff10b2bbcee1638e8f9e6764850e3f16e31df4f1c
4026531900;2147487785;3071;4026531968;327680;3075;2147483728;3;15171619;2147487784;327680;2147483732;0;80001028000500008000005400;919c67da16255ecb6e5b8773b46efbf909b3cedfe0f007627980c37ce6abeb3b
4026531872;3766484880;2356;3766484860;41;3062;2147483732;0;4274268035;4026531900;41;2147483736;0;f000003c000000298000005800;4e544dca4918043ff95abf8fbe33c474bce24cbe2608d192477871d973b7d1e0
4026531900;41;3077;0;0;0;2147483736;0;1542035;4026531900;42;2147483740;0;f000003c0000002a8000005c00;96f74603ff2a2d39d7ccb72aaa75feaa4e6c9189a20befca25c3d0993a67f9d5
4026531872;3766484880;2356;4026531900;42;3078;2147483740;0;4277413411;3766484860;42;2147483744;0;e07fff7c0000002a8000006000;131ac760b89b4afde8c2349202ce44ddb484099709e88548990384dd0ad191bb
4026531872;3766484880;2356;3766484860;42;3079;2147483744;0;4274267907;4026531896;42;2147483748;0;f00000380000002a8000006400;b67741a3aabf4b96f5a680af34c20655fbfb99da731c76758f1d7f3da486475e
4026531872;3766484880;2356;3766484836;70;2359;2147483748;0;4249102211;4026531900;70;2147483752;0;f000003c000000468000006800;08911dfb1e902d7e2efdc11b60132fcb5153406f785b67843747b7163da1473a
4026531896;42;3080;4026531900;70;3081;2147483752;0;4244072163;0;0;2147483700;0;00000000000000008000003400;09a0f3812aa4eaa02a53b3b2ebeee79cccff5a1e153e1ebeaa50e7ebd1aa0f2b
4026531872;3766484880;2356;3766484852;3766484900;2363;2147483700;0;4265879299;4026531896;3766484900;2147483704;0;f0000038e07fffa48000003800;2d0f116e61f7f0c7902c987f6018438fa520387d15877bc93d421abaf52b52af
4026531872;3766484880;2356;3766484860;42;3079;2147483704;0;4274268035;4026531900;42;2147483708;0;f000003c0000002a8000003c00;79ecb790b6b2948d766000890fdd9cbf4bdf9098516949cb2f2d0922a11fbd55
4026531896;3766484900;3083;4026531900;42;3084;2147483708;0;16189235;4026531896;3766484942;2147483712;0;f0000038e07fffce8000004000;313d1c96c97bb4a2c9fccbdf8a52f68a2eef95b48e5da406a22f35a03d1426af
4026531872;3766484880;2356;3766484856;2147487744;2361;2147483712;0;4270073475;4026531892;2147487744;2147483716;0;f0000034800010008000004400;371999140bd8fa41bfddedecd795f3b7d2c8855f1e0b99610c9b56533d1fa666
4026531872;3766484880;2356;3766484860;42;3079;2147483716;0;4274268035;4026531900;42;2147483720;0;f000003c0000002a8000004800;7140895423d5eece6cde1644dc36d34cfa5867a4785cdae985e9f4a9b6bc030a
4026531892;2147487744;3086;4026531900;42;3087;2147483720;0;16156595;4026531900;2147487786;2147483724;0;f000003c8000102a8000004c00;3cd9f04f36024bf9821461bec1af43ce922a47a845ce211d617f799db7b7e7a0
4026531896;3766484942;3085;3766484940;0;1840;2147483724;0;476931;4026531896;0;2147483728;0;f0000038000000008000005000;fb975c38ce1f6ba70590cec82e2abd37bd74c3287e74951799084912d270af61
4026531900;2147487786;3088;2147487784;327680;3076;2147483728;0;15171619;4026531968;0;2147483728;1;f0000080000000008000005001;6c2271d2abd3510995e97cde376e606469f0e32fb82d3d6a3b668e4f30b6a716
4026531900;2147487786;3088;4026531896;0;3089;2147483728;1;15171619;4026531972;0;2147483728;2;f0000084000000008000005002;607580344a5aa01438fded3257d6aa035eca5660aba45b5eed41522f241637d8
4026531968;0;3090;4026531972;0;3091;2147483728;2;15171619;4026531968;0;2147483728;3;f0000080000000008000005003;4c0b23b15b9df61d1398520ed38bb9237d8aedb020769e8ec1607d9d542db371
4026531900;2147487786;3088;4026531968;0;3092;2147483728;3;15171619;2147487784;0;2147483732;0;80001028000000008000005400;a944193af7e9801075b3a059c9e9528c687b52f6ffc94c7d587b1b3db7c78755
4026531872;3766484880;2356;3766484860;42;3079;2147483732;0;4274268035;4026531900;42;2147483736;0;f000003c0000002a8000005800;94757a3ed3bb5edb3b10dbad06b3d9246800e5c9203c84f9869824955b37c5f5
4026531900;42;3094;0;0;0;2147483736;0;1542035;4026531900;43;2147483740;0;f000003c0000002b8000005c00;f323d0fa04ab09dd710e284613bfd1c689a73024cec0020d941eefe0f6d2adf8
4026531872;3766484880;2356;4026531900;43;3095;2147483740;0;4277413411;3766484860;43;2147483744;0;e07fff7c0000002b8000006000;eae50aa1878302dd042e76816b1334f1a7d71e8d85a2542817bb7fb64f9332c0
4026531872;3766484880;2356;3766484860;43;3096;2147483744;0;4274267907;4026531896;43;2147483748;0;f00000380000002b8000006400;092fb4d252e547d68eaadfc1479e1d1a8f745ee6180d49d2c45e6527fafda57c
4026531872;3766484880;2356;3766484836;70;2359;2147483748;0;4249102211;4026531900;70;2147483752;0;f000003c000000468000006800;767636cfa994d2f62e7b3bee4d158b1e97299a5902009f83d3af414dfa89d0e5
4026531896;43;3097;4026531900;70;3098;2147483752;0;4244072163;0;0;2147483700;0;00000000000000008000003400;0cff2fed74a59ca9e4283ecb656b07ccdd003c44ee249f7b5482f02db4535c96
4026531872;3766484880;2356;3766484852;3766484900;2363;2147483700;0;4265879299;4026531896;3766484900;2147483704;0;f0000038e07fffa48000003800;ba8b9c59bb177cdb36ed70bd29e5afbc2b554cf7d3fb00ec0822c73f438e2c50
4026531872;3766484880;2356;3766484860;43;3096;2147483704;0;4274268035;4026531900;43;2147483708;0;f000003c0000002b8000003c00;0770b4a83a75cbbda5096fc57205a31dcc074a73e686bde4f003b985e1877418
4026531896;3766484900;3100;4026531900;43;3101;2147483708;0;16189235;4026531896;3766484943;2147483712;0;f0000038e07fffcf8000004000;0e411b697917b51335e161db57808e1518d1e2f057ff964e05460b4fe0017a93
4026531872;3766484880;2356;3766484856;2147487744;2361;2147483712;0;4270073475;4026531892;2147487744;2147483716;0;f0000034800010008000004400;fc89c92d841d16060fd03f29cca80a7a4cc5091066a40d2a71a8eb9f01bd45c9
4026531872;3766484880;2356;3766484860;43;3096;2147483716;0;4274268035;4026531900;43;2147483720;0;f000003c0000002b8000004800;fb1267a5e4b50ccf36d13052d80d10eafc03825b85138b4c43086d20816d3407
4026531892;2147487744;3103;4026531900;43;3104;2147483720;0;16156595;4026531900;2147487787;2147483724;0;f000003c8000102b8000004c00;f32afdde7709c24b2a423cd3c1a27872449c443648198f14247b8bd2a6cb63d0
4026531896;3766484943;3102;3766484940;0;1840;2147483724;0;476931;4026531896;0;2147483728;0;f0000038000000008000005000;20074ce8a65b24bd752b7f06565934e6c9852f6299ae10e88ddd5fac450f4842
4026531900;2147487787;3105;2147487784;0;3093;2147483728;0;15171619;4026531968;0;2147483728;1;f0000080000000008000005001;31a5248db4e572e5dbc2150e232baf487e9f45a1412f5ef67afd2ff0e92275e3
4026531900;2147487787;3105;4026531896;0;3106;2147483728;1;15171619;4026531972;0;2147483728;2;f0000084000000008000005002;ae067a796923c3c1de1cbad17cd273ff5150253a2fe46ff60cbd864f96e25d80
4026531968;0;3107;4026531972;0;3108;2147483728;2;15171619;4026531968;0;2147483728;3;f0000080000000008000005003;dcab5b29645e77bf49c738ecab83928f8ee4c882b32f07ce1f19e5fd09070567
4026531900;2147487787;3105;4026531968;0;3109;2147483728;3;15171619;2147487784;0;2147483732;0;80001028000000008000005400;11587939b1833440f107659922c54a110f7ed23dc864bcb053345ec118a4d609
4026531872;3766484880;2356;3766484860;43;3096;2147483732;0;4274268035;4026531900;43;2147483736;0;f000003c0000002b8000005800;db4ad87559791ebe1b30fd434bc89cf00023cac1ad2f9f0b664f6c40da647d63
4026531900;43;3111;0;0;0;2147483736;0;1542035;4026531900;44;2147483740;0;f000003c0000002c8000005c00;8876aff0bf04e5d85e3626be4acba964ca58e6f0776f005d505c6090cf0a1523
4026531872;3766484880;2356;4026531900;44;3112;2147483740;0;4277413411;3766484860;44;2147483744;0;e07fff7c0000002c8000006000;59784c8c49eb9dd431e3611c8f0c140471599cdc58da95138b0041aa4f4086ef
4026531872;3766484880;2356;3766484860;44;3113;2147483744;0;4274267907;4026531896;44;2147483748;0;f00000380000002c8000006400;7f195f46c46e77cde12f9a998ca551e1394852c3b33c2b232640563b1446132d
4026531872;3766484880;2356;3766484836;70;2359;2147483748;0;4249102211;4026531900;70;2147483752;0;f000003c000000468000006800;379fadea3509af951d60227685a0e107b25d36f2a94d7eb3f25a978aae939161
4026531896;44;3114;4026531900;70;3115;2147483752;0;4244072163;0;0;2147483700;0;00000000000000008000003400;7bae29fa6c2afd3a9aa3a9896ed96d38efde001b98626fead7b472db17791bcc
4026531872;3766484880;2356;3766484852;3766484900;2363;2147483700;0;4265879299;4026531896;3766484900;2147483704;0;f0000038e07fffa48000003800;be9e573d3fb83572c44898d6d80157bf0684942c07fe44e9beaee17b4c573661
4026531872;3766484880;2356;3766484860;44;3113;2147483704;0;4274268035;4026531900;44;2147483708;0;f000003c0000002c8000003c00;d607bd71389383b886c5ef203e103d3902c15d224a30068efca9655168d8ca1e
4026531896;3766484900;3117;4026531900;44;3118;2147483708;0;16189235;4026531896;3766484944;2147483712;0;f0000038e07fffd08000004000;2ec8f27a1a3c8a704a56cb7d9cba083b9cf6441f881e8f59e30b2d4b40bb52d6
4026531872;3766484880;2356;3766484856;2147487744;2361;2147483712;0;4270073475;4026531892;2147487744;2147483716;0;f0000034800010008000004400;d07f4e115f153c83b05412173d158fc11220be1bfed1d9b87887f3b50810fab7
4026531872;3766484880;2356;3766484860;44;3113;2147483716;0;4274268035;4026531900;44;2147483720;0;f000003c0000002c8000004800;330b4c286d1f20d505646fa0f498de576abbe722ba7fa2d3b86cb5960a2c0eaf
4026531892;2147487744;3120;4026531900;44;3121;2147483720;0;16156595;4026531900;2147487788;2147483724;0;f000003c8000102c8000004c00;cfd293b694ed8f2be271a65ac2a164138dcab1d88500cbad393f77d62aeeb278
4026531896;3766484944;3119;3766484944;0;1900;2147483724;0;476931;4026531896;0;2147483728;0;f0000038000000008000005000;a7a4023339de8e29a58eba7e61552587d7226458ca7d0da76cf42b0bb499fd92
4026531900;2147487788;3122;2147487788;362387;4294967295;2147483728;0;15171619;4026531968;362240;2147483728;1;f0000080000587008000005001;ae717953a081b7df39da27044cc08ff7975e787b575253daa9cf8788693481cb
4026531900;2147487788;3122;4026531896;0;3123;2147483728;1;15171619;4026531972;0;2147483728;2;f0000084000000008000005002;0de1eaa500a1ed268bf8128c460903e3db5c6bc7ac671d01dc7cc437f6e619cb
4026531968;362240;3124;4026531972;0;3125;2147483728;2;15171619;4026531968;362240;2147483728;3;f0000080000587008000005003;c8dc9bdecf61cae1892969d2acb30acad5f72f09ab19f07291e7d797625e7f17
4026531900;2147487788;3122;4026531968;362240;3126;2147483728;3;15171619;2147487788;362240;2147483732;0;8000102c000587008000005400;9cf040ae667bf918f231a1f9648ef20312c810f5b8f429431d91928fd301c2f8
4026531872;3766484880;2356;3766484860;44;3113;2147483732;0;4274268035;4026531900;44;2147483736;0;f000003c0000002c8000005800;45e0cad3cfc8eb06b7db346da1d4c4abb4c09f38b8767bb70ca6dfd5a71f5cce
4026531900;44;3128;0;0;0;2147483736;0;1542035;4026531900;45;2147483740;0;f000003c0000002d8000005c00;9ebfef7fe2638acd73c59ca11b7d86715e9a14f89143f82a0e9dc3e5dd26d64b
4026531872;3766484880;2356;4026531900;45;3129;2147483740;0;4277413411;3766484860;45;2147483744;0;e07fff7c0000002d8000006000;8da3a39cb42925230b9c055d97047572518b6d3bcf9f48a8fe3c4f4b8418e5e8
4026531872;3766484880;2356;3766484860;45;3130;2147483744;0;4274267907;4026531896;45;2147483748;0;f00000380000002d8000006400;a5c5bef65d2257a798b45537fc6b86f85135a6e0788fd12e53e3295e4ec2e6c8
4026531872;3766484880;2356;3766484836;70;2359;2147483748;0;4249102211;4026531900;70;2147483752;0;f000003c000000468000006800;75dd8b44ea78eef76c35c0d51e86b7321b7cd506c0cb2ec1143f6048280e3105
4026531896;45;3131;4026531900;70;3132;2147483752;0;4244072163;0;0;2147483700;0;00000000000000008000003400;0e628bb999b84d7c4550425be28226bc0218d81a4878d4005e1114e27825ba6a
4026531872;3766484880;2356;3766484852;3766484900;2363;2147483700;0;4265879299;4026531896;3766484900;2147483704;0;f0000038e07fffa48000003800;dee79922f66df9d00a53b1df7ed9c1c76db414d2c1228b389eab368f85b1f425
4026531872;3766484880;2356;3766484860;45;3130;2147483704;0;4274268035;4026531900;45;2147483708;0;f000003c0000002d8000003c00;839d89d42a0481cc0046585048c52ccfa4cb14048f9017ab1c434a543e9654dd
4026531896;3766484900;3134;4026531900;45;3135;2147483708;0;16189235;4026531896;3766484945;2147483712;0;f0000038e07fffd18000004000;a482c20ad4e0f76485c97a23814724146f9a27fc102e774e919024c39e3c94be
4026531872;3766484880;2356;3766484856;2147487744;2361;2147483712;0;4270073475;4026531892;2147487744;2147483716;0;f0000034800010008000004400;c4f7bc098ecb037f30d59cc8d5ec4301d3ad8f76e00e0d1851ef5a964770045a
4026531872;3766484880;2356;3766484860;45;3130;2147483716;0;4274268035;4026531900;45;2147483720;0;f000003c0000002d8000004800;7df85027891b9beaf1c1533d4d4e9bd9083075679b52f87b4c8577a89f5b5bd8
4026531892;2147487744;3137;4026531900;45;3138;2147483720;0;16156595;4026531900;2147487789;2147483724;0;f000003c8000102d8000004c00;21386523f9424da5c9f0ce0e1cb6a20dff220e770bf076dc3b6933d5ca70b78f
4026531896;3766484945;3136;3766484944;0;1900;2147483724;0;476931;4026531896;0;2147483728;0;f0000038000000008000005000;0325f47a090bd9288461fef5c20411ad04e5689ae74289838dc19747986bb2ba
4026531900;2147487789;3139;2147487788;362240;3127;2147483728;0;15171619;4026531968;327680;2147483728;1;f0000080000500008000005001;4cc71e3675a57207e3ed61363162feb1a8f13f69f2de82318abd1bd59798a9f5
4026531900;2147487789;3139;4026531896;0;3140;2147483728;1;15171619;4026531972;0;2147483728;2;f0000084000000008000005002;43678a6d98ad494c8f5857be3a5982c3cd738bdb656835d4f4af096b0c4c2540
4026531968;327680;3141;4026531972;0;3142;2147483728;2;15171619;4026531968;327680;2147483728;3;f0000080000500008000005003;e8bef6bb17dce5af3025a0b8223731cd78e20a3abd8657d63a912f86747ce9ae
4026531900;2147487789;3139;4026531968;327680;3143;2147483728;3;15171619;2147487788;327680;2147483732;0;8000102c000500008000005400;c740c2825b056d789fe3da8fefaf8cee9374febd83ba289699b29a044d0f75cc
4026531872;3766484880;2356;3766484860;45;3130;2147483732;0;4274268035;4026531900;45;2147483736;0;f000003c0000002d8000005800;7b3a779dd198ca5422568aac842e608126569276f36512a214b15a843b69c568
4026531900;45;3145;0;0;0;2147483736;0;1542035;4026531900;46;2147483740;0;f000003c0000002e8000005c00;a984f010df1b9c42dfe1cc39f03e484c83b395aa95bd355df7b7db382d6685e0
4026531872;3766484880;2356;4026531900;46;3146;2147483740;0;4277413411;3766484860;46;2147483744;0;e07fff7c0000002e8000006000;09176343e75d3174067a451e802dccdd249030c69168554b9c1c71f528bb931b
4026531872;3766484880;2356;3766484860;46;3147;2147483744;0;4274267907;4026531896;46;2147483748;0;f00000380000002e8000006400;0618521e0f1eee5f13cf7cd0bbe8a9e73e9c68b26f737527c952166831040269
4026531872;3766484880;2356;3766484836;70;2359;2147483748;0;4249102211;4026531900;70;2147483752;0;f000003c000000468000006800;cf98c3c1e6021b77904b9a3f7cbeb8fe7b615f99f22c3268e6d9c5cb61178bc6
4026531896;46;3148;4026531900;70;3149;2147483752;0;4244072163;0;0;2147483700;0;00000000000000008000003400;26b09050a577ed78d59e103f7faa7898c8f5eed27440201d88e6ba0261b7b09b
4026531872;3766484880;2356;3766484852;3766484900;2363;2147483700;0;4265879299;4026531896;3766484900;2147483704;0;f0000038e07fffa48000003800;2b4ef7361fee11d3abcd586cfdcbfba014b24578bf6005bf7d0a2e4924ca1468
4026531872;3766484880;2356;3766484860;46;3147;2147483704;0;4274268035;4026531900;46;2147483708;0;f000003c0000002e8000003c00;31456ec619b84a0bb8d86fd711e76a5911507b7406e0bb47097ff3cb21bd02e1
4026531896;3766484900;3151;4026531900;46;3152;2147483708;0;16189235;4026531896;3766484946;2147483712;0;f0000038e07fffd28000004000;84de37ee32876e98d2bd6227166c4c01c225854a7a848cd1f29a912f185206c8
4026531872;3766484880;2356;3766484856;2147487744;2361;2147483712;0;4270073475;4026531892;2147487744;2147483716;0;f0000034800010008000004400;b73345c63ae463e5b0b6d49d3f2c3197da0a05c833c7b4e80d4f0deb0564df20
4026531872;3766484880;2356;3766484860;46;3147;2147483716;0;4274268035;4026531900;46;2147483720;0;f000003c0000002e8000004800;2fe40ef65848ad3c9f937d1c5284c6274ed942201dd2282de255e6002b930192
4026531892;2147487744;3154;4026531900;46;3155;2147483720;0;16156595;4026531900;2147487790;2147483724;0;f000003c8000102e8000004c00;c19e1012d7be040d4349313f313affabf16ab9cafd2a66ad423364e96e0bf815
4026531896;3766484946;3153;3766484944;0;1900;2147483724;0;476931;4026531896;0;2147483728;0;f0000038000000008000005000;53a9efef6d796077db136ba7fa31601a3faabb1f81a128fb89520692166a4598
4026531900;2147487790;3156;2147487788;327680;3144;2147483728;0;15171619;4026531968;0;2147483728;1;f0000080000000008000005001;3190687e49a78f9548cddf7a5c8060b98db7935d6a7d5a45beb93e6bba8f5c52
4026531900;2147487790;3156;4026531896;0;3157;2147483728;1;15171619;4026531972;0;2147483728;2;f0000084000000008000005002;10f03f7993472629a62fa7c8a423b33a28390a02eedf50936263a154e751c041
4026531968;0;3158;4026531972;0;3159;2147483728;2;15171619;4026531968;0;2147483728;3;f0000080000000008000005003;af86cf8536ec9d9f9389c07c71723ff6565fffb595dbe1f925dc25da83c38605
4026531900;2147487790;3156;4026531968;0;3160;2147483728;3;15171619;2147487788;0;2147483732;0;8000102c000000008000005400;68200fc1f07603f4f210743406536906c47f8b8d422499ed28985c023e52b214
4026531872;3766484880;2356;3766484860;46;3147;2147483732;0;4274268035;4026531900;46;2147483736;0;f000003c0000002e8000005800;31d4c52d951ee4b6b4cd121692a618355f33713485b1431e12e7043574ddcbf6
4026531900;46;3162;0;0;0;2147483736;0;1542035;4026531900;47;2147483740;0;f000003c0000002f8000005c00;72ace2aab92e4d4a9c587c458313fe075766477e1d007436d71754bdcfc549a1
4026531872;3766484880;2356;4026531900;47;3163;2147483740;0;4277413411;3766484860;47;2147483744;0;e07fff7c0000002f8000006000;72fc89ee3bf4e3d935aad571d659e8d2364589409ff7ec1661a87d9ebedf83e6
4026531872;3766484880;2356;3766484860;47;3164;2147483744;0;4274267907;4026531896;47;2147483748;0;f00000380000002f8000006400;ce36ab5bea3b284879a73c6e8dbce8a0879e93d975b938d654a2a38813abafbe
4026531872;3766484880;2356;3766484836;70;2359;2147483748;0;4249102211;4026531900;70;2147483752;0;f000003c000000468000006800;177357a615ce25f504d857854ff47011526bf8217b66a457dee8edb7d695f760
4026531896;47;3165;4026531900;70;3166;2147483752;0;4244072163;0;0;2147483700;0;00000000000000008000003400;73245854e5ba378502361b2868659e73c3d3409ab4b2cf4099aa2ac33a6401e7
4026531872;3766484880;2356;3766484852;3766484900;2363;2147483700;0;4265879299;4026531896;3766484900;2147483704;0;f0000038e07fffa48000003800;af57e08d15ac12493941761f41cfe15d47a7dfe129ae48fab8324168e2db02b4
4026531872;3766484880;2356;3766484860;47;3164;2147483704;0;4274268035;4026531900;47;2147483708;0;f000003c0000002f8000003c00;1fed28bc7615dcc9bda073a30456812b4d4b624268012f6cf2c38dbe863fbf23
4026531896;3766484900;3168;4026531900;47;3169;2147483708;0;16189235;4026531896;3766484947;2147483712;0;f0000038e07fffd38000004000;4a79b48661f4300fc13feb21e796ae1ee36c6e600f15e2f2fc63b54032c5d049
4026531872;3766484880;2356;3766484856;2147487744;2361;2147483712;0;4270073475;4026531892;2147487744;2147483716;0;f0000034800010008000004400;5c3218e286490a5eb08b5822fd4eee2b021629fa5e6b10f1a49caa41cc42a578
4026531872;3766484880;2356;3766484860;47;3164;2147483716;0;4274268035;4026531900;47;2147483720;0;f000003c0000002f8000004800;37f189ec96f86a7f2a732ec13cdf597d2e07547f5c2e27fe625eb22ad6d28e26
4026531892;2147487744;3171;4026531900;47;3172;2147483720;0;16156595;4026531900;2147487791;2147483724;0;f000003c8000102f8000004c00;459413eb6a8557e2338d89f8b4f39428bbf4e8e8b320d1a571393d291e56f875
4026531896;3766484947;3170;3766484944;0;1900;2147483724;0;476931;4026531896;0;2147483728;0;f0000038000000008000005000;35eee492d3e2f99581b924e7db9e6e1bcdf62b9e8edad096c9f0a267e3313cb8
4026531900;2147487791;3173;2147487788;0;3161;2147483728;0;15171619;4026531968;0;2147483728;1;f0000080000000008000005001;ccad8a7ad2cebcfd81fecf08aa47cbd4f5ac7ec1d8796f5d24022738394f18f8
4026531900;2147487791;3173;4026531896;0;3174;2147483728;1;15171619;4026531972;0;2147483728;2;f0000084000000008000005002;ceff5155d5767b6ef422531a8b0c1e79285aecfccae6afc011a2560c004b0466
4026531968;0;3175;4026531972;0;3176;2147483728;2;15171619;4026531968;0;2147483728;3;f0000080000000008000005003;005ec83f734bc7df850acdb651aad3d0f6b033e8e56c34512ec7043f3a6a5e27
4026531900;2147487791;3173;4026531968;0;3177;2147483728;3;15171619;2147487788;0;2147483732;0;8000102c000000008000005400;31243bfce9a17c70523c2a9a5dcd815600a25cef973bcc90f6b0748efd369695
4026531872;3766484880;2356;3766484860;47;3164;2147483732;0;4274268035;4026531900;47;2147483736;0;f000003c0000002f8000005800;39aad3c2c42b0cbb7518cce132dfbe92b79f6c94bd7574af65a6e037db253344
4026531900;47;3179;0;0;0;2147483736;0;1542035;4026531900;48;2147483740;0;f000003c000000308000005c00;d6756f2a47c2649263c830d837a02446644c3c325c6fad3a74ef91a3f1a216b5
4026531872;3766484880;2356;4026531900;48;3180;2147483740;0;4277413411;3766484860;48;2147483744;0;e07fff7c000000308000006000;1077589e44f10e6bfec4abeeb53a77f6523811dbd9c97b9da6907eba1406c9b3
4026531872;3766484880;2356;3766484860;48;3181;2147483744;0;4274267907;4026531896;48;2147483748;0;f0000038000000308000006400;2840feff449a68cfce138152366d15fe2b7a43f60f7ef521612583c02556015b
4026531872;3766484880;2356;3766484836;70;2359;2147483748;0;4249102211;4026531900;70;2147483752;0;f000003c000000468000006800;bf7f80c79a0a17962b7b82206d4d36677a67486160ece1e0808ef2e84589df86
4026531896;48;3182;4026531900;70;3183;2147483752;0;4244072163;0;0;2147483700;0;00000000000000008000003400;05692f1a69db2b22026b92ad1db135080bcf8b4bf3efb6fba7217a9e5fffe269
4026531872;3766484880;2356;3766484852;3766484900;2363;2147483700;0;4265879299;4026531896;3766484900;2147483704;0;f0000038e07fffa48000003800;78110f33c905b08825a44b91a1147017615e2d2b6987cf2deb511957b1e51b30
4026531872;3766484880;2356;3766484860;48;3181;2147483704;0;4274268035;4026531900;48;2147483708;0;f000003c000000308000003c00;1583d8923eda25b696327fbc35c9b9da40d4fc62e1b2baa8385153f78eff1bbf
4026531896;3766484900;3185;4026531900;48;3186;2147483708;0;16189235;4026531896;3766484948;2147483712;0;f0000038e07fffd48000004000;ff6579a669189759e6bb5feb001e0c868d4fd38e995d0745e28516fe685e66f4
4026531872;3766484880;2356;3766484856;2147487744;2361;2147483712;0;4270073475;4026531892;2147487744;2147483716;0;f0000034800010008000004400;8d8ffa1eda9eb2edb2c9cd5fa1b2cf2d7679a8d54f7f5180399c69181d34a3d8
4026531872;3766484880;2356;3766484860;48;3181;2147483716;0;4274268035;4026531900;48;2147483720;0;f000003c000000308000004800;68916d0f3548c8dc511daf21285c2870b8eca3d2d91331d37c1b459dfde79ba0
4026531892;2147487744;3188;4026531900;48;3189;2147483720;0;16156595;4026531900;2147487792;2147483724;0;f000003c800010308000004c00;15a67c7d4fd302e94bacce93b009ca3be8c62d6ca1d9d4d0416d3f0549580f79
4026531896;3766484948;3187;3766484948;0;1960;2147483724;0;476931;4026531896;0;2147483728;0;f0000038000000008000005000;f12a93de1351521ae7ad12e77485621da805e07b8f613d0b0d341f10c298b4b3
4026531900;2147487792;3190;2147487792;17241747;4294967295;2147483728;0;15171619;4026531968;17241600;2147483728;1;f0000080010716008000005001;9983237e3c645d5452bd05b65bdc3558fc2a145f899aa2962accb35104581b64
4026531900;2147487792;3190;4026531896;0;3191;2147483728;1;15171619;4026531972;0;2147483728;2;f0000084000000008000005002;9ad10648146dae359bbf2e16a8757855c269b24f5d8996450e313f9cc4bd87d5
4026531968;17241600;3192;4026531972;0;3193;2147483728;2;15171619;4026531968;17241600;2147483728;3;f0000080010716008000005003;9e846ed14db15c7ff751fa814464f03d897ddeee4380e9cea3408219565f5b57
4026531900;2147487792;3190;4026531968;17241600;3194;2147483728;3;15171619;2147487792;17241600;2147483732;0;80001030010716008000005400;fc113daeb2a7ab5edc321c7490c54d6b38287931aca78c874a24c5950ad7b626
4026531872;3766484880;2356;3766484860;48;3181;2147483732;0;4274268035;4026531900;48;2147483736;0;f000003c000000308000005800;f03493f095ba9e709e5cdab5a9d294bce89288f2d768f0e867fc0602a939a83f
4026531900;48;3196;0;0;0;2147483736;0;1542035;4026531900;49;2147483740;0;f000003c000000318000005c00;6b55b7a8dcd462dcc261d5217910e0f84e5720026b33448f10f143bbdd3e47ea
4026531872;3766484880;2356;4026531900;49;3197;2147483740;0;4277413411;3766484860;49;2147483744;0;e07fff7c000000318000006000;3c33b910e74a9e8bc273c66ba4e085f66420eed3515a768badc5d841c1c9b375
4026531872;3766484880;2356;3766484860;49;3198;2147483744;0;4274267907;4026531896;49;2147483748;0;f0000038000000318000006400;430563e982ea8161f773bbc8be1df6ab690ecdd65b4b6c79d9fdb6a9c5f8fca9
4026531872;3766484880;2356;3766484836;70;2359;2147483748;0;4249102211;4026531900;70;2147483752;0;f000003c000000468000006800;0a7b6d3f7c7d43c656c3c74d2fca5d74fb48a652dd56cd4e091d4dd897fa462f
4026531896;49;3199;4026531900;70;3200;2147483752;0;4244072163;0;0;2147483700;0;00000000000000008000003400;3300edc251130d8f6497d2b99f5554d0f25b95f60d6e869105bdffcbd5cc7cf4
4026531872;3766484880;2356;3766484852;3766484900;2363;2147483700;0;4265879299;4026531896;3766484900;2147483704;0;f0000038e07fffa48000003800;89dd41fc3dd675f13e764c69774bd14e311cd7fbb9dd867971d712d89f5a3c6f
4026531872;3766484880;2356;3766484860;49;3198;2147483704;0;4274268035;4026531900;49;2147483708;0;f000003c000000318000003c00;53146029eb0b0e32ec0e9c2ef58d2ff845d980a6ecc02d889360527bebc4c3e6
4026531896;3766484900;3202;4026531900;49;3203;2147483708;0;16189235;4026531896;3766484949;2147483712;0;f0000038e07fffd58000004000;5832385f213c05ce209ed1944345512c54d15dd01300fd98bc510353b9e14799
4026531872;3766484880;2356;3766484856;2147487744;2361;2147483712;0;4270073475;4026531892;2147487744;2147483716;0;f0000034800010008000004400;3a63bdc3bf866f0b2272365a8d5c05ed1512b7995f755e0f42e75b2914afd726
4026531872;3766484880;2356;3766484860;49;3198;2147483716;0;4274268035;4026531900;49;2147483720;0;f000003c000000318000004800;121bef9dedd6ad127874cfb1b953c3c9a6d1527b520fac93b4593ef7c401cdf0
4026531892;2147487744;3205;4026531900;49;3206;2147483720;0;16156595;4026531900;2147487793;2147483724;0;f000003c800010318000004c00;778fd1ac15094150c784fd97ebeb06d5dddfa074edf66c9d0957a5f0b16f2e18
4026531896;3766484949;3204;3766484948;0;1960;2147483724;0;476931;4026531896;0;2147483728;0;f0000038000000008000005000;60efc0dd81d5dab51ac9aeb3a9ed404f988523c29bf889407f9ac223b926a360
4026531900;2147487793;3207;2147487792;17241600;3195;2147483728;0;15171619;4026531968;17235968;2147483728;1;f0000080010700008000005001;0cfd6ae74286aa758098e5d4fcf1842afa4a4781454e9f53b0fd3d000f4104b0
4026531900;2147487793;3207;4026531896;0;3208;2147483728;1;15171619;4026531972;0;2147483728;2;f0000084000000008000005002;98b9b36164d26cd8efbf18e29276f30967d8ece1193dba057af759ce482fe2fb
4026531968;17235968;3209;4026531972;0;3210;2147483728;2;15171619;4026531968;17235968;2147483728;3;f0000080010700008000005003;00c3ab0ca0d86d1162e3c8dd5e756c24fed22c3f2ad43ec55c62a896f641c5d8
4026531900;2147487793;3207;4026531968;17235968;3211;2147483728;3;15171619;2147487792;17235968;2147483732;0;80001030010700008000005400;e9a97d0ff96dc8464f6f207c73faefdd645fddd002af65d55376734842eb44dd
4026531872;3766484880;2356;3766484860;49;3198;2147483732;0;4274268035;4026531900;49;2147483736;0;f000003c000000318000005800;7d5f4015325d5b9cd49fe6aa2a31c9ef36ca55c3327c810701e14068fb348588
4026531900;49;3213;0;0;0;2147483736;0;1542035;4026531900;50;2147483740;0;f000003c000000328000005c00;12548aad3df12b89544b09195e9d8da82ae2f1084b38194d8f51f024591fb2eb
4026531872;3766484880;2356;4026531900;50;3214;2147483740;0;4277413411;3766484860;50;2147483744;0;e07fff7c000000328000006000;74563a6460e5166e148fee380d37112d0c1de7f34ec83905d7308dc40e09672a
4026531872;3766484880;2356;3766484860;50;3215;2147483744;0;4274267907;4026531896;50;2147483748;0;f0000038000000328000006400;ddc86f0ebf046f1bde839bf11d576839233a00a47ecc40f63320b040f8edd4b7
4026531872;3766484880;2356;3766484836;70;2359;2147483748;0;4249102211;4026531900;70;2147483752;0;f000003c000000468000006800;49a56b171c8a4bab09748916f945a8fcdad3b2c72c86f6a547d7adc4574ca7a7
4026531896;50;3216;4026531900;70;3217;2147483752;0;4244072163;0;0;2147483700;0;00000000000000008000003400;3f22e7fb3ce01c152ed59937b5e041621b11d11e43382a8eb77352744373118e
4026531872;3766484880;2356;3766484852;3766484900;2363;2147483700;0;4265879299;4026531896;3766484900;2147483704;0;f0000038e07fffa48000003800;808e1f558ae9579c279a44a7862f2e83e309e6dc52f8520d586c0f4803808f57
4026531872;3766484880;2356;3766484860;50;3215;2147483704;0;4274268035;4026531900;50;2147483708;0;f000003c000000328000003c00;5c3b50013899fe94b3342a70f23fa3c3695d89fd5790904064b95b66ef53d9d8
4026531896;3766484900;3219;4026531900;50;3220;2147483708;0;16189235;4026531896;3766484950;2147483712;0;f0000038e07fffd68000004000;9789e28c0a4d52aa29b481d6f72844807bd8469755109ec6808286d60dd88cf0
4026531872;3766484880;2356;3766484856;2147487744;2361;2147483712;0;4270073475;4026531892;2147487744;2147483716;0;f0000034800010008000004400;d7fb9025019de7591a8a42fd6f6b07b90c82423ee9f8f13b9e7a8eb7b7447281
4026531872;3766484880;2356;3766484860;50;3215;2147483716;0;4274268035;4026531900;50;2147483720;0;f000003c000000328000004800;6a9f8b5ac8624de423850e63bae49cbd9262896a632539fa473de0520c5eee94
4026531892;2147487744;3222;4026531900;50;3223;2147483720;0;16156595;4026531900;2147487794;2147483724;0;f000003c800010328000004c00;eeb7c3d6cde7bf839195438362a9e25cf370be96ef8382418d2fcff355e6a353
4026531896;3766484950;3221;3766484948;0;1960;2147483724;0;476931;4026531896;0;2147483728;0;f0000038000000008000005000;25a5782a15a4cffdefce614003f5aabf63ac8e3f9645a36bfe26ffba21b03110
4026531900;2147487794;3224;2147487792;17235968;3212;2147483728;0;15171619;4026531968;16777216;2147483728;1;f0000080010000008000005001;2ce67c4064bb81e17c57dbd3f2a716b3095afef3b7e1027b9c7f9771809e2d53
4026531900;2147487794;3224;4026531896;0;3225;2147483728;1;15171619;4026531972;0;2147483728;2;f0000084000000008000005002;ccdfa211b191451999618db9b096ff6d1a6d02df207d0255406e11a2aa1dbb5c
4026531968;16777216;3226;4026531972;0;3227;2147483728;2;15171619;4026531968;16777216;2147483728;3;f0000080010000008000005003;7dc7d38c07e1b27e09a5a2850097402fdfc76b011af8a5b0beaf53bd065e3e5d
4026531900;2147487794;3224;4026531968;16777216;3228;2147483728;3;15171619;2147487792;16777216;2147483732;0;80001030010000008000005400;323208bd1dfee12eb04fe97a71cd42f62f3a54967664a2749c0906fa58419e46
4026531872;3766484880;2356;3766484860;50;3215;2147483732;0;4274268035;4026531900;50;2147483736;0;f000003c000000328000005800;dc49af12932a1b5ec1e6a6cfc1e014ab595923576014a50cc676d05d5607cb51
4026531900;50;3230;0;0;0;2147483736;0;1542035;4026531900;51;2147483740;0;f000003c000000338000005c00;2ab290b120cbe109874bd14111eea86d3fbb558eafba83b5b656e8942e07d190
4026531872;3766484880;2356;4026531900;51;3231;2147483740;0;4277413411;3766484860;51;2147483744;0;e07fff7c000000338000006000;6f0f998d9d9b6994cfa89c93bdacaf9b05ef92cdbcc6fddc3cd65c7076778fc1
4026531872;3766484880;2356;3766484860;51;3232;2147483744;0;4274267907;4026531896;51;2147483748;0;f0000038000000338000006400;27bfafe87fffa29270ea0ef2cb78e3fa684ae1e9949f542872877174ca2e806c
4026531872;3766484880;2356;3766484836;70;2359;2147483748;0;4249102211;4026531900;70;2147483752;0;f000003c000000468000006800;94d22bf9a9deb13903d0913a44532de9bd9fbd57aaf65e052fc6c29e15dd7063
4026531896;51;3233;4026531900;70;3234;2147483752;0;4244072163;0;0;2147483700;0;00000000000000008000003400;59ce5c6d924dfb1e7b42c793da8ef746668c0caa239fc6b67b6426df73e6395f
4026531872;3766484880;2356;3766484852;3766484900;2363;2147483700;0;4265879299;4026531896;3766484900;2147483704;0;f0000038e07fffa48000003800;0e87b8615c370632cafe0e85c2c2e5365db3b0d464e3b6795d4fd6a6c0dff88c
4026531872;3766484880;2356;3766484860;51;3232;2147483704;0;4274268035;4026531900;51;2147483708;0;f000003c000000338000003c00;aac722139c45949e71ee91b2416004d3c0305091278d1055ac81653d3d240de0
4026531896;3766484900;3236;4026531900;51;3237;2147483708;0;16189235;4026531896;3766484951;2147483712;0;f0000038e07fffd78000004000;8eff7f8ebab97669d7b2d6818f3cb1ae616a11f9c74f1c46e1fed17acae4ca7c
4026531872;3766484880;2356;3766484856;2147487744;2361;2147483712;0;4270073475;4026531892;2147487744;2147483716;0;f0000034800010008000004400;10bbe2c3dd49ee182adbabf2746bb6a0dd215043751f382f8efe55b29767b90f
4026531872;3766484880;2356;3766484860;51;3232;2147483716;0;4274268035;4026531900;51;2147483720;0;f000003c000000338000004800;6136cd416a0f477ce7d927ce05a7ead03cb9142e861d3e3fd2aad3208779771c
4026531892;2147487744;3239;4026531900;51;3240;2147483720;0;16156595;4026531900;2147487795;2147483724;0;f000003c800010338000004c00;baf2359d144bab50e1b98391e4cb358c06d5c23738aa2aa21f8787c07fd1bf09
4026531896;3766484951;3238;3766484948;0;1960;2147483724;0;476931;4026531896;0;2147483728;0;f0000038000000008000005000;fdb86834a0b28ad2961e7fadf14a6a68faba3d9f5f3a9ebc284aa8443a0281f6
4026531900;2147487795;3241;2147487792;16777216;3229;2147483728;0;15171619;4026531968;0;2147483728;1;f0000080000000008000005001;5b73a51e3d530b83fe2f06903ed321273df4b7b368bb33fd1a8b5065892feb5d
4026531900;2147487795;3241;4026531896;0;3242;2147483728;1;15171619;4026531972;0;2147483728;2;f0000084000000008000005002;3927378cb4f440986bdf7e4a46ef51e320e3e9d73c06c5a6387e30c304af81d0
4026531968;0;3243;4026531972;0;3244;2147483728;2;15171619;4026531968;0;2147483728;3;f0000080000000008000005003;77c19fda4e7b524929998bc955331f433fb221f7a6468fcc3f2020919fa3e5fc
4026531900;2147487795;3241;4026531968;0;3245;2147483728;3;15171619;2147487792;0;2147483732;0;80001030000000008000005400;75912cf93695029843c152b0fb7995e9805ddfdabc18686fb52f441f43ad78d9
4026531872;3766484880;2356;3766484860;51;3232;2147483732;0;4274268035;4026531900;51;2147483736;0;f000003c000000338000005800;ee9048c8fc21c3366bebc39326821b48a322cce36ce4a591d049073032a20c99
4026531900;51;3247;0;0;0;2147483736;0;1542035;4026531900;52;2147483740;0;f000003c000000348000005c00;9a55653b112f29c5e4b142395f05cb0c863a682565584e1c4fbe430a8fdd0d43
4026531872;3766484880;2356;4026531900;52;3248;2147483740;0;4277413411;3766484860;52;2147483744;0;e07fff7c000000348000006000;4753319c7ff486bc4bb83b2f97d9f5dd8f10139b2caf07b381ec65f47d5c0120
4026531872;3766484880;2356;3766484860;52;3249;2147483744;0;4274267907;4026531896;52;2147483748;0;f0000038000000348000006400;a0799b205ab02ba4b89ccb6ceeef1b3a9236c8dce38c7ec82ec1009a33a843a4
4026531872;3766484880;2356;3766484836;70;2359;2147483748;0;4249102211;4026531900;70;2147483752;0;f000003c000000468000006800;b92591769852ef2cfd55fb7ea98cebe3ee60a830c31dcb97919af3c721887b31
4026531896;52;3250;4026531900;70;3251;2147483752;0;4244072163;0;0;2147483700;0;00000000000000008000003400;8392e3bb103a6b515eb5153bef8c152f39177bb3a71cac72c99ca7038011c858
4026531872;3766484880;2356;3766484852;3766484900;2363;2147483700;0;4265879299;4026531896;3766484900;2147483704;0;f0000038e07fffa48000003800;4bafc1c9ca4756197d484577d707246e36a010dddf485c26152b2ee8e466a795
4026531872;3766484880;2356;3766484860;52;3249;2147483704;0;4274268035;4026531900;52;2147483708;0;f000003c000000348000003c00;b56b19e8248c2816446d37191d0cb8cc5eb777e48d2ef81ea0b1c94bcc78e092
4026531896;3766484900;3253;4026531900;52;3254;2147483708;0;16189235;4026531896;3766484952;2147483712;0;f0000038e07fffd88000004000;5798b6f4a1d4a0eba65a96dc753b85c7fd906be9d5944de8be0d49bd5aee4303
4026531872;3766484880;2356;3766484856;2147487744;2361;2147483712;0;4270073475;4026531892;2147487744;2147483716;0;f0000034800010008000004400;953ec1646f91152a01746d34dc3fcf79be3c2cecd5b68866687600c30d44c202
4026531872;3766484880;2356;3766484860;52;3249;2147483716;0;4274268035;4026531900;52;2147483720;0;f000003c000000348000004800;21cc1819465b5e5a4d34c9168ff8793098ca29f049fb0371c30b9adc1cb161a0
4026531892;2147487744;3256;4026531900;52;3257;2147483720;0;16156595;4026531900;2147487796;2147483724;0;f000003c800010348000004c00;f449a9e7434d7c653d9bacdc946b2f8f491ed7c8e2bff49b2d132fa3b5a656ef
4026531896;3766484952;3255;3766484952;0;2020;2147483724;0;476931;4026531896;0;2147483728;0;f0000038000000008000005000;69913bccf83644995849c0f504231818c7a61366f64c96f914f5f890cd80e8a9
4026531900;2147487796;3258;2147487796;17225363;4294967295;2147483728;0;15171619;4026531968;17225216;2147483728;1;f00000800106d6008000005001;63b59bf3387234212a65de2920dfe88a6749d616a5dfdbb5ac02784579cd5203
4026531900;2147487796;3258;4026531896;0;3259;2147483728;1;15171619;4026531972;0;2147483728;2;f0000084000000008000005002;fe17630247b93caaee2cdd3b0fb1d464cf8afccfa96cf1fb2b390ad63f542662
4026531968;17225216;3260;4026531972;0;3261;2147483728;2;15171619;4026531968;17225216;2147483728;3;f00000800106d6008000005003;a6e43e24df2cfc225f077c317557b6a4d2c29691fd834025523387ae108e5d1d
4026531900;2147487796;3258;4026531968;17225216;3262;2147483728;3;15171619;2147487796;17225216;2147483732;0;800010340106d6008000005400;ef7a9f4431670be13ae55737076c44d4237ad4a619ba3169b71ae859c4b02c20
4026531872;3766484880;2356;3766484860;52;3249;2147483732;0;4274268035;4026531900;52;2147483736;0;f000003c000000348000005800;299e220fc660c714e18e23730cdade3f6b52043f49c5b06c80fb84671e93fa0e
4026531900;52;3264;0;0;0;2147483736;0;1542035;4026531900;53;2147483740;0;f000003c000000358000005c00;cbde6f39318a0fee31401a01dd36951da684b71c4c42abfe264208001b48f473
4026531872;3766484880;2356;4026531900;53;3265;2147483740;0;4277413411;3766484860;53;2147483744;0;e07fff7c000000358000006000;1891d8938ac5ee4d436386cb799d84f4886361d386952d70dbbf2737e9698320
4026531872;3766484880;2356;3766484860;53;3266;2147483744;0;4274267907;4026531896;53;2147483748;0;f0000038000000358000006400;548c1a83c546615cb49d79b67b9718239224d120724245228d05b6d0d2503e27
4026531872;3766484880;2356;3766484836;70;2359;2147483748;0;4249102211;4026531900;70;2147483752;0;f000003c000000468000006800;b651480b043a92b1686c00bb1c164295b480a91addc219e5f2916d04fe9a4cb1
4026531896;53;3267;4026531900;70;3268;2147483752;0;4244072163;0;0;2147483700;0;00000000000000008000003400;5d4f9803d190078d0a383a4e74ec0180b05567c295ff264735203723b7de1c0c
4026531872;3766484880;2356;3766484852;3766484900;2363;2147483700;0;4265879299;4026531896;3766484900;2147483704;0;f0000038e07fffa48000003800;f6393b65854612f6d22027a58bcc15a93d3bd3a87fe3a422f38019bef70360a1
4026531872;3766484880;2356;3766484860;53;3266;2147483704;0;4274268035;4026531900;53;2147483708;0;f000003c000000358000003c00;f1fff56ceeeaa9bb9ffb23130eb1bf5933625daeabe4c20ec1bdc8164c5d5b14
4026531896;3766484900;3270;4026531900;53;3271;2147483708;0;16189235;4026531896;3766484953;2147483712;0;f0000038e07fffd98000004000;0c48cbe4a888ec23daddf67f715e480b2ecef430e9cc4b898c068223cf87394d
4026531872;3766484880;2356;3766484856;2147487744;2361;2147483712;0;4270073475;4026531892;2147487744;2147483716;0;f0000034800010008000004400;3b3dd147f5a83e1bb2388c7e2a731df01bf80979e08a3702112a4827e170ed66
4026531872;3766484880;2356;3766484860;53;3266;2147483716;0;4274268035;4026531900;53;2147483720;0;f000003c000000358000004800;1cfd86338028a1baef70c14adcb717d4361a80f9498a6004ec0aea880977d687
4026531892;2147487744;3273;4026531900;53;3274;2147483720;0;16156595;4026531900;2147487797;2147483724;0;f000003c800010358000004c00;7a1c28d80f39f89ee7b4962fd0b02c4a45add6ddfda6c946fc0dc9b438c53336
4026531896;3766484953;3272;3766484952;0;2020;2147483724;0;476931;4026531896;0;2147483728;0;f0000038000000008000005000;5c5d5759a12f1dc5470501d569366aacda8a265e98c941582e816e614219688b
4026531900;2147487797;3275;2147487796;17225216;3263;2147483728;0;15171619;4026531968;17170432;2147483728;1;f0000080010600008000005001;343bda2e5892cf222cd5966138d6b721bc910a1af2455714fe822441cd13eb8f
4026531900;2147487797;3275;4026531896;0;3276;2147483728;1;15171619;4026531972;0;2147483728;2;f0000084000000008000005002;8b44bfef86e067075ba05eac3d99407de20cc2e2e1040b528183d05ae1da7dc5
4026531968;17170432;3277;4026531972;0;3278;2147483728;2;15171619;4026531968;17170432;2147483728;3;f0000080010600008000005003;7adffe59d02119d17c58d995ddb022dafaeedd03e9528911971037a1feca401f
4026531900;2147487797;3275;4026531968;17170432;3279;2147483728;3;15171619;2147487796;17170432;2147483732;0;80001034010600008000005400;ed109eda512bd813806bda82bdd86f2941d50b52dc24570d20735446c9fda5eb
4026531872;3766484880;2356;3766484860;53;3266;2147483732;0;4274268035;4026531900;53;2147483736;0;f000003c000000358000005800;a5983124a3a3c492f7ec7cdf8b69f111f41fbc6ef1197a3eb36412594691a3c3
4026531900;53;3281;0;0;0;2147483736;0;1542035;4026531900;54;2147483740;0;f000003c000000368000005c00;b60138e9e298fb20aacb9ed6672ecb46299eb71fee4472a5276696c636d27bd4
4026531872;3766484880;2356;4026531900;54;3282;2147483740;0;4277413411;3766484860;54;2147483744;0;e07fff7c000000368000006000;8c423e3883da6ef036c7964c1061b8824ac92bc36b1203da2d8c32f6f7bd9d02
4026531872;3766484880;2356;3766484860;54;3283;2147483744;0;4274267907;4026531896;54;2147483748;0;f0000038000000368000006400;9c26638797f04b39f7824ac23ae4029536aed9cf35240c0d42996d4ccbff04ed
4026531872;3766484880;2356;3766484836;70;2359;2147483748;0;4249102211;4026531900;70;2147483752;0;f000003c000000468000006800;6c92199c90e167cdc9b7ae05d625c5d76e11f808fea00e2826649e862ee25a2f
4026531896;54;3284;4026531900;70;3285;2147483752;0;4244072163;0;0;2147483700;0;00000000000000008000003400;027f2dbe71e01dc7474240d2c77b2719d5b4ddad3b96e335c36eaf5387d230eb
4026531872;3766484880;2356;3766484852;3766484900;2363;2147483700;0;4265879299;4026531896;3766484900;2147483704;0;f0000038e07fffa48000003800;396e037606b0032a276285a7b1752eafd1e09084d54350d4c378a75ac76443da
4026531872;3766484880;2356;3766484860;54;3283;2147483704;0;4274268035;4026531900;54;2147483708;0;f000003c000000368000003c00;960a68361247f41edf1adbf15fc5847093acebf4dcf93314bd352b01fc20d442
4026531896;3766484900;3287;4026531900;54;3288;2147483708;0;16189235;4026531896;3766484954;2147483712;0;f0000038e07fffda8000004000;1ce28900ba34d40f54db7b33395752579ba98692a81c7fe9c0708bab125e38d5
4026531872;3766484880;2356;3766484856;2147487744;2361;2147483712;0;4270073475;4026531892;2147487744;2147483716;0;f0000034800010008000004400;a128c75f966d67a8de5690fb12a7b14426c2045dd9fbbe63b1b480c2b5b58c4b
4026531872;3766484880;2356;3766484860;54;3283;2147483716;0;4274268035;4026531900;54;2147483720;0;f000003c000000368000004800;122e8e7d685089e3507dc355c1b60b619bcdf25668df95eeeceb68bd070e355d
4026531892;2147487744;3290;4026531900;54;3291;2147483720;0;16156595;4026531900;2147487798;2147483724;0;f000003c800010368000004c00;f0795178a19005ccdb8071ffc4385e888567e525621f72e7e8c23d44d6ba0389
4026531896;3766484954;3289;3766484952;0;2020;2147483724;0;476931;4026531896;0;2147483728;0;f0000038000000008000005000;5f119120f2604be652cce18f1f71187aef5ce61a815ad1479ec592f9b2db56b1
4026531900;2147487798;3292;2147487796;17170432;3280;2147483728;0;15171619;4026531968;16777216;2147483728;1;f0000080010000008000005001;8307f3552d914d845b559d1b595ecff186f7a01ba455538cac6c37e07e22d6e4
4026531900;2147487798;3292;4026531896;0;3293;2147483728;1;15171619;4026531972;0;2147483728;2;f0000084000000008000005002;118e570fbc32f67764252069d936fb0d80b0c668d1b0d25c290e0ea68f5a5784
4026531968;16777216;3294;4026531972;0;3295;2147483728;2;15171619;4026531968;16777216;2147483728;3;f0000080010000008000005003;33f91b6d4378a46b66249c097079675739c4d9b8e2d69bfa1681e8ad65883018
4026531900;2147487798;3292;4026531968;16777216;3296;2147483728;3;15171619;2147487796;16777216;2147483732;0;80001034010000008000005400;de9b76e1001a8866bb7df5619a6bad79012dacdf8f85703caf86fb559a75fdef
4026531872;3766484880;2356;3766484860;54;3283;2147483732;0;4274268035;4026531900;54;2147483736;0;f000003c000000368000005800;6a8e68bcb5f458958a76fe290e1ef6b9a63096aafb96be8a008e5aa97376532c
4026531900;54;3298;0;0;0;2147483736;0;1542035;4026531900;55;2147483740;0;f000003c000000378000005c00;55d896acb4347f515bd4335ecf0b9ea4874ca07959f99188e1b18ad1373593bc
4026531872;3766484880;2356;4026531900;55;3299;2147483740;0;4277413411;3766484860;55;2147483744;0;e07fff7c000000378000006000;457fd643a6ecfd6b9ea788bbed2547e02f2aba038898cdbe9bd8b90b684d92cd
4026531872;3766484880;2356;3766484860;55;3300;2147483744;0;4274267907;4026531896;55;2147483748;0;f0000038000000378000006400;9492c51f9ca76b0e8b7b1a243f1390fe68c9dfb32f25bf6f65d27dc284c055f9
4026531872;3766484880;2356;3766484836;70;2359;2147483748;0;4249102211;4026531900;70;2147483752;0;f000003c000000468000006800;c5e0d95379e86a29d0ee405c6debe2400490f6f8f6bd46ebc06b904bf6a52d03
4026531896;55;3301;4026531900;70;3302;2147483752;0;4244072163;0;0;2147483700;0;00000000000000008000003400;46eb84bc06b0a62c50bffb86389b6eba313f15c1f986eb7d1de634eac30bf04a
4026531872;3766484880;2356;3766484852;3766484900;2363;2147483700;0;4265879299;4026531896;3766484900;2147483704;0;f0000038e07fffa48000003800;0f522c0eb6c647ed76afd3b64a5077af2eaf05ccf0e84a572e97ec6d9438d98f
4026531872;3766484880;2356;3766484860;55;3300;2147483704;0;4274268035;4026531900;55;2147483708;0;f000003c000000378000003c00;7bc1de457334b00420d9020735d6bc315659181e58c0079828f27f1d6735e748
4026531896;3766484900;3304;4026531900;55;3305;2147483708;0;16189235;4026531896;3766484955;2147483712;0;f0000038e07fffdb8000004000;e5eb9fcb914ff8229c58c12e3a28c951ee96179eb26b99fae28531f4258a9449
4026531872;3766484880;2356;3766484856;2147487744;2361;2147483712;0;4270073475;4026531892;2147487744;2147483716;0;f0000034800010008000004400;e3b9c066c08a378b16a488c3df503f9eef11127e3ae3b9c4ba348414ec84f959
4026531872;3766484880;2356;3766484860;55;3300;2147483716;0;4274268035;4026531900;55;2147483720;0;f000003c000000378000004800;a0b0664b3f73b6007e60e6384656201f562aac55999c4c1580c95727b58914df
4026531892;2147487744;3307;4026531900;55;3308;2147483720;0;16156595;4026531900;2147487799;2147483724;0;f000003c800010378000004c00;9e97f5abaf9c009efe3e0fec2b84e81a7033c3d9456a6ee2b7700e49a2821afe
4026531896;3766484955;3306;3766484952;0;2020;2147483724;0;476931;4026531896;0;2147483728;0;f0000038000000008000005000;cb74cd064e7946ea543dd23c45a2cdbe811a6e349630fc13df36d481df67a0d3
4026531900;2147487799;3309;2147487796;16777216;3297;2147483728;0;15171619;4026531968;0;2147483728;1;f0000080000000008000005001;b7575994e5e4aaa1d44a1ca0dbeeef5c70e1ac9574a477dff8934f627c21c7a6
4026531900;2147487799;3309;4026531896;0;3310;2147483728;1;15171619;4026531972;0;2147483728;2;f0000084000000008000005002;739e8c041632cb6b1252a94c6c5468583333ddaea8bf4e3ba3bb043122acd7f2
4026531968;0;3311;4026531972;0;3312;2147483728;2;15171619;4026531968;0;2147483728;3;f0000080000000008000005003;af68b14ebec9b79cb42dc83dbde78eed3d47f55b996675ec4b2069647eb092db
4026531900;2147487799;3309;4026531968;0;3313;2147483728;3;15171619;2147487796;0;2147483732;0;80001034000000008000005400;2270ce218c24345c8baf02cba9270536bb826eb8089a1a2114d546eb4433bc9d
4026531872;3766484880;2356;3766484860;55;3300;2147483732;0;4274268035;4026531900;55;2147483736;0;f000003c000000378000005800;4ddcba7e5ec2fd52cbbe3571b058d84c2d6287f3b840124aa18977efc07a68bd
4026531900;55;3315;0;0;0;2147483736;0;1542035;4026531900;56;2147483740;0;f000003c000000388000005c00;858c546ec1e0c4ab75340cc4d520e453f5c023f5b878d7b12650d309dc9fec06
4026531872;3766484880;2356;4026531900;56;3316;2147483740;0;4277413411;3766484860;56;2147483744;0;e07fff7c000000388000006000;6b0193f953d75754630fdae71b5c78c008aeec662456047b834f0c2a8ecd325c
4026531872;3766484880;2356;3766484860;56;3317;2147483744;0;4274267907;4026531896;56;2147483748;0;f0000038000000388000006400;3d97ee89f7d11e5479d99e2d998f7d546217213a908d12b1b937a99d2a13ed59
4026531872;3766484880;2356;3766484836;70;2359;2147483748;0;4249102211;4026531900;70;2147483752;0;f000003c000000468000006800;4590daa6bcab1c14b2e417ebd783404936d72b87dd7828323010d8fe8b968877
4026531896;56;3318;4026531900;70;3319;2147483752;0;4244072163;0;0;2147483700;0;00000000000000008000003400;32cf68737f3818eeb99b49b779b33f721850e4b3fa15c8bb22200ab8616351f0
4026531872;3766484880;2356;3766484852;3766484900;2363;2147483700;0;4265879299;4026531896;3766484900;2147483704;0;f0000038e07fffa48000003800;322de0a63784eca5878e24f3b864dba7d19c43789d70f32adc5a44a68f9a7146
4026531872;3766484880;2356;3766484860;56;3317;2147483704;0;4274268035;4026531900;56;2147483708;0;f000003c000000388000003c00;1884a720b85b628754a2576b8eb279f8724abc1c792aa6508bb175b1832c6fba
4026531896;3766484900;3321;4026531900;56;3322;2147483708;0;16189235;4026531896;3766484956;2147483712;0;f0000038e07fffdc8000004000;039be3db205b4cc830a8702d6462e8eae0952674ac11c9ce783e4f9f973a6cd6
4026531872;3766484880;2356;3766484856;2147487744;2361;2147483712;0;4270073475;4026531892;2147487744;2147483716;0;f0000034800010008000004400;d19667d3f7a61027129b45a57eab5a43784adeb54738383434627dc32b6cbc2b
4026531872;3766484880;2356;3766484860;56;3317;2147483716;0;4274268035;4026531900;56;2147483720;0;f000003c000000388000004800;0c88455195d1acbdf27848052decbfded76263ab09f1fac44c090a8a6e88d8a9
4026531892;2147487744;3324;4026531900;56;3325;2147483720;0;16156595;4026531900;2147487800;2147483724;0;f000003c800010388000004c00;e4993717214dd5a438efee51a473fd1a456fa2ab1b62193668fde64112f38896
4026531896;3766484956;3323;3766484956;0;2080;2147483724;0;476931;4026531896;0;2147483728;0;f0000038000000008000005000;9e7f304f75ac880fa1c9723ee4be7f7ac3219daf8bb77cb8a7779490871a7593
4026531900;2147487800;3326;2147487800;4259599875;4294967295;2147483728;0;15171619;4026531968;4259599872;2147483728;1;f0000080fde456008000005001;7b806c1c85d8243283582e32970d5f640e87029817716cbd0d7179ae1de8aadb
4026531900;2147487800;3326;4026531896;0;3327;2147483728;1;15171619;4026531972;0;2147483728;2;f0000084000000008000005002;9e9820d33adfcb334ed66b872034558a1cf670e1e0ad2e5c658a80b562f60a04
4026531968;4259599872;3328;4026531972;0;3329;2147483728;2;15171619;4026531968;4259599872;2147483728;3;f0000080fde456008000005003;3b2e8613b3d57694b777c63f40460f04d9fa38e5fd817122c7bc513dc5c2e657
4026531900;2147487800;3326;4026531968;4259599872;3330;2147483728;3;15171619;2147487800;4259599872;2147483732;0;80001038fde456008000005400;28cfd5a2676873d4289c5512e3cc901b40e474a7a4c6a56a81e2db04bf3dca3b
4026531872;3766484880;2356;3766484860;56;3317;2147483732;0;4274268035;4026531900;56;2147483736;0;f000003c000000388000005800;942fe76bac2e7e07fed209ee951435da2560a97e6e38b52a9c66196591b56c00
4026531900;56;3332;0;0;0;2147483736;0;1542035;4026531900;57;2147483740;0;f000003c000000398000005c00;66ebe22f27421f86a0a6240ba3ec17b8c0b6774c00e94c8f544b0c11a2a6981d
4026531872;3766484880;2356;4026531900;57;3333;2147483740;0;4277413411;3766484860;57;2147483744;0;e07fff7c000000398000006000;62414cd0ab909db4a3a6d38ffcecf54c715c72dfa7ef9941003c078df5a5dc1e
4026531872;3766484880;2356;3766484860;57;3334;2147483744;0;4274267907;4026531896;57;2147483748;0;f0000038000000398000006400;5ebf3944cf51dcf4ab88d42dc54ff25a4ea969f99d7f3432e01d8accac3b11bf
4026531872;3766484880;2356;3766484836;70;2359;2147483748;0;4249102211;4026531900;70;2147483752;0;f000003c000000468000006800;3e1eee70f00a3885a59d31e7a67db662f027dd5fd4d654798e5d32114127f682
4026531896;57;3335;4026531900;70;3336;2147483752;0;4244072163;0;0;2147483700;0;00000000000000008000003400;992ea5f2e6cca7f07fb597aa5168dca6b91a12d04c352c5f0f60798c4572e4f5
4026531872;3766484880;2356;3766484852;3766484900;2363;2147483700;0;4265879299;4026531896;3766484900;2147483704;0;f0000038e07fffa48000003800;c262b34aa2368e672c9f698b899a5657332a1bcde431c1e1d834d108ab885386
4026531872;3766484880;2356;3766484860;57;3334;2147483704;0;4274268035;4026531900;57;2147483708;0;f000003c000000398000003c00;dcab19a099e9b311fb9dd5050d1596e805d9fb1474f78178921c3540119ee38d
4026531896;3766484900;3338;4026531900;57;3339;2147483708;0;16189235;4026531896;3766484957;2147483712;0;f0000038e07fffdd8000004000;5b915e0067d5cb679f4c8ac6d36d0f5bb81edbb2f590f118fff5d00a3cf13a16
4026531872;3766484880;2356;3766484856;2147487744;2361;2147483712;0;4270073475;4026531892;2147487744;2147483716;0;f0000034800010008000004400;e5925052df823c3a823798f4f66071da02522e73d1518bbc08a742f94ce1f8bb
4026531872;3766484880;2356;3766484860;57;3334;2147483716;0;4274268035;4026531900;57;2147483720;0;f000003c000000398000004800;f45c475f8dedae381f670fe37db2e47d65e19d3bc7207aaa91ea522f08db8175
4026531892;2147487744;3341;4026531900;57;3342;2147483720;0;16156595;4026531900;2147487801;2147483724;0;f000003c800010398000004c00;94da8149e68b0de132103a2b02dbf7cf3407cd42c17595375ff77ac58c4746af
4026531896;3766484957;3340;3766484956;0;2080;2147483724;0;476931;4026531896;0;2147483728;0;f0000038000000008000005000;64f9b5952cfff812e20a5b18797341cc83969d47e20cef2b0a366ae4ce49c4f6
4026531900;2147487801;3343;2147487800;4259599872;3331;2147483728;0;15171619;4026531968;4259577856;2147483728;1;f0000080fde400008000005001;4e2f6208b827ee9cfc68e8eae3b4059a942a23b7d957fd64fbbbf35fd6bc8815
4026531900;2147487801;3343;4026531896;0;3344;2147483728;1;15171619;4026531972;0;2147483728;2;f0000084000000008000005002;a4a32f34b4403138687646051d490fe8e49b67082bfda59abb4e717da19e320b
4026531968;4259577856;3345;4026531972;0;3346;2147483728;2;15171619;4026531968;4259577856;2147483728;3;f0000080fde400008000005003;bf5cb41ba5a20f9c2fa01c86c5989c7a66a2f542b96b4fcbd3c1384bf915f538
4026531900;2147487801;3343;4026531968;4259577856;3347;2147483728;3;15171619;2147487800;4259577856;2147483732;0;80001038fde400008000005400;4c03f3bd8097bb2c649b5dc73c1f9ba2897aa29d9ec2095932142280e99b4ce7
4026531872;3766484880;2356;3766484860;57;3334;2147483732;0;4274268035;4026531900;57;2147483736;0;f000003c000000398000005800;dc63a2c3bfb56af61045c2fa1ff48124d9cfa367e8462014e37c1bdc932abd91
4026531900;57;3349;0;0;0;2147483736;0;1542035;4026531900;58;2147483740;0;f000003c0000003a8000005c00;bbd71d4aa37197e9220c043360e8749294f0f95fd848adc13ea44cad61a503e6
4026531872;3766484880;2356;4026531900;58;3350;2147483740;0;4277413411;3766484860;58;2147483744;0;e07fff7c0000003a8000006000;bc2fe6dde5ef0305a30c21ddcf93689f5f4803df4d7d300d7e1f58428d263b80
4026531872;3766484880;2356;3766484860;58;3351;2147483744;0;4274267907;4026531896;58;2147483748;0;f00000380000003a8000006400;220719996c7290c9781d7a890610d9577a11f38ebdef2993bb81c89136c071bf
4026531872;3766484880;2356;3766484836;70;2359;2147483748;0;4249102211;4026531900;70;2147483752;0;f000003c000000468000006800;84b0f3fd62c79b8c44dfd8669fa40b36ede555323edf843bd27adfa4b386ca1b
4026531896;58;3352;4026531900;70;3353;2147483752;0;4244072163;0;0;2147483700;0;00000000000000008000003400;aab0f2a40f3fefa5aa6fab11a3233c599b416a0f8ceb04c21a31fc0fa8c433b7
4026531872;3766484880;2356;3766484852;3766484900;2363;2147483700;0;4265879299;4026531896;3766484900;2147483704;0;f0000038e07fffa48000003800;5683b703eda3543833821a2954fb3feb8fafc8419399a06b06a0a57a2ba80e48
4026531872;3766484880;2356;3766484860;58;3351;2147483704;0;4274268035;4026531900;58;2147483708;0;f000003c0000003a8000003c00;a37b58260e37248fd92d77dce88d7a1b5caba7c464ce6512faf819b072060115
4026531896;3766484900;3355;4026531900;58;3356;2147483708;0;16189235;4026531896;3766484958;2147483712;0;f0000038e07fffde8000004000;6598743539dd35a299ea65b36a9802e57ce339d50623a43b30721a9f54b9d0ae
4026531872;3766484880;2356;3766484856;2147487744;2361;2147483712;0;4270073475;4026531892;2147487744;2147483716;0;f0000034800010008000004400;1915a10eadda9280a091cca739d839a72cd5429ea7152d72fa594934bdfeb0ba
4026531872;3766484880;2356;3766484860;58;3351;2147483716;0;4274268035;4026531900;58;2147483720;0;f000003c0000003a8000004800;18c06355be17f70eef6802247760076c2e15614edd7999022b89176bb723347c
4026531892;2147487744;3358;4026531900;58;3359;2147483720;0;16156595;4026531900;2147487802;2147483724;0;f000003c8000103a8000004c00;86b39dd1276b435d59cc87997e7fed61bcd08f12b44110b731b2479a7b610d42
4026531896;3766484958;3357;3766484956;0;2080;2147483724;0;476931;4026531896;0;2147483728;0;f0000038000000008000005000;bbd92a7780c416c041a0fec20b56da7cdf15d70015ed3720b14d2bc3269d612d
4026531900;2147487802;3360;2147487800;4259577856;3348;2147483728;0;15171619;4026531968;4244635648;2147483728;1;f0000080fd0000008000005001;b6dcf84098d9311cb1eab7cbc8e6182ca6c18439aebc0bb0f7891f7ad5219d5b
4026531900;2147487802;3360;4026531896;0;3361;2147483728;1;15171619;4026531972;0;2147483728;2;f0000084000000008000005002;6b23810dcf98621628962a8047eda53aabdcd1ab21c5ca73b5524e9c7e7bfbc4
4026531968;4244635648;3362;4026531972;0;3363;2147483728;2;15171619;4026531968;4244635648;2147483728;3;f0000080fd0000008000005003;e4716013c19e9239f61fa4fa1b7f95fd62a90a4e9269ed78cecc70a2b0b1c38d
4026531900;2147487802;3360;4026531968;4244635648;3364;2147483728;3;15171619;2147487800;4244635648;2147483732;0;80001038fd0000008000005400;0dc14101e845552b6bae69e23aa45fb88b1e58820c13921d3cc53d41a5e59182
4026531872;3766484880;2356;3766484860;58;3351;2147483732;0;4274268035;4026531900;58;2147483736;0;f000003c0000003a8000005800;5ff279d20cc655538633aff08a050c0a1c47986dca6dc5e087b8ae9b39c800a3
4026531900;58;3366;0;0;0;2147483736;0;1542035;4026531900;59;2147483740;0;f000003c0000003b8000005c00;4cfde3a6be3e72ef2e76de9d5386a6e1c2f14bba08207427ce7c625e2a71caf2
4026531872;3766484880;2356;4026531900;59;3367;2147483740;0;4277413411;3766484860;59;2147483744;0;e07fff7c0000003b8000006000;43f4906a7fef3318c7dae3e1def3e2359819981400e9e0335c67d79a15275f3e
4026531872;3766484880;2356;3766484860;59;3368;2147483744;0;4274267907;4026531896;59;2147483748;0;f00000380000003b8000006400;7207b40585fef64adb441ccd03aad3834710c904cc347c4b2353ad2429bd05ee
4026531872;3766484880;2356;3766484836;70;2359;2147483748;0;4249102211;4026531900;70;2147483752;0;f000003c000000468000006800;215b6e8642e696457a8174426612e94eea7d2d81e4e5986ff634228ebf07d242
4026531896;59;3369;4026531900;70;3370;2147483752;0;4244072163;0;0;2147483700;0;00000000000000008000003400;9d2189639b11fedb863850e52a949648ba2be72c34eef8961a1124d5dfe961fd
4026531872;3766484880;2356;3766484852;3766484900;2363;2147483700;0;4265879299;4026531896;3766484900;2147483704;0;f0000038e07fffa48000003800;a9a3bc745db5ff072a2622b751d221e36797c71b5d8453cc4af1f2aa952409a3
4026531872;3766484880;2356;3766484860;59;3368;2147483704;0;4274268035;4026531900;59;2147483708;0;f000003c0000003b8000003c00;07a8b4319a47362b82ca3cf1e40e5b49a1849df7fed11f3d1929e972bdbb12a7
4026531896;3766484900;3372;4026531900;59;3373;2147483708;0;16189235;4026531896;3766484959;2147483712;0;f0000038e07fffdf8000004000;680477079f79874cff2926a297da98e3afe38cbb7edf5cb97fa5b769e6800e79
4026531872;3766484880;2356;3766484856;2147487744;2361;2147483712;0;4270073475;4026531892;2147487744;2147483716;0;f0000034800010008000004400;c0264cf6a27b624f73c1aff77ce648235b491d3ca0bf291a7ba44cd3404bd2e4
4026531872;3766484880;2356;3766484860;59;3368;2147483716;0;4274268035;4026531900;59;2147483720;0;f000003c0000003b8000004800;56f1378fa7bb1b3a45fcf6c39da8424a0df36609269f96536a411b433426226d
4026531892;2147487744;3375;4026531900;59;3376;2147483720;0;16156595;4026531900;2147487803;2147483724;0;f000003c8000103b8000004c00;ecf8ba5e9497b8cc0d3b8a3f9c14ce54a93e69110e9786097f0037b802cc1dde
4026531896;3766484959;3374;3766484956;0;2080;2147483724;0;476931;4026531896;0;2147483728;0;f0000038000000008000005000;e0e59c6e3383794ab73f93734586992690e75314d45d22af01bcdf996ebd6f8b
4026531900;2147487803;3377;2147487800;4244635648;3365;2147483728;0;15171619;4026531968;0;2147483728;1;f0000080000000008000005001;6fcef18f7ff4ca0c14a2214b56e6de0828d865bffe269bef35a213db81586d36
4026531900;2147487803;3377;4026531896;0;3378;2147483728;1;15171619;4026531972;0;2147483728;2;f0000084000000008000005002;c45d342acf19af4e58ff68b7bef0b1439c055e7fe587f1bdf44318d095f0d29a
4026531968;0;3379;4026531972;0;3380;2147483728;2;15171619;4026531968;0;2147483728;3;f0000080000000008000005003;45871fc845abc341b34bb242bc129c9d98c4534dab10e4f72b9ee810229973bc
4026531900;2147487803;3377;4026531968;0;3381;2147483728;3;15171619;2147487800;0;2147483732;0;80001038000000008000005400;985546b4df46e95d21c8ca297dd631694fdd9d490e6baf99e7e783a2eb199190
4026531872;3766484880;2356;3766484860;59;3368;2147483732;0;4274268035;4026531900;59;2147483736;0;f000003c0000003b8000005800;238e8cd882f95a8d4a31f42f21603feff8deb0dcf1956de4fb097117e47595c7
4026531900;59;3383;0;0;0;2147483736;0;1542035;4026531900;60;2147483740;0;f000003c0000003c8000005c00;3d4adde4a666cae611d474c9992f41f850640dab6c2abd0c9955af527fa426a9
4026531872;3766484880;2356;4026531900;60;3384;2147483740;0;4277413411;3766484860;60;2147483744;0;e07fff7c0000003c8000006000;bf03f9ba3c1950088f0c74eabafba94f4b47c09167612a2ff3635bfc969a0a6e
4026531872;3766484880;2356;3766484860;60;3385;2147483744;0;4274267907;4026531896;60;2147483748;0;f00000380000003c8000006400;41412ee3596f19d3a0f461dadb6adcb74a9a00d8acd38afcb8e979ee479a515c
4026531872;3766484880;2356;3766484836;70;2359;2147483748;0;4249102211;4026531900;70;2147483752;0;f000003c000000468000006800;55029b17669754d06a0ce50711bba59db8f953fc116bb3c2264e45619d67476d
4026531896;60;3386;4026531900;70;3387;2147483752;0;4244072163;0;0;2147483700;0;00000000000000008000003400;3fdac8f6e085a47f1e3c83285acfaa1f438b11cf13c45260116a52bdaa804a29
4026531872;3766484880;2356;3766484852;3766484900;2363;2147483700;0;4265879299;4026531896;3766484900;2147483704;0;f0000038e07fffa48000003800;bd79d7f40a1333104d8bff25d76a2243f1003e0cba3542d20e277f80a7bcc201
4026531872;3766484880;2356;3766484860;60;3385;2147483704;0;4274268035;4026531900;60;2147483708;0;f000003c0000003c8000003c00;67d453630fdf370e75179dfb752db6c1f5ccdb0198b1ac623c3477d8edc3a5a2
4026531896;3766484900;3389;4026531900;60;3390;2147483708;0;16189235;4026531896;3766484960;2147483712;0;f0000038e07fffe08000004000;f61fde94b20c350c2afa657edebfe4ee14e6fafcce832db4b78dbb46b6ec766a
4026531872;3766484880;2356;3766484856;2147487744;2361;2147483712;0;4270073475;4026531892;2147487744;2147483716;0;f0000034800010008000004400;91ead6a78d7cdb682016101cc98b78d15dfca67dc692367a1494546759cc81fb
4026531872;3766484880;2356;3766484860;60;3385;2147483716;0;4274268035;4026531900;60;2147483720;0;f000003c0000003c8000004800;355f8e0d756aae46dd60a9b585b0996e2f3e02297445a3d4e4a6a5c0ab82aa6f
4026531892;2147487744;3392;4026531900;60;3393;2147483720;0;16156595;4026531900;2147487804;2147483724;0;f000003c8000103c8000004c00;81b3acb909f4d83d444c6d701f4589e59acc916bcffb344bea84e2cb2befb8af
4026531896;3766484960;3391;3766484960;0;2140;2147483724;0;476931;4026531896;0;2147483728;0;f0000038000000008000005000;c8fc708272a996e0c4ad3bbd8cc4ffefd567fb537440419936ec451c46b8a053
4026531900;2147487804;3394;2147487804;423443;4294967295;2147483728;0;15171619;4026531968;423424;2147483728;1;f0000080000676008000005001;7de32153615df57298bafdbe6159aaa038dba95a8b9d5ed6cf4f274ee344ded5
4026531900;2147487804;3394;4026531896;0;3395;2147483728;1;15171619;4026531972;0;2147483728;2;f0000084000000008000005002;5e0bef4cff7eb2b907c544d9b4f234365778f3316842bb036be631fcd74d5052
4026531968;423424;3396;4026531972;0;3397;2147483728;2;15171619;4026531968;423424;2147483728;3;f0000080000676008000005003;3e04cd3dc7cd72bfcd029ea36e088b5a46343d55b6cfd0e94af26bcac2056967
4026531900;2147487804;3394;4026531968;423424;3398;2147483728;3;15171619;2147487804;423424;2147483732;0;8000103c000676008000005400;0184e15081083b9864bdd499cccd7be57f50c11cdbe77221a24682965afb64a1
4026531872;3766484880;2356;3766484860;60;3385;2147483732;0;4274268035;4026531900;60;2147483736;0;f000003c0000003c8000005800;ffd6ff1c866d6c1c900aa483ba5a755d48e7b43c0786069a66d3330a25c20be5
4026531900;60;3400;0;0;0;2147483736;0;1542035;4026531900;61;2147483740;0;f000003c0000003d8000005c00;43818c655a5e18cb822ea36829f78f47707d68721ae5d299996bfb5b70f29084
4026531872;3766484880;2356;4026531900;61;3401;2147483740;0;4277413411;3766484860;61;2147483744;0;e07fff7c0000003d8000006000;c8cff60b0f8d2cbaa7bb9823fc00d74becc7e12714dcb97162681d70123a4add
4026531872;3766484880;2356;3766484860;61;3402;2147483744;0;4274267907;4026531896;61;2147483748;0;f00000380000003d8000006400;282aa88ca49b161ab7c88057df5e9a23b4af0ae5e31f885471dcc185266e23e8
4026531872;3766484880;2356;3766484836;70;2359;2147483748;0;4249102211;4026531900;70;2147483752;0;f000003c000000468000006800;ac69a8b2d0197b20a7c8bcd21bf0d09f577c37ae85a7cb3b74a16e9eee1f9b81
4026531896;61;3403;4026531900;70;3404;2147483752;0;4244072163;0;0;2147483700;0;00000000000000008000003400;f44a0976e027c2e407c0197ed2a21e617adce98e3e72ec452913c69df3fea9d4
4026531872;3766484880;2356;3766484852;3766484900;2363;2147483700;0;4265879299;4026531896;3766484900;2147483704;0;f0000038e07fffa48000003800;73cf181950a74213f0162f103c7dd199d7c3ed95eb95853d50a0f71cca796d51
4026531872;3766484880;2356;3766484860;61;3402;2147483704;0;4274268035;4026531900;61;2147483708;0;f000003c0000003d8000003c00;3e4d03ac23fc1a45dfb52cc100fdf5817bc7e7d93de7131f52adecc694481bca
4026531896;3766484900;3406;4026531900;61;3407;2147483708;0;16189235;4026531896;3766484961;2147483712;0;f0000038e07fffe18000004000;8e9dda9b85f82a35d40001d822157c9b2511091d0a0af9727706d315206b53fe
4026531872;3766484880;2356;3766484856;2147487744;2361;2147483712;0;4270073475;4026531892;2147487744;2147483716;0;f0000034800010008000004400;388d9b5b6115f14372b6a3195a6be4c55d4dde2a3e67fe83c222cd9cef0ebf8b
4026531872;3766484880;2356;3766484860;61;3402;2147483716;0;4274268035;4026531900;61;2147483720;0;f000003c0000003d8000004800;573bf70502911cf875f58d04491b54b27cee97f11ba649093b10bad137268ca9
4026531892;2147487744;3409;4026531900;61;3410;2147483720;0;16156595;4026531900;2147487805;2147483724;0;f000003c8000103d8000004c00;256eeaf8a0d5931dd115e96ae6193a7dde22a48edcc346e90e0804809758098a
4026531896;3766484961;3408;3766484960;0;2140;2147483724;0;476931;4026531896;0;2147483728;0;f0000038000000008000005000;157c5437d1f3f383dc7a2246acae5b911f2cdf3c59d190995e5ce0c5db5be87d
4026531900;2147487805;3411;2147487804;423424;3399;2147483728;0;15171619;4026531968;393216;2147483728;1;f0000080000600008000005001;db2e0eb830424360acd3abb57dbb424c48a046f4f6156b25a075b2e1572688eb
4026531900;2147487805;3411;4026531896;0;3412;2147483728;1;15171619;4026531972;0;2147483728;2;f0000084000000008000005002;7b235d650b4d5aeff1e84d02b02e76e9c33e5efba1442c6f4cf301e9a0a38e0c
4026531968;393216;3413;4026531972;0;3414;2147483728;2;15171619;4026531968;393216;2147483728;3;f0000080000600008000005003;66142462fa7cf5ab286d0badb0584169770ad88fbcbac59b0880d79b0c9b6c8b
4026531900;2147487805;3411;4026531968;393216;3415;2147483728;3;15171619;2147487804;393216;2147483732;0;8000103c000600008000005400;95863f868e2f83f490a75102e6c6a14e27991a1304bdf3240d53267ee3d0011a
4026531872;3766484880;2356;3766484860;61;3402;2147483732;0;4274268035;4026531900;61;2147483736;0;f000003c0000003d8000005800;67e56eac33871bd722f41dfb257b1cb471e2fa54f22bfe772214fefe7e693d83
4026531900;61;3417;0;0;0;2147483736;0;1542035;4026531900;62;2147483740;0;f000003c0000003e8000005c00;8a63fef93aa2a4a71af4ade7b8324d31ca8192011c0be64638d5dbc405ef1286
4026531872;3766484880;2356;4026531900;62;3418;2147483740;0;4277413411;3766484860;62;2147483744;0;e07fff7c0000003e8000006000;631277a8433a4239845a124c3ca9f05b356f15a870a22194962da06585f31d3e
4026531872;3766484880;2356;3766484860;62;3419;2147483744;0;4274267907;4026531896;62;2147483748;0;f00000380000003e8000006400;684991b5a868ed80f31651367673525f92ac195133cdcf80f750e2a644735cfa
4026531872;3766484880;2356;3766484836;70;2359;2147483748;0;4249102211;4026531900;70;2147483752;0;f000003c000000468000006800;9cb05dc4c715fa384d1bbcbbb16a81321801a8c589e3883a287f9943dd0941a3
4026531896;62;3420;4026531900;70;3421;2147483752;0;4244072163;0;0;2147483700;0;00000000000000008000003400;36f50a02112eb655b8b81022ec510da8494dec9ed7abe9ceed203d5c47bf238a
4026531872;3766484880;2356;3766484852;3766484900;2363;2147483700;0;4265879299;4026531896;3766484900;2147483704;0;f0000038e07fffa48000003800;ffb2482c22a887eb1ee5ffabfaea8ca69c71593c87ea8711f155666327ac554e
4026531872;3766484880;2356;3766484860;62;3419;2147483704;0;4274268035;4026531900;62;2147483708;0;f000003c0000003e8000003c00;fdbeffe3d678888f2d16fe05d94b92fa3a49f10f95dcf6f51535a7d3575ae690
4026531896;3766484900;3423;4026531900;62;3424;2147483708;0;16189235;4026531896;3766484962;2147483712;0;f0000038e07fffe28000004000;73fa9b41c39a6cd13df735aee89fc0edacbefba332eae558359bca12049af096
4026531872;3766484880;2356;3766484856;2147487744;2361;2147483712;0;4270073475;4026531892;2147487744;2147483716;0;f0000034800010008000004400;23ccb90898ed8867ce96006149366d24713241abbffaee06cfc7f59c373028b9
4026531872;3766484880;2356;3766484860;62;3419;2147483716;0;4274268035;4026531900;62;2147483720;0;f000003c0000003e8000004800;e43796cf30de187d141ab07cb73a93da81b36d980969d327308774e4374b9bb5
4026531892;2147487744;3426;4026531900;62;3427;2147483720;0;16156595;4026531900;2147487806;2147483724;0;f000003c8000103e8000004c00;43c506cc845368d9b12f9bc04ea0a214ed7df4e04a3c479529ddd9766ab1f96e
4026531896;3766484962;3425;3766484960;0;2140;2147483724;0;476931;4026531896;0;2147483728;0;f0000038000000008000005000;80b9197502725b270a346916e2da41bb4889addbbba4ff5efb53db264eb2332e
4026531900;2147487806;3428;2147487804;393216;3416;2147483728;0;15171619;4026531968;0;2147483728;1;f0000080000000008000005001;5a2d0598c777391b223449c5df11f56a0270890845d9729f8d91f919bd23f11b
4026531900;2147487806;3428;4026531896;0;3429;2147483728;1;15171619;4026531972;0;2147483728;2;f0000084000000008000005002;cfea833ab9794e648dc4a2ea07a0ce7782e8468e911603f53eca0f81e3308ea4
4026531968;0;3430;4026531972;0;3431;2147483728;2;15171619;4026531968;0;2147483728;3;f0000080000000008000005003;58e085090b3ec3632ae8a0f3dd02a473b31b5e5e040d9431f04667a370aac2f5
4026531900;2147487806;3428;4026531968;0;3432;2147483728;3;15171619;2147487804;0;2147483732;0;8000103c000000008000005400;00e5470e28d4663003b36e1946a166e198e01e14b2083784fa5304992b33ee23
4026531872;3766484880;2356;3766484860;62;3419;2147483732;0;4274268035;4026531900;62;2147483736;0;f000003c0000003e8000005800;5db6a3e5e8273b520d68e54641e9c5db2b530a855fbac760b1a82da63e82adc5
4026531900;62;3434;0;0;0;2147483736;0;1542035;4026531900;63;2147483740;0;f000003c0000003f8000005c00;f42ed02ca2e9ff3ceec1464276032f5d941e280a2535a6595e40fefeaf39791b
4026531872;3766484880;2356;4026531900;63;3435;2147483740;0;4277413411;3766484860;63;2147483744;0;e07fff7c0000003f8000006000;fdb8408be506d4536c438fd651554d1deaabb2de5017728c02115bb6f342d320
4026531872;3766484880;2356;3766484860;63;3436;2147483744;0;4274267907;4026531896;63;2147483748;0;f00000380000003f8000006400;bd45c1ed7fb68e186860d0a74ef9b27a210538471c362954571fe838bf1b57da
4026531872;3766484880;2356;3766484836;70;2359;2147483748;0;4249102211;4026531900;70;2147483752;0;f000003c000000468000006800;2d90f37c436c1a415ea72ad2918975ea60cc24f65179416667c48bec15453218
4026531896;63;3437;4026531900;70;3438;2147483752;0;4244072163;0;0;2147483700;0;00000000000000008000003400;7bf96b13941c35a314b297dd78875645b55850eaeb8ca86c6d9bd37a1431f06e
4026531872;3766484880;2356;3766484852;3766484900;2363;2147483700;0;4265879299;4026531896;3766484900;2147483704;0;f0000038e07fffa48000003800;11f789a52a3e1fd0d22285c61cf16b7bb0bb24364f2a499bb1a90a8fc61b0093
4026531872;3766484880;2356;3766484860;63;3436;2147483704;0;4274268035;4026531900;63;2147483708;0;f000003c0000003f8000003c00;120b70c9c4a1c915b7b0b09e1613a72c2c37845f5c7951e713af46c68bd6bdcb
4026531896;3766484900;3440;4026531900;63;3441;2147483708;0;16189235;4026531896;3766484963;2147483712;0;f0000038e07fffe38000004000;6e76a824439b129c554ad4f693b8860e5380078596c146cec665197c2f82a378
4026531872;3766484880;2356;3766484856;2147487744;2361;2147483712;0;4270073475;4026531892;2147487744;2147483716;0;f0000034800010008000004400;2c646f106e1d6657189eb5a0d36f19007ad0fd2aa6ba1d1a6fa993f5a8a3d16d
4026531872;3766484880;2356;3766484860;63;3436;2147483716;0;4274268035;4026531900;63;2147483720;0;f000003c0000003f8000004800;7169e1e69f6c0a89da21167afdb0f3efd4bda6bf253ab025a4073cdcd064891b
4026531892;2147487744;3443;4026531900;63;3444;2147483720;0;16156595;4026531900;2147487807;2147483724;0;f000003c8000103f8000004c00;29f98fe526f93353760fdaa53634f0446fe5c2047b9d2062ff90235b4999527a
4026531896;3766484963;3442;3766484960;0;2140;2147483724;0;476931;4026531896;0;2147483728;0;f0000038000000008000005000;29cd920fb7d210e89c6dbf9b5982e8db463d261d6b9ec4db389107165d056064
4026531900;2147487807;3445;2147487804;0;3433;2147483728;0;15171619;4026531968;0;2147483728;1;f0000080000000008000005001;9179d3e5f71a90ae08feb27e9250d069479ee2bea4bdf592b3e3112a0a5c569b
4026531900;2147487807;3445;4026531896;0;3446;2147483728;1;15171619;4026531972;0;2147483728;2;f0000084000000008000005002;5a5ec312973c722dd55aa00a26a616544f241ce56f8ff6874a0ce3980575ce90
4026531968;0;3447;4026531972;0;3448;2147483728;2;15171619;4026531968;0;2147483728;3;f0000080000000008000005003;c57a32863aac8ff35161969041bd0d506a3fc571fdb876ab038b7f58e3e55988
4026531900;2147487807;3445;4026531968;0;3449;2147483728;3;15171619;2147487804;0;2147483732;0;8000103c000000008000005400;042ead8b748a525a4533fca936895460275a06fc9ba91ace8b98181fec1f40e2
4026531872;3766484880;2356;3766484860;63;3436;2147483732;0;4274268035;4026531900;63;2147483736;0;f000003c0000003f8000005800;5d8303f17abb55f64f525ec43edff095dff8d6611490e292fa69404e6c0ac159
4026531900;63;3451;0;0;0;2147483736;0;1542035;4026531900;64;2147483740;0;f000003c000000408000005c00;f42bd6a4be190f59fe8f834d1b932ff53f0a298e97ee8900d3464dfaa8de4e0b
4026531872;3766484880;2356;4026531900;64;3452;2147483740;0;4277413411;3766484860;64;2147483744;0;e07fff7c000000408000006000;91096472841172438e442f7a7c0db60ffae9e98742fea1fa123aab5e55047bff
4026531872;3766484880;2356;3766484860;64;3453;2147483744;0;4274267907;4026531896;64;2147483748;0;f0000038000000408000006400;d35268e669f44a425935e660daf4ed568586e97923489eadc9f09ccbccff881b
4026531872;3766484880;2356;3766484836;70;2359;2147483748;0;4249102211;4026531900;70;2147483752;0;f000003c000000468000006800;b4cd0505b1781e9d252dd092adff2113aac897bff554688046b2fafcb3a6a102
4026531896;64;3454;4026531900;70;3455;2147483752;0;4244072163;0;0;2147483700;0;00000000000000008000003400;c20b1c1df7c846efc2613bfd141237dc4cfafd704faad9da8b3e6f859955a871
4026531872;3766484880;2356;3766484852;3766484900;2363;2147483700;0;4265879299;4026531896;3766484900;2147483704;0;f0000038e07fffa48000003800;9102afec7df84acb252503d8c826b1d6f2845e93dfe6cffefb79b52d6c1ac5ea
4026531872;3766484880;2356;3766484860;64;3453;2147483704;0;4274268035;4026531900;64;2147483708;0;f000003c000000408000003c00;fc42afe4405c605e60600b624c8adda5e8c66d88c918abb8c9fefd004eb1a1e6
4026531896;3766484900;3457;4026531900;64;3458;2147483708;0;16189235;4026531896;3766484964;2147483712;0;f0000038e07fffe48000004000;eec4c5d21588acae17bec5fde97b0e9c5945018dba4213d507785c85a149ab1d
4026531872;3766484880;2356;3766484856;2147487744;2361;2147483712;0;4270073475;4026531892;2147487744;2147483716;0;f0000034800010008000004400;1c3b56d721e3f081d0df3d8bcf07ba8741720b92ca0a73d1cb56bc947ca1c540
4026531872;3766484880;2356;3766484860;64;3453;2147483716;0;4274268035;4026531900;64;2147483720;0;f000003c000000408000004800;ff211e2e07a04fcde8fcd83cda2067e81dcee091dbe3106722ff1dfee049f674
4026531892;2147487744;3460;4026531900;64;3461;2147483720;0;16156595;4026531900;2147487808;2147483724;0;f000003c800010408000004c00;e3a57e4a3589c798aa6937852c52a1528f95a71870e90e2e0475ebd6c519716d
4026531896;3766484964;3459;3766484964;0;2200;2147483724;0;476931;4026531896;0;2147483728;0;f0000038000000008000005000;178e8999853227e2bab1ee078599bc17c720d5f07223a4b788bd0ca380fa411e
4026531900;2147487808;3462;2147487808;14050995;4294967295;2147483728;0;15171619;4026531968;14050816;2147483728;1;f000008000d666008000005001;09aae8b23dc4e2d86070d4b0dc083df73538dbc6cac0d3cba01e038b1ff01144
4026531900;2147487808;3462;4026531896;0;3463;2147483728;1;15171619;4026531972;0;2147483728;2;f0000084000000008000005002;312f5380e420ecd12259908ab9d92536f996b133edde9a0820b88da0b10eb60a
4026531968;14050816;3464;4026531972;0;3465;2147483728;2;15171619;4026531968;14050816;2147483728;3;f000008000d666008000005003;c486f0d4f19ef14c2a59086f8a6f41be1890d376f8372e4450844296090506c0
4026531900;2147487808;3462;4026531968;14050816;3466;2147483728;3;15171619;2147487808;14050816;2147483732;0;8000104000d666008000005400;53fa803958eea9337066f10c64198e1af91b6d6487445849bd71059ab0f0dfb1
4026531872;3766484880;2356;3766484860;64;3453;2147483732;0;4274268035;4026531900;64;2147483736;0;f000003c000000408000005800;c6010d86512ce5589c11d73541edbd50f52006e16c612cbffa541bf9d7606038
4026531900;64;3468;0;0;0;2147483736;0;1542035;4026531900;65;2147483740;0;f000003c000000418000005c00;9bd20b56b3ddfb6f87b9126e62b2a3c8c02de7d7eec89f052aad2ca64915a1cb
4026531872;3766484880;2356;4026531900;65;3469;2147483740;0;4277413411;3766484860;65;2147483744;0;e07fff7c000000418000006000;63f341bcc68bb9f89dd9ac6eefa8cec10886f4bbd6c4f5319c8eef4f685c0d53
4026531872;3766484880;2356;3766484860;65;3470;2147483744;0;4274267907;4026531896;65;2147483748;0;f0000038000000418000006400;550ce88257e87a847eb2d975796af72c6a2fca1c56ae22f281efa9ed1131eee5
4026531872;3766484880;2356;3766484836;70;2359;2147483748;0;4249102211;4026531900;70;2147483752;0;f000003c000000468000006800;c7a5820541d67279b6bd8c547b71c55bf38c3de5b4c81b6199bc16692cc2d593
4026531896;65;3471;4026531900;70;3472;2147483752;0;4244072163;0;0;2147483700;0;00000000000000008000003400;a9de699fda7dfe2e6a6e5822882f787d72edb229b4e73c0b6aa65708fd499330
4026531872;3766484880;2356;3766484852;3766484900;2363;2147483700;0;4265879299;4026531896;3766484900;2147483704;0;f0000038e07fffa48000003800;43da333cfba555b52cda2c0284a06febe3c476f6b016ebc9869596f82d93b13a
4026531872;3766484880;2356;3766484860;65;3470;2147483704;0;4274268035;4026531900;65;2147483708;0;f000003c000000418000003c00;48452e39284e96a57e72db1c9e38f7108cb8ef15275343f5da8effe9ed17611b
4026531896;3766484900;3474;4026531900;65;3475;2147483708;0;16189235;4026531896;3766484965;2147483712;0;f0000038e07fffe58000004000;4b2c062e349c81cb5d3fa12efd5d9d456e4b009e559742efb00fdb4badbe9756
4026531872;3766484880;2356;3766484856;2147487744;2361;2147483712;0;4270073475;4026531892;2147487744;2147483716;0;f0000034800010008000004400;7444ff057f895f37be31f0d5a8e296fdc39095691205dec08e39fb7f724e3ab5
4026531872;3766484880;2356;3766484860;65;3470;2147483716;0;4274268035;4026531900;65;2147483720;0;f000003c000000418000004800;87e10ec2a22836c8b33eeb4821d8c615c55024967e9721dc146c141f6e28bac8
4026531892;2147487744;3477;4026531900;65;3478;2147483720;0;16156595;4026531900;2147487809;2147483724;0;f000003c800010418000004c00;023f12d02a902cadc7ac227e83b8c765f1da4d5450a6f4a467e943a781f23db3
4026531896;3766484965;3476;3766484964;0;2200;2147483724;0;476931;4026531896;0;2147483728;0;f0000038000000008000005000;fef2a49570ca38c88e21105bb30ae783a94e007413c09e2e694eb9849c4cace0
4026531900;2147487809;3479;2147487808;14050816;3467;2147483728;0;15171619;4026531968;14024704;2147483728;1;f000008000d600008000005001;4a55901c190f74f5d2a5d32322b6a7b7b55613384c46fbc683492b383c2fb11f
4026531900;2147487809;3479;4026531896;0;3480;2147483728;1;15171619;4026531972;0;2147483728;2;f0000084000000008000005002;a3c746bb7343d453d3ccf1738c532ac5f66941c4a7869258dbbf22109fc47da5
4026531968;14024704;3481;4026531972;0;3482;2147483728;2;15171619;4026531968;14024704;2147483728;3;f000008000d600008000005003;c50b6de5b4e719a97b5775f3965f158326d79142a9b05805989d04425ced4097
4026531900;2147487809;3479;4026531968;14024704;3483;2147483728;3;15171619;2147487808;14024704;2147483732;0;8000104000d600008000005400;eff12e8d58d1c540e8df2a03162396709fdeecc583a0ff980850068ea4c965db
4026531872;3766484880;2356;3766484860;65;3470;2147483732;0;4274268035;4026531900;65;2147483736;0;f000003c000000418000005800;ab870373ad6a2ada2c6a84748a4621c67587f61c449cd4accedcace20d547d5e
4026531900;65;3485;0;0;0;2147483736;0;1542035;4026531900;66;2147483740;0;f000003c000000428000005c00;16b6338f1de7b4b7f261744a1466808d00604f95811bf7a27e7eeba7ace886cf
4026531872;3766484880;2356;4026531900;66;3486;2147483740;0;4277413411;3766484860;66;2147483744;0;e07fff7c000000428000006000;8abb4ca96853c702db2a2ebd90963841a9801cfba528d55c678f95a9c5eb767d
4026531872;3766484880;2356;3766484860;66;3487;2147483744;0;4274267907;4026531896;66;2147483748;0;f0000038000000428000006400;eae4d076f2202b3baec2c5b75d5027e65c475ae97c5385141338a6525eac0436
4026531872;3766484880;2356;3766484836;70;2359;2147483748;0;4249102211;4026531900;70;2147483752;0;f000003c000000468000006800;9478a63fb4fa74b1e8a7a2fb7a493d333ef2d0710c25232c6376632a644eeb80
4026531896;66;3488;4026531900;70;3489;2147483752;0;4244072163;0;0;2147483700;0;00000000000000008000003400;3a56836c0142f45b3ebfb8a601d0d4fe4c1ab579ee568956ea6355394c273664
4026531872;3766484880;2356;3766484852;3766484900;2363;2147483700;0;4265879299;4026531896;3766484900;2147483704;0;f0000038e07fffa48000003800;b30b6083842d3c14b0bce0d5cd67f038aadadcc0d1dee8013234f89f5446b19e
4026531872;3766484880;2356;3766484860;66;3487;2147483704;0;4274268035;4026531900;66;2147483708;0;f000003c000000428000003c00;2e3dd63f1a15f03718f08a4b78e00ae563ba771548c7e2ffc80bedef10b7fccb
4026531896;3766484900;3491;4026531900;66;3492;2147483708;0;16189235;4026531896;3766484966;2147483712;0;f0000038e07fffe68000004000;3bbab768e342b486c996ae78ea1a845c0cdef2bea16d1cebe1936c5297a59180
4026531872;3766484880;2356;3766484856;2147487744;2361;2147483712;0;4270073475;4026531892;2147487744;2147483716;0;f0000034800010008000004400;3e2b0c7e396f23e628791250d884e61443b1be0bb2e7efd6a1cea26ae1a4e1f7
4026531872;3766484880;2356;3766484860;66;3487;2147483716;0;4274268035;4026531900;66;2147483720;0;f000003c000000428000004800;b92f2be608d5de122fcb49ca262b9d3ca288675034de3c43347ba5aba81ded35
4026531892;2147487744;3494;4026531900;66;3495;2147483720;0;16156595;4026531900;2147487810;2147483724;0;f000003c800010428000004c00;0db08e32b31ee1c8424c7dbd17f168e7927ad73bbedcfe250a0fc6df83cc8b0e
4026531896;3766484966;3493;3766484964;0;2200;2147483724;0;476931;4026531896;0;2147483728;0;f0000038000000008000005000;b7d1d17cdac9f5d259153af137895e17faa0b163a57fd95be59f39a8403440b5
4026531900;2147487810;3496;2147487808;14024704;3484;2147483728;0;15171619;4026531968;0;2147483728;1;f0000080000000008000005001;9c05fc09b4311cc74d611dfe4a7f6b15ab9520db531f47cefd143f13cb37066a
4026531900;2147487810;3496;4026531896;0;3497;2147483728;1;15171619;4026531972;0;2147483728;2;f0000084000000008000005002;5cc7c257edde1d5806402284e325daa1eb5b09ce898dc2f58259a0185ce45386
4026531968;0;3498;4026531972;0;3499;2147483728;2;15171619;4026531968;0;2147483728;3;f0000080000000008000005003;4fd108df792de841f76942de6ac64043d1679af16b6c4c5bdc340eb1e52ed0e0
4026531900;2147487810;3496;4026531968;0;3500;2147483728;3;15171619;2147487808;0;2147483732;0;80001040000000008000005400;f62aeb5e86f6c8f3f5a26e4e7f193fe6432bf18a5ed2985e5250ece2ef0d6f04
4026531872;3766484880;2356;3766484860;66;3487;2147483732;0;4274268035;4026531900;66;2147483736;0;f000003c000000428000005800;a028887f7de8e021d11b439f551de195ddf400825c2e3db10994664743e98184
4026531900;66;3502;0;0;0;2147483736;0;1542035;4026531900;67;2147483740;0;f000003c000000438000005c00;a3e4f0fdf26fd8d8941239058b121c1e09b96a963cc97a855401a0baa4331909
4026531872;3766484880;2356;4026531900;67;3503;2147483740;0;4277413411;3766484860;67;2147483744;0;e07fff7c000000438000006000;83224df6c10ca045a91702270119400bd6397b4b03d0d0fe5e27a2125019628c
4026531872;3766484880;2356;3766484860;67;3504;2147483744;0;4274267907;4026531896;67;2147483748;0;f0000038000000438000006400;6ccb2fd1e547f90c1a3a9bfe68b37567d8027c2cc645ebe1e174c7d5fa0473b0
4026531872;3766484880;2356;3766484836;70;2359;2147483748;0;4249102211;4026531900;70;2147483752;0;f000003c000000468000006800;6aef5a2050611e4532badf9712b2caba29f0fe3300b42868ecc6dd313f5774e1
4026531896;67;3505;4026531900;70;3506;2147483752;0;4244072163;0;0;2147483700;0;00000000000000008000003400;6b6c9b05f68ab61f17d868c38ff4a02ca8d29bcd924a18f447b53676463382d3
4026531872;3766484880;2356;3766484852;3766484900;2363;2147483700;0;4265879299;4026531896;3766484900;2147483704;0;f0000038e07fffa48000003800;04d0ee8c956737b51cb190ca516f1b64c967336fd537616334a7c4055df5c709
4026531872;3766484880;2356;3766484860;67;3504;2147483704;0;4274268035;4026531900;67;2147483708;0;f000003c000000438000003c00;471e229378eb7c8be120530fe8e87ff7063d66c7761b587c16378b69d303d973
4026531896;3766484900;3508;4026531900;67;3509;2147483708;0;16189235;4026531896;3766484967;2147483712;0;f0000038e07fffe78000004000;447d050707c51c591516b72308ad18c02252a0a718c5b4c630fd1e7954b5778c
4026531872;3766484880;2356;3766484856;2147487744;2361;2147483712;0;4270073475;4026531892;2147487744;2147483716;0;f0000034800010008000004400;d29d47f2093fedfaea111dd334bbcea9eae0494a59e9ecc562072e32f9ce7467
4026531872;3766484880;2356;3766484860;67;3504;2147483716;0;4274268035;4026531900;67;2147483720;0;f000003c000000438000004800;8f44f61afab880526e45f9706c7cbb96596390b23d52df7cd327d210a41e4c1c
4026531892;2147487744;3511;4026531900;67;3512;2147483720;0;16156595;4026531900;2147487811;2147483724;0;f000003c800010438000004c00;624e3d5e8db6b6fc5a770d99a6cbbb1fba36c171f1af9f0eb2edd341161828f3
4026531896;3766484967;3510;3766484964;0;2200;2147483724;0;476931;4026531896;0;2147483728;0;f0000038000000008000005000;c83740698e0a18588f0898e0d47eda1ab2a1c3be76f6c5a057f71898f82deb1b
4026531900;2147487811;3513;2147487808;0;3501;2147483728;0;15171619;4026531968;0;2147483728;1;f0000080000000008000005001;85baff23efe40799661a28e084d23d705c2b9b60f47e35a4be0e64dbb132336a
4026531900;2147487811;3513;4026531896;0;3514;2147483728;1;15171619;4026531972;0;2147483728;2;f0000084000000008000005002;28859403bf93bb9ab94a527ef28ba3eee81c3eaed2427a401e0dd2ccc43380fc
4026531968;0;3515;4026531972;0;3516;2147483728;2;15171619;4026531968;0;2147483728;3;f0000080000000008000005003;7d59099927efabaea1bf4bc7bdb3f3c23c0b4823c7008907dbc9054dea1a4b1e
4026531900;2147487811;3513;4026531968;0;3517;2147483728;3;15171619;2147487808;0;2147483732;0;80001040000000008000005400;e701a81133435db8fcd22008f8b67fe089510bb1b6645589d25e56d30fb74169
4026531872;3766484880;2356;3766484860;67;3504;2147483732;0;4274268035;4026531900;67;2147483736;0;f000003c000000438000005800;3b9928b526c97c9afa2b56c6ad3e899035d27ec93dc8a31e0105d936907bbbd7
4026531900;67;3519;0;0;0;2147483736;0;1542035;4026531900;68;2147483740;0;f000003c000000448000005c00;7e6901c11292b20e96235f59a1c40c0751184f32ee6c71ddf244463575e7572c
4026531872;3766484880;2356;4026531900;68;3520;2147483740;0;4277413411;3766484860;68;2147483744;0;e07fff7c000000448000006000;0e96970589c056bf0a702ebc285c9a6a884e878e70aac39fcb8f4e211bd5453e
4026531872;3766484880;2356;3766484860;68;3521;2147483744;0;4274267907;4026531896;68;2147483748;0;f0000038000000448000006400;082106e3e6c35ec4900ee878bef8f2352f95ea47e24dbab7649673f071e1bce5
4026531872;3766484880;2356;3766484836;70;2359;2147483748;0;4249102211;4026531900;70;2147483752;0;f000003c000000468000006800;91173b5f50a5fdedaa7bba9765568c392d4b65a4c6ae97a77336b608c628940b
4026531896;68;3522;4026531900;70;3523;2147483752;0;4244072163;0;0;2147483700;0;00000000000000008000003400;a703052daa1f4e1d530cb7eae7b375e4c094eb96a79fe2ffc7a6c312f59ff226
4026531872;3766484880;2356;3766484852;3766484900;2363;2147483700;0;4265879299;4026531896;3766484900;2147483704;0;f0000038e07fffa48000003800;0e65e8ff2b7e1ec92761fcbeb4b1a19a217b8de382d277e46ef75a46edb73173
4026531872;3766484880;2356;3766484860;68;3521;2147483704;0;4274268035;4026531900;68;2147483708;0;f000003c000000448000003c00;764e1e8f78234a82725977e9594a9145d65824864da8806482d84b8177c29515
4026531896;3766484900;3525;4026531900;68;3526;2147483708;0;16189235;4026531896;3766484968;2147483712;0;f0000038e07fffe88000004000;d705517e7d5412ca8e26c5a3c09eac4733ec5a0222a6797736606c184f327189
4026531872;3766484880;2356;3766484856;2147487744;2361;2147483712;0;4270073475;4026531892;2147487744;2147483716;0;f0000034800010008000004400;30f6ec8382f34d99655b389325974df4baab96600dc932e1184e55d7b5fe9db5
4026531872;3766484880;2356;3766484860;68;3521;2147483716;0;4274268035;4026531900;68;2147483720;0;f000003c000000448000004800;985791de5062a0208c34ee2377185433013b8800139da683270e30c554871476
4026531892;2147487744;3528;4026531900;68;3529;2147483720;0;16156595;4026531900;2147487812;2147483724;0;f000003c800010448000004c00;c26e8e26b5996c0ee2e23c85b77b246a90be7c86872002ec585f1260928fcc45
4026531896;3766484968;3527;3766484968;0;2230;2147483724;0;476931;4026531896;0;2147483728;0;f0000038000000008000005000;1fd9933a568cb45c08548685af108657814d41c1b40ba81ea14e19ad383fd869
4026531900;2147487812;3530;2147487812;4241760035;4294967295;2147483728;0;15171619;4026531968;4241760000;2147483728;1;f0000080fcd41f008000005001;e193dd08be78073ca569eaa791312d181855882b36d55165c3995e286e33dbc2
4026531900;2147487812;3530;4026531896;0;3531;2147483728;1;15171619;4026531972;0;2147483728;2;f0000084000000008000005002;f34145e2f684e97cc62e08a1fac6b3be664cb2494dde1027e4c0f227d2eead2c
4026531968;4241760000;3532;4026531972;0;3533;2147483728;2;15171619;4026531968;4241760000;2147483728;3;f0000080fcd41f008000005003;cef1367e2d6471caf418e3c471a90380dd6fa5d55821871502b75a8ad3ce1820
4026531900;2147487812;3530;4026531968;4241760000;3534;2147483728;3;15171619;2147487812;4241760000;2147483732;0;80001044fcd41f008000005400;9d58cac7f67a41e59fad8ac14ca834d735c8e729b6b25f5a9b31c649220889c9
4026531872;3766484880;2356;3766484860;68;3521;2147483732;0;4274268035;4026531900;68;2147483736;0;f000003c000000448000005800;c81eb7391ce84d9abbab128d17759ec1669d5764b830130f1c5c135bbfd3f56a
4026531900;68;3536;0;0;0;2147483736;0;1542035;4026531900;69;2147483740;0;f000003c000000458000005c00;f908b9551acd3abcc7fc33b6bb56746bea8fa6c6894d37f041fca93a5ab0a810
4026531872;3766484880;2356;4026531900;69;3537;2147483740;0;4277413411;3766484860;69;2147483744;0;e07fff7c000000458000006000;e8f81c242cf5494a9a4de123fbde421ca9ae9100052c5ca371b54e2049908e3f
4026531872;3766484880;2356;3766484860;69;3538;2147483744;0;4274267907;4026531896;69;2147483748;0;f0000038000000458000006400;2f88a901b70990222861a1f359bb278c731d56964d6e53832f1911a7f7eb40de
4026531872;3766484880;2356;3766484836;70;2359;2147483748;0;4249102211;4026531900;70;2147483752;0;f000003c000000468000006800;7ebd5de681ce966986e1e706b25ccc2098e85ed58bf203c7d5fae17a9f8c1883
4026531896;69;3539;4026531900;70;3540;2147483752;0;4244072163;0;0;2147483700;0;00000000000000008000003400;93ef513d19390b9f04b39435b945b11080d27608542430ed24d027478e2148dd
4026531872;3766484880;2356;3766484852;3766484900;2363;2147483700;0;4265879299;4026531896;3766484900;2147483704;0;f0000038e07fffa48000003800;e616d31f4589477f83001997255a7226d69908a1b5256c74607465c0a68a0414
4026531872;3766484880;2356;3766484860;69;3538;2147483704;0;4274268035;4026531900;69;2147483708;0;f000003c000000458000003c00;641bf059b78bc2ef25a5008e3ccc5c7ad2476343551924ff184a85d17d9e0483
4026531896;3766484900;3542;4026531900;69;3543;2147483708;0;16189235;4026531896;3766484969;2147483712;0;f0000038e07fffe98000004000;9b65a96a5e6fbba38b02dab5f978363508ba070b97c53eee4c1c3cc6c367bcd1
4026531872;3766484880;2356;3766484856;2147487744;2361;2147483712;0;4270073475;4026531892;2147487744;2147483716;0;f0000034800010008000004400;30c7f9b08dc3c2c19ffc7e9d0839309f2d4ef3a9ca935986f72c2c212fa2035e
4026531872;3766484880;2356;3766484860;69;3538;2147483716;0;4274268035;4026531900;69;2147483720;0;f000003c000000458000004800;13d6cb89c1b44ad64eec2a434983d6f05d28f8cc74f1c1d164a0f05d487185d6
4026531892;2147487744;3545;4026531900;69;3546;2147483720;0;16156595;4026531900;2147487813;2147483724;0;f000003c800010458000004c00;4f07395e5fbcaf813e0675abd6475257b781c8f35dd80ced6427195defd4b232
4026531896;3766484969;3544;3766484968;0;2230;2147483724;0;476931;4026531896;0;2147483728;0;f0000038000000008000005000;d46f31aa6a92ebbd665c6c6c6fc80c6035121033abc15c40ea9933bc68d1e4ac
4026531900;2147487813;3547;2147487812;4241760000;3535;2147483728;0;15171619;4026531968;4241752064;2147483728;1;f0000080fcd400008000005001;0d7c1b0840d491436d23f5f95742bcb9147b13add65ec38979518a4bd49eefc0
4026531900;2147487813;3547;4026531896;0;3548;2147483728;1;15171619;4026531972;0;2147483728;2;f0000084000000008000005002;451116759249ab6a01a72d31cb7edc70bbe9d6f0ed45010c079140ca2cb1e7ba
4026531968;4241752064;3549;4026531972;0;3550;2147483728;2;15171619;4026531968;4241752064;2147483728;3;f0000080fcd400008000005003;fd1e3ee213f35907ef239fd31fcfaed91bcd63d105d4fbb96bc834aebbfffc0d
4026531900;2147487813;3547;4026531968;4241752064;3551;2147483728;3;15171619;2147487812;4241752064;2147483732;0;80001044fcd400008000005400;5e04d8cc71c1f0b3b98669d0495237e383876537ce2ef41dac1dd9fde5312f3f
4026531872;3766484880;2356;3766484860;69;3538;2147483732;0;4274268035;4026531900;69;2147483736;0;f000003c000000458000005800;4b3863cbccf5119e9fc2dc6e423f9a3c80c31b267caf388fa17cb68c16011807
4026531900;69;3553;0;0;0;2147483736;0;1542035;4026531900;70;2147483740;0;f000003c000000468000005c00;c76d3c191f6793d93ed58dfb13ada50e556ab1d6937222475697734a7621d262
4026531872;3766484880;2356;4026531900;70;3554;2147483740;0;4277413411;3766484860;70;2147483744;0;e07fff7c000000468000006000;9ebce32b06ad47ea89efe3577f19c14bfdf7df340c428cabe86711209d01d1f6
4026531872;3766484880;2356;3766484860;70;3555;2147483744;0;4274267907;4026531896;70;2147483748;0;f0000038000000468000006400;4daa82ad74f077db7beb963e9e1b722bfa0e16af6e2f13f3bcdbc1b91369ccc1
4026531872;3766484880;2356;3766484836;70;2359;2147483748;0;4249102211;4026531900;70;2147483752;0;f000003c000000468000006800;fff5cabf02f2031b6a7b68562f1c16f32390ed7a60192a6eea67f431ee761127
4026531896;70;3556;4026531900;70;3557;2147483752;0;4244072163;0;0;2147483756;0;00000000000000008000006c00;56242f0da5b0f5c7841f3605af38fa28b6d909bf12b88ffde1b45d847b7c03dd
4026531872;3766484880;2356;3766484844;2147487744;2357;2147483756;0;4257490819;4026531900;2147487744;2147483760;0;f000003c800010008000007000;6887882cebff414f51844484ad992ddff7376d826369b06a01201712f44641e7
4026531900;2147487744;3559;0;0;0;2147483760;0;492819;4026531880;2147487744;2147483764;0;f0000028800010008000007400;cfde84f0c9226ecd36db8b6f4a595ea146b51d5d766c6df7192361fcf94f63a4
4026531848;3766484832;2353;3766484876;2147488556;2354;2147483764;0;46211203;4026531844;2147488556;2147483768;0;f00000048000132c8000007800;c27b64e3b32f37e6430fc03cb9a8cb8b830d69cb4ae513b56ad5993a9f5fbc4f
4026531848;3766484832;2353;3766484872;3766484992;2355;2147483768;0;42017795;4026531872;3766484992;2147483772;0;f0000020e08000008000007c00;f14a83e5815c3b14546cf58497c4e886ee3cbf767253a346a9dd4490be8130dc
4026531848;3766484832;2353;0;0;0;2147483772;0;50397459;4026531848;3766484880;2147483776;0;f0000008e07fff908000008000;d6c5a837ff58866f9dae58e99c25f0eb62c0701ccc1264931b391941f6063be3
4026531844;2147488556;3561;0;0;0;2147483776;0;32871;0;0;2147488556;0;00000000000000008000132c00;d43431a19117555d3d209cbe3247b627bbbe3ed419aecf7f8f9c50ca27a40cb6
4026531840;0;4294967295;0;0;0;2147488556;0;38798739;4026531884;37;2147488560;0;f000002c000000258000133000;32aaacb5ccbc072fedc2d318b5e09d907f72226108c51e99ff89d28b7813efc2
0;0;0;0;0;0;2147488560;0;2952791991;4026531900;2952790016;2147488564;0;f000003cb00000008000133400;8c93802d40927c9c54a001732cc5d3eaace23974109bddaa5d4fb415dc466dd9
4026531900;2952790016;3566;0;0;0;2147488564;0;625444115;4026531880;2952790612;2147488568;0;f0000028b00002548000133800;8b08f7faffba01144271e247026e327e4de246318f1b75f18e7a5a291a9a2ee1
0;0;0;0;0;0;2147488568;0;3881820399;4026531844;2147488572;2147484076;0;f00000048000133c800001ac00;543fe77e8c3fafc6fdd665e197d01296d184e6ff41f4577492f6739965cccc87
4026531848;3766484880;3563;0;0;0;2147484076;0;4261478675;4026531848;3766484848;2147484080;0;f0000008e07fff70800001b000;961bdeeb5691a0bf8af5627f750a2782284a2e11bdb3d9a17139d9a7649ec078
4026531848;3766484848;3569;4026531844;2147488572;3568;2147484080;0;1125923;3766484876;2147488572;2147484084;0;e07fff8c8000133c800001b400;39862304fc5eb60038d91804c64774c78c33bc985b628f69149f06a1e3fc72e4
4026531848;3766484848;3569;4026531872;3766484992;3562;2147484084;0;8465443;3766484872;3766484992;2147484088;0;e07fff88e0800000800001b800;0f77cd037180c767294943a5114db0f23d8e4e325cefede8323ec7d583c93fbd
4026531848;3766484848;3569;0;0;0;2147484088;0;33621011;4026531872;3766484880;2147484092;0;f0000020e07fff90800001bc00;e2166cc4a899a4facc273738e23873c182883fcb43d213129c0c4ab4156d75ac
4026531872;3766484880;3572;4026531880;2952790612;3567;2147484092;0;4272170531;3766484860;2952790612;2147484096;0;e07fff7cb0000254800001c000;7d882e7e8d428205a4510a2a3af588481940b672dcf73511329f084bcbe1a8da
4026531872;3766484880;3572;4026531884;37;3565;2147484096;0;4273218595;3766484856;37;2147484100;0;e07fff7800000025800001c400;41337387bf41b6fcb0773b7746629223fd0166ba1570e5e289ac9b7f4698c7f4
0;0;0;0;0;0;2147484100;0;19;0;0;2147484104;0;0000000000000000800001c800;fde398d22f2ca4fe6590b2f83749de12238cc62a6c2d2a0add0eb7f1805e7b96
4026531848;3766484848;3569;3766484876;2147488572;3570;2147484104;0;29433987;4026531844;2147488572;2147484108;0;f00000048000133c800001cc00;aabc20024074a1fe78662a41d32b3014fd3282f34eec925cfe872379a276fd3e
4026531848;3766484848;3569;3766484872;3766484992;3571;2147484108;0;25240579;4026531872;3766484992;2147484112;0;f0000020e0800000800001d000;63ff8f86108cdc3e9a6a6dbeb437925c316b4d5526593e96bd18ad829326440d
4026531848;3766484848;3569;0;0;0;2147484112;0;33620243;4026531848;3766484880;2147484116;0;f0000008e07fff90800001d400;7b83b4e3ec144f0150ae6bf2578d57ac0c9999022b5d3d131b5bd1872bafd453
4026531844;2147488572;3576;0;0;0;2147484116;0;32871;0;0;2147488572;0;00000000000000008000133c00;44f0f2e3ce5bfad21a9bb48b117878a6dec1339f54e4d571f46ab5152778b967
4026531872;3766484992;3577;3766484904;0;2248;2147488572;0;4202964867;4026531900;0;2147488576;0;f000003c000000008000134000;c067887c90ee4a48ac3f46f4fd93cccb506aefb2b298c8722ca5736e041ec773
4026531900;0;3580;0;0;0;2147488576;0;17291155;4026531900;0;2147488580;0;f000003c000000008000134400;27c7bd37956d99bb15f58ef4b6db34332a8c97d59a47e5434c630807522327cc
4026531872;3766484992;3577;3766484908;0;2254;2147488580;0;4207159043;4026531896;0;2147488584;0;f0000038000000008000134800;3b09391bfd0c82431a46401ca48a9e54d22736e3dee3fe160176a2ecc4c3bdb9
4026531896;0;3582;0;0;0;2147488584;0;17241875;4026531896;0;2147488588;0;f0000038000000008000134c00;b3adf26c6741b78251783ba22fe75745829ccd377a8359a6110d4dec5065ae77
4026531896;0;3583;0;0;0;2147488588;0;17258259;4026531896;0;2147488592;0;f0000038000000008000135000;4c4d631ea50357f5c9636b3b8c23572edd6c0b3e3260e7f2f1740df8cc38bc31
4026531896;0;3584;0;0;0;2147488592;0;17241875;4026531896;0;2147488596;0;f0000038000000008000135400;030d6bec47cecb7e7ed5e8aa80d5f11fdf36643f5bad25f6ed1f63ed3b0eb782
4026531896;0;3585;4026531900;0;3581;2147488596;0;16213939;4026531900;0;2147488600;0;f000003c000000008000135800;3946266e6840b7a33c489ac7d17adf7522490e358e918b6d3fd040406183ebf7
4026531900;0;3586;0;0;0;2147488600;0;1554323;4026531900;1;2147488604;0;f000003c000000018000135c00;f6811b3485f8af6e1f617283fecca4dc8bf877d198ad921e8edc67da3d635187
4026531900;1;3587;0;0;0;2147488604;0;267909011;4026531900;1;2147488608;0;f000003c000000018000136000;9ccc1c6623e64083d41695299fc7c1d04a1f1e688ba44c9f8f00eefc0ac9c016
4026531900;1;3588;0;0;0;2147488608;0;492819;4026531880;1;2147488612;0;f0000028000000018000136400;801b30542ba4fbe04f8cae0a0cc816eba9958ae762d7bae1bbe5c235d7006f29
4026531848;3766484880;3578;3766484988;2147489432;3;2147488612;0;113320067;4026531844;2147489432;2147488616;0;f0000004800016988000136800;8e4283e15e67205f59f0840d8e77b25dad9afd34e65774dd9bc0e2c1cd670083
4026531848;3766484880;3578;3766484984;0;4;2147488616;0;109126659;4026531872;0;2147488620;0;f0000020000000008000136c00;992007fb87d786249e7b08786d7bf2bb3125e2f91fec9ad55009cab86d5d5db9
4026531848;3766484880;3578;0;0;0;2147488620;0;117506323;4026531848;3766484992;2147488624;0;f0000008e08000008000137000;d56086d4f3a08605e878b9d674f4f01b5543e1e073459d7863035dc32c6ff2ce
4026531844;2147489432;3590;0;0;0;2147488624;0;32871;0;0;2147489432;0;00000000000000008000169800;f0a39504bc63b12db558d082e2b37b90a88ede709035dcf12eeaedaa52d501b6
0;0;0;0;0;0;2147489432;0;4194415;0;0;2147489436;0;00000000000000008000169c00;fad4daa61486af1186455aaa68fc27612a0637c74f3fdd23fc793f30f8fe53c2
4026531840;0;4294967295;0;0;0;2147489436;0;97519763;4026531908;93;2147489440;0;f00000440000005d800016a000;a3218b58a8d0abe54c820776ff2a21100428e7b42c9f8aa421e177da272ed2f5
4026531908;93;3595;4026531880;1;3589;2147489440;0;115;4026531880;1;2147489440;0;f000002800000001800016a000;9cc626dfe6cd76df6a70a523fe69adc21e4f8a11e9cf4cd3ed259976275f6317
